Copyright 1986-2022 Xilinx, Inc. All Rights Reserved. Copyright 2022-2025 Advanced Micro Devices, Inc. All Rights Reserved.
---------------------------------------------------------------------------------------------------------------------------------------------
| Tool Version : Vivado v.2025.2 (win64) Build 6299465 Fri Nov 14 19:35:11 GMT 2025
| Date         : Fri Jun  5 16:04:50 2026
| Host         : Nevgi running 64-bit major release  (build 9200)
| Command      : report_drc -file C:/fpga_projects/adaptive-gs-mimo-detector/syn/reports/drc.rpt
| Design       : mimo_detector_top_synth_wrapper
| Device       : xc7a200tfbg484-2
| Speed File   : -2
| Design State : Synthesized
---------------------------------------------------------------------------------------------------------------------------------------------

Report DRC

Table of Contents
-----------------
1. REPORT SUMMARY
2. REPORT DETAILS

1. REPORT SUMMARY
-----------------
            Netlist: mimo_detector_top_synth_wrapper
          Floorplan: design_1
      Design limits: <entire design considered>
           Ruledeck: default
             Max checks: <unlimited>
             Checks found: 1028
+----------+------------------+-----------------------------------------------------+--------+
| Rule     | Severity         | Description                                         | Checks |
+----------+------------------+-----------------------------------------------------+--------+
| NSTD-1   | Critical Warning | Unspecified I/O Standard                            | 1      |
| UCIO-1   | Critical Warning | Unconstrained Logical Port                          | 1      |
| CFGBVS-1 | Warning          | Missing CFGBVS and CONFIG_VOLTAGE Design Properties | 1      |
| DPIP-1   | Warning          | Input pipelining                                    | 672    |
| DPOP-1   | Warning          | PREG Output pipelining                              | 176    |
| DPOP-2   | Warning          | MREG Output pipelining                              | 176    |
| IOCNT-1  | Warning          | Number of IOs                                       | 1      |
+----------+------------------+-----------------------------------------------------+--------+

2. REPORT DETAILS
-----------------
NSTD-1#1 Critical Warning
Unspecified I/O Standard  
809 out of 809 logical ports use I/O standard (IOSTANDARD) value 'DEFAULT', instead of a user assigned specific value. This may cause I/O contention or incompatibility with the board power or connectivity affecting performance, signal integrity or in extreme cases cause damage to the device or the components to which it is connected. To correct this violation, specify all I/O standards. This design will fail to generate a bitstream unless all logical ports have a user specified I/O standard value defined. To allow bitstream creation with unspecified I/O standard values (not recommended), use this command: set_property SEVERITY {Warning} [get_drc_checks NSTD-1].  NOTE: When using the Vivado Runs infrastructure (e.g. launch_runs Tcl command), add this command to a .tcl file and add that file as a pre-hook for write_bitstream step for the implementation run. Problem ports: H_im_flat[255:0], H_re_flat[255:0], bits_flat[7:0], mode[1:0],
noise_var[19:0], num_iters[4:0], snr_level[1:0], xout_im_flat[63:0],
xout_re_flat[63:0], y_im_flat[63:0], y_re_flat[63:0], clk, done, rst_n.
Related violations: <none>

UCIO-1#1 Critical Warning
Unconstrained Logical Port  
809 out of 809 logical ports have no user assigned specific location constraint (LOC). This may cause I/O contention or incompatibility with the board power or connectivity affecting performance, signal integrity or in extreme cases cause damage to the device or the components to which it is connected. To correct this violation, specify all pin locations. This design will fail to generate a bitstream unless all logical ports have a user specified site LOC constraint defined.  To allow bitstream creation with unspecified pin locations (not recommended), use this command: set_property SEVERITY {Warning} [get_drc_checks UCIO-1].  NOTE: When using the Vivado Runs infrastructure (e.g. launch_runs Tcl command), add this command to a .tcl file and add that file as a pre-hook for write_bitstream step for the implementation run.  Problem ports: H_im_flat[255:0], H_re_flat[255:0], bits_flat[7:0], mode[1:0],
noise_var[19:0], num_iters[4:0], snr_level[1:0], xout_im_flat[63:0],
xout_re_flat[63:0], y_im_flat[63:0], y_re_flat[63:0], clk, done, rst_n.
Related violations: <none>

CFGBVS-1#1 Warning
Missing CFGBVS and CONFIG_VOLTAGE Design Properties  
Neither the CFGBVS nor CONFIG_VOLTAGE voltage property is set in the current_design.  Configuration bank voltage select (CFGBVS) must be set to VCCO or GND, and CONFIG_VOLTAGE must be set to the correct configuration voltage, in order to determine the I/O voltage support for the pins in bank 0.  It is suggested to specify these either using the 'Edit Device Properties' function in the GUI or directly in the XDC file using the following syntax:

 set_property CFGBVS value1 [current_design]
 #where value1 is either VCCO or GND

 set_property CONFIG_VOLTAGE value2 [current_design]
 #where value2 is the voltage provided to configuration bank 0

Refer to the device configuration user guide for more information.
Related violations: <none>

DPIP-1#1 Warning
Input pipelining  
DSP u_mimo_detector_top/u_gram_matrix_compute/(null)[0].(null)[0].value1 input u_mimo_detector_top/u_gram_matrix_compute/(null)[0].(null)[0].value1/A[29:0] is not pipelined. Pipelining DSP48 input will improve performance.
Related violations: <none>

DPIP-1#2 Warning
Input pipelining  
DSP u_mimo_detector_top/u_gram_matrix_compute/(null)[0].(null)[0].value1 input u_mimo_detector_top/u_gram_matrix_compute/(null)[0].(null)[0].value1/B[17:0] is not pipelined. Pipelining DSP48 input will improve performance.
Related violations: <none>

DPIP-1#3 Warning
Input pipelining  
DSP u_mimo_detector_top/u_gram_matrix_compute/(null)[0].(null)[0].value1__0 input u_mimo_detector_top/u_gram_matrix_compute/(null)[0].(null)[0].value1__0/A[29:0] is not pipelined. Pipelining DSP48 input will improve performance.
Related violations: <none>

DPIP-1#4 Warning
Input pipelining  
DSP u_mimo_detector_top/u_gram_matrix_compute/(null)[0].(null)[0].value1__0 input u_mimo_detector_top/u_gram_matrix_compute/(null)[0].(null)[0].value1__0/B[17:0] is not pipelined. Pipelining DSP48 input will improve performance.
Related violations: <none>

DPIP-1#5 Warning
Input pipelining  
DSP u_mimo_detector_top/u_gram_matrix_compute/(null)[0].(null)[0].value1__1 input u_mimo_detector_top/u_gram_matrix_compute/(null)[0].(null)[0].value1__1/A[29:0] is not pipelined. Pipelining DSP48 input will improve performance.
Related violations: <none>

DPIP-1#6 Warning
Input pipelining  
DSP u_mimo_detector_top/u_gram_matrix_compute/(null)[0].(null)[0].value1__1 input u_mimo_detector_top/u_gram_matrix_compute/(null)[0].(null)[0].value1__1/B[17:0] is not pipelined. Pipelining DSP48 input will improve performance.
Related violations: <none>

DPIP-1#7 Warning
Input pipelining  
DSP u_mimo_detector_top/u_gram_matrix_compute/(null)[0].(null)[0].value1__10 input u_mimo_detector_top/u_gram_matrix_compute/(null)[0].(null)[0].value1__10/A[29:0] is not pipelined. Pipelining DSP48 input will improve performance.
Related violations: <none>

DPIP-1#8 Warning
Input pipelining  
DSP u_mimo_detector_top/u_gram_matrix_compute/(null)[0].(null)[0].value1__10 input u_mimo_detector_top/u_gram_matrix_compute/(null)[0].(null)[0].value1__10/B[17:0] is not pipelined. Pipelining DSP48 input will improve performance.
Related violations: <none>

DPIP-1#9 Warning
Input pipelining  
DSP u_mimo_detector_top/u_gram_matrix_compute/(null)[0].(null)[0].value1__11 input u_mimo_detector_top/u_gram_matrix_compute/(null)[0].(null)[0].value1__11/A[29:0] is not pipelined. Pipelining DSP48 input will improve performance.
Related violations: <none>

DPIP-1#10 Warning
Input pipelining  
DSP u_mimo_detector_top/u_gram_matrix_compute/(null)[0].(null)[0].value1__11 input u_mimo_detector_top/u_gram_matrix_compute/(null)[0].(null)[0].value1__11/B[17:0] is not pipelined. Pipelining DSP48 input will improve performance.
Related violations: <none>

DPIP-1#11 Warning
Input pipelining  
DSP u_mimo_detector_top/u_gram_matrix_compute/(null)[0].(null)[0].value1__12 input u_mimo_detector_top/u_gram_matrix_compute/(null)[0].(null)[0].value1__12/A[29:0] is not pipelined. Pipelining DSP48 input will improve performance.
Related violations: <none>

DPIP-1#12 Warning
Input pipelining  
DSP u_mimo_detector_top/u_gram_matrix_compute/(null)[0].(null)[0].value1__12 input u_mimo_detector_top/u_gram_matrix_compute/(null)[0].(null)[0].value1__12/B[17:0] is not pipelined. Pipelining DSP48 input will improve performance.
Related violations: <none>

DPIP-1#13 Warning
Input pipelining  
DSP u_mimo_detector_top/u_gram_matrix_compute/(null)[0].(null)[0].value1__13 input u_mimo_detector_top/u_gram_matrix_compute/(null)[0].(null)[0].value1__13/A[29:0] is not pipelined. Pipelining DSP48 input will improve performance.
Related violations: <none>

DPIP-1#14 Warning
Input pipelining  
DSP u_mimo_detector_top/u_gram_matrix_compute/(null)[0].(null)[0].value1__13 input u_mimo_detector_top/u_gram_matrix_compute/(null)[0].(null)[0].value1__13/B[17:0] is not pipelined. Pipelining DSP48 input will improve performance.
Related violations: <none>

DPIP-1#15 Warning
Input pipelining  
DSP u_mimo_detector_top/u_gram_matrix_compute/(null)[0].(null)[0].value1__14 input u_mimo_detector_top/u_gram_matrix_compute/(null)[0].(null)[0].value1__14/A[29:0] is not pipelined. Pipelining DSP48 input will improve performance.
Related violations: <none>

DPIP-1#16 Warning
Input pipelining  
DSP u_mimo_detector_top/u_gram_matrix_compute/(null)[0].(null)[0].value1__14 input u_mimo_detector_top/u_gram_matrix_compute/(null)[0].(null)[0].value1__14/B[17:0] is not pipelined. Pipelining DSP48 input will improve performance.
Related violations: <none>

DPIP-1#17 Warning
Input pipelining  
DSP u_mimo_detector_top/u_gram_matrix_compute/(null)[0].(null)[0].value1__15 input u_mimo_detector_top/u_gram_matrix_compute/(null)[0].(null)[0].value1__15/A[29:0] is not pipelined. Pipelining DSP48 input will improve performance.
Related violations: <none>

DPIP-1#18 Warning
Input pipelining  
DSP u_mimo_detector_top/u_gram_matrix_compute/(null)[0].(null)[0].value1__15 input u_mimo_detector_top/u_gram_matrix_compute/(null)[0].(null)[0].value1__15/B[17:0] is not pipelined. Pipelining DSP48 input will improve performance.
Related violations: <none>

DPIP-1#19 Warning
Input pipelining  
DSP u_mimo_detector_top/u_gram_matrix_compute/(null)[0].(null)[0].value1__16 input u_mimo_detector_top/u_gram_matrix_compute/(null)[0].(null)[0].value1__16/A[29:0] is not pipelined. Pipelining DSP48 input will improve performance.
Related violations: <none>

DPIP-1#20 Warning
Input pipelining  
DSP u_mimo_detector_top/u_gram_matrix_compute/(null)[0].(null)[0].value1__16 input u_mimo_detector_top/u_gram_matrix_compute/(null)[0].(null)[0].value1__16/B[17:0] is not pipelined. Pipelining DSP48 input will improve performance.
Related violations: <none>

DPIP-1#21 Warning
Input pipelining  
DSP u_mimo_detector_top/u_gram_matrix_compute/(null)[0].(null)[0].value1__17 input u_mimo_detector_top/u_gram_matrix_compute/(null)[0].(null)[0].value1__17/A[29:0] is not pipelined. Pipelining DSP48 input will improve performance.
Related violations: <none>

DPIP-1#22 Warning
Input pipelining  
DSP u_mimo_detector_top/u_gram_matrix_compute/(null)[0].(null)[0].value1__17 input u_mimo_detector_top/u_gram_matrix_compute/(null)[0].(null)[0].value1__17/B[17:0] is not pipelined. Pipelining DSP48 input will improve performance.
Related violations: <none>

DPIP-1#23 Warning
Input pipelining  
DSP u_mimo_detector_top/u_gram_matrix_compute/(null)[0].(null)[0].value1__18 input u_mimo_detector_top/u_gram_matrix_compute/(null)[0].(null)[0].value1__18/A[29:0] is not pipelined. Pipelining DSP48 input will improve performance.
Related violations: <none>

DPIP-1#24 Warning
Input pipelining  
DSP u_mimo_detector_top/u_gram_matrix_compute/(null)[0].(null)[0].value1__18 input u_mimo_detector_top/u_gram_matrix_compute/(null)[0].(null)[0].value1__18/B[17:0] is not pipelined. Pipelining DSP48 input will improve performance.
Related violations: <none>

DPIP-1#25 Warning
Input pipelining  
DSP u_mimo_detector_top/u_gram_matrix_compute/(null)[0].(null)[0].value1__19 input u_mimo_detector_top/u_gram_matrix_compute/(null)[0].(null)[0].value1__19/A[29:0] is not pipelined. Pipelining DSP48 input will improve performance.
Related violations: <none>

DPIP-1#26 Warning
Input pipelining  
DSP u_mimo_detector_top/u_gram_matrix_compute/(null)[0].(null)[0].value1__19 input u_mimo_detector_top/u_gram_matrix_compute/(null)[0].(null)[0].value1__19/B[17:0] is not pipelined. Pipelining DSP48 input will improve performance.
Related violations: <none>

DPIP-1#27 Warning
Input pipelining  
DSP u_mimo_detector_top/u_gram_matrix_compute/(null)[0].(null)[0].value1__2 input u_mimo_detector_top/u_gram_matrix_compute/(null)[0].(null)[0].value1__2/A[29:0] is not pipelined. Pipelining DSP48 input will improve performance.
Related violations: <none>

DPIP-1#28 Warning
Input pipelining  
DSP u_mimo_detector_top/u_gram_matrix_compute/(null)[0].(null)[0].value1__2 input u_mimo_detector_top/u_gram_matrix_compute/(null)[0].(null)[0].value1__2/B[17:0] is not pipelined. Pipelining DSP48 input will improve performance.
Related violations: <none>

DPIP-1#29 Warning
Input pipelining  
DSP u_mimo_detector_top/u_gram_matrix_compute/(null)[0].(null)[0].value1__20 input u_mimo_detector_top/u_gram_matrix_compute/(null)[0].(null)[0].value1__20/A[29:0] is not pipelined. Pipelining DSP48 input will improve performance.
Related violations: <none>

DPIP-1#30 Warning
Input pipelining  
DSP u_mimo_detector_top/u_gram_matrix_compute/(null)[0].(null)[0].value1__20 input u_mimo_detector_top/u_gram_matrix_compute/(null)[0].(null)[0].value1__20/B[17:0] is not pipelined. Pipelining DSP48 input will improve performance.
Related violations: <none>

DPIP-1#31 Warning
Input pipelining  
DSP u_mimo_detector_top/u_gram_matrix_compute/(null)[0].(null)[0].value1__21 input u_mimo_detector_top/u_gram_matrix_compute/(null)[0].(null)[0].value1__21/A[29:0] is not pipelined. Pipelining DSP48 input will improve performance.
Related violations: <none>

DPIP-1#32 Warning
Input pipelining  
DSP u_mimo_detector_top/u_gram_matrix_compute/(null)[0].(null)[0].value1__21 input u_mimo_detector_top/u_gram_matrix_compute/(null)[0].(null)[0].value1__21/B[17:0] is not pipelined. Pipelining DSP48 input will improve performance.
Related violations: <none>

DPIP-1#33 Warning
Input pipelining  
DSP u_mimo_detector_top/u_gram_matrix_compute/(null)[0].(null)[0].value1__22 input u_mimo_detector_top/u_gram_matrix_compute/(null)[0].(null)[0].value1__22/A[29:0] is not pipelined. Pipelining DSP48 input will improve performance.
Related violations: <none>

DPIP-1#34 Warning
Input pipelining  
DSP u_mimo_detector_top/u_gram_matrix_compute/(null)[0].(null)[0].value1__22 input u_mimo_detector_top/u_gram_matrix_compute/(null)[0].(null)[0].value1__22/B[17:0] is not pipelined. Pipelining DSP48 input will improve performance.
Related violations: <none>

DPIP-1#35 Warning
Input pipelining  
DSP u_mimo_detector_top/u_gram_matrix_compute/(null)[0].(null)[0].value1__23 input u_mimo_detector_top/u_gram_matrix_compute/(null)[0].(null)[0].value1__23/A[29:0] is not pipelined. Pipelining DSP48 input will improve performance.
Related violations: <none>

DPIP-1#36 Warning
Input pipelining  
DSP u_mimo_detector_top/u_gram_matrix_compute/(null)[0].(null)[0].value1__23 input u_mimo_detector_top/u_gram_matrix_compute/(null)[0].(null)[0].value1__23/B[17:0] is not pipelined. Pipelining DSP48 input will improve performance.
Related violations: <none>

DPIP-1#37 Warning
Input pipelining  
DSP u_mimo_detector_top/u_gram_matrix_compute/(null)[0].(null)[0].value1__24 input u_mimo_detector_top/u_gram_matrix_compute/(null)[0].(null)[0].value1__24/A[29:0] is not pipelined. Pipelining DSP48 input will improve performance.
Related violations: <none>

DPIP-1#38 Warning
Input pipelining  
DSP u_mimo_detector_top/u_gram_matrix_compute/(null)[0].(null)[0].value1__24 input u_mimo_detector_top/u_gram_matrix_compute/(null)[0].(null)[0].value1__24/B[17:0] is not pipelined. Pipelining DSP48 input will improve performance.
Related violations: <none>

DPIP-1#39 Warning
Input pipelining  
DSP u_mimo_detector_top/u_gram_matrix_compute/(null)[0].(null)[0].value1__25 input u_mimo_detector_top/u_gram_matrix_compute/(null)[0].(null)[0].value1__25/A[29:0] is not pipelined. Pipelining DSP48 input will improve performance.
Related violations: <none>

DPIP-1#40 Warning
Input pipelining  
DSP u_mimo_detector_top/u_gram_matrix_compute/(null)[0].(null)[0].value1__25 input u_mimo_detector_top/u_gram_matrix_compute/(null)[0].(null)[0].value1__25/B[17:0] is not pipelined. Pipelining DSP48 input will improve performance.
Related violations: <none>

DPIP-1#41 Warning
Input pipelining  
DSP u_mimo_detector_top/u_gram_matrix_compute/(null)[0].(null)[0].value1__26 input u_mimo_detector_top/u_gram_matrix_compute/(null)[0].(null)[0].value1__26/A[29:0] is not pipelined. Pipelining DSP48 input will improve performance.
Related violations: <none>

DPIP-1#42 Warning
Input pipelining  
DSP u_mimo_detector_top/u_gram_matrix_compute/(null)[0].(null)[0].value1__26 input u_mimo_detector_top/u_gram_matrix_compute/(null)[0].(null)[0].value1__26/B[17:0] is not pipelined. Pipelining DSP48 input will improve performance.
Related violations: <none>

DPIP-1#43 Warning
Input pipelining  
DSP u_mimo_detector_top/u_gram_matrix_compute/(null)[0].(null)[0].value1__27 input u_mimo_detector_top/u_gram_matrix_compute/(null)[0].(null)[0].value1__27/A[29:0] is not pipelined. Pipelining DSP48 input will improve performance.
Related violations: <none>

DPIP-1#44 Warning
Input pipelining  
DSP u_mimo_detector_top/u_gram_matrix_compute/(null)[0].(null)[0].value1__27 input u_mimo_detector_top/u_gram_matrix_compute/(null)[0].(null)[0].value1__27/B[17:0] is not pipelined. Pipelining DSP48 input will improve performance.
Related violations: <none>

DPIP-1#45 Warning
Input pipelining  
DSP u_mimo_detector_top/u_gram_matrix_compute/(null)[0].(null)[0].value1__28 input u_mimo_detector_top/u_gram_matrix_compute/(null)[0].(null)[0].value1__28/A[29:0] is not pipelined. Pipelining DSP48 input will improve performance.
Related violations: <none>

DPIP-1#46 Warning
Input pipelining  
DSP u_mimo_detector_top/u_gram_matrix_compute/(null)[0].(null)[0].value1__28 input u_mimo_detector_top/u_gram_matrix_compute/(null)[0].(null)[0].value1__28/B[17:0] is not pipelined. Pipelining DSP48 input will improve performance.
Related violations: <none>

DPIP-1#47 Warning
Input pipelining  
DSP u_mimo_detector_top/u_gram_matrix_compute/(null)[0].(null)[0].value1__29 input u_mimo_detector_top/u_gram_matrix_compute/(null)[0].(null)[0].value1__29/A[29:0] is not pipelined. Pipelining DSP48 input will improve performance.
Related violations: <none>

DPIP-1#48 Warning
Input pipelining  
DSP u_mimo_detector_top/u_gram_matrix_compute/(null)[0].(null)[0].value1__29 input u_mimo_detector_top/u_gram_matrix_compute/(null)[0].(null)[0].value1__29/B[17:0] is not pipelined. Pipelining DSP48 input will improve performance.
Related violations: <none>

DPIP-1#49 Warning
Input pipelining  
DSP u_mimo_detector_top/u_gram_matrix_compute/(null)[0].(null)[0].value1__3 input u_mimo_detector_top/u_gram_matrix_compute/(null)[0].(null)[0].value1__3/A[29:0] is not pipelined. Pipelining DSP48 input will improve performance.
Related violations: <none>

DPIP-1#50 Warning
Input pipelining  
DSP u_mimo_detector_top/u_gram_matrix_compute/(null)[0].(null)[0].value1__3 input u_mimo_detector_top/u_gram_matrix_compute/(null)[0].(null)[0].value1__3/B[17:0] is not pipelined. Pipelining DSP48 input will improve performance.
Related violations: <none>

DPIP-1#51 Warning
Input pipelining  
DSP u_mimo_detector_top/u_gram_matrix_compute/(null)[0].(null)[0].value1__30 input u_mimo_detector_top/u_gram_matrix_compute/(null)[0].(null)[0].value1__30/A[29:0] is not pipelined. Pipelining DSP48 input will improve performance.
Related violations: <none>

DPIP-1#52 Warning
Input pipelining  
DSP u_mimo_detector_top/u_gram_matrix_compute/(null)[0].(null)[0].value1__30 input u_mimo_detector_top/u_gram_matrix_compute/(null)[0].(null)[0].value1__30/B[17:0] is not pipelined. Pipelining DSP48 input will improve performance.
Related violations: <none>

DPIP-1#53 Warning
Input pipelining  
DSP u_mimo_detector_top/u_gram_matrix_compute/(null)[0].(null)[0].value1__4 input u_mimo_detector_top/u_gram_matrix_compute/(null)[0].(null)[0].value1__4/A[29:0] is not pipelined. Pipelining DSP48 input will improve performance.
Related violations: <none>

DPIP-1#54 Warning
Input pipelining  
DSP u_mimo_detector_top/u_gram_matrix_compute/(null)[0].(null)[0].value1__4 input u_mimo_detector_top/u_gram_matrix_compute/(null)[0].(null)[0].value1__4/B[17:0] is not pipelined. Pipelining DSP48 input will improve performance.
Related violations: <none>

DPIP-1#55 Warning
Input pipelining  
DSP u_mimo_detector_top/u_gram_matrix_compute/(null)[0].(null)[0].value1__5 input u_mimo_detector_top/u_gram_matrix_compute/(null)[0].(null)[0].value1__5/A[29:0] is not pipelined. Pipelining DSP48 input will improve performance.
Related violations: <none>

DPIP-1#56 Warning
Input pipelining  
DSP u_mimo_detector_top/u_gram_matrix_compute/(null)[0].(null)[0].value1__5 input u_mimo_detector_top/u_gram_matrix_compute/(null)[0].(null)[0].value1__5/B[17:0] is not pipelined. Pipelining DSP48 input will improve performance.
Related violations: <none>

DPIP-1#57 Warning
Input pipelining  
DSP u_mimo_detector_top/u_gram_matrix_compute/(null)[0].(null)[0].value1__6 input u_mimo_detector_top/u_gram_matrix_compute/(null)[0].(null)[0].value1__6/A[29:0] is not pipelined. Pipelining DSP48 input will improve performance.
Related violations: <none>

DPIP-1#58 Warning
Input pipelining  
DSP u_mimo_detector_top/u_gram_matrix_compute/(null)[0].(null)[0].value1__6 input u_mimo_detector_top/u_gram_matrix_compute/(null)[0].(null)[0].value1__6/B[17:0] is not pipelined. Pipelining DSP48 input will improve performance.
Related violations: <none>

DPIP-1#59 Warning
Input pipelining  
DSP u_mimo_detector_top/u_gram_matrix_compute/(null)[0].(null)[0].value1__7 input u_mimo_detector_top/u_gram_matrix_compute/(null)[0].(null)[0].value1__7/A[29:0] is not pipelined. Pipelining DSP48 input will improve performance.
Related violations: <none>

DPIP-1#60 Warning
Input pipelining  
DSP u_mimo_detector_top/u_gram_matrix_compute/(null)[0].(null)[0].value1__7 input u_mimo_detector_top/u_gram_matrix_compute/(null)[0].(null)[0].value1__7/B[17:0] is not pipelined. Pipelining DSP48 input will improve performance.
Related violations: <none>

DPIP-1#61 Warning
Input pipelining  
DSP u_mimo_detector_top/u_gram_matrix_compute/(null)[0].(null)[0].value1__8 input u_mimo_detector_top/u_gram_matrix_compute/(null)[0].(null)[0].value1__8/A[29:0] is not pipelined. Pipelining DSP48 input will improve performance.
Related violations: <none>

DPIP-1#62 Warning
Input pipelining  
DSP u_mimo_detector_top/u_gram_matrix_compute/(null)[0].(null)[0].value1__8 input u_mimo_detector_top/u_gram_matrix_compute/(null)[0].(null)[0].value1__8/B[17:0] is not pipelined. Pipelining DSP48 input will improve performance.
Related violations: <none>

DPIP-1#63 Warning
Input pipelining  
DSP u_mimo_detector_top/u_gram_matrix_compute/(null)[0].(null)[0].value1__9 input u_mimo_detector_top/u_gram_matrix_compute/(null)[0].(null)[0].value1__9/A[29:0] is not pipelined. Pipelining DSP48 input will improve performance.
Related violations: <none>

DPIP-1#64 Warning
Input pipelining  
DSP u_mimo_detector_top/u_gram_matrix_compute/(null)[0].(null)[0].value1__9 input u_mimo_detector_top/u_gram_matrix_compute/(null)[0].(null)[0].value1__9/B[17:0] is not pipelined. Pipelining DSP48 input will improve performance.
Related violations: <none>

DPIP-1#65 Warning
Input pipelining  
DSP u_mimo_detector_top/u_gram_matrix_compute/(null)[0].(null)[0].value2 input u_mimo_detector_top/u_gram_matrix_compute/(null)[0].(null)[0].value2/A[29:0] is not pipelined. Pipelining DSP48 input will improve performance.
Related violations: <none>

DPIP-1#66 Warning
Input pipelining  
DSP u_mimo_detector_top/u_gram_matrix_compute/(null)[0].(null)[0].value2 input u_mimo_detector_top/u_gram_matrix_compute/(null)[0].(null)[0].value2/B[17:0] is not pipelined. Pipelining DSP48 input will improve performance.
Related violations: <none>

DPIP-1#67 Warning
Input pipelining  
DSP u_mimo_detector_top/u_gram_matrix_compute/(null)[0].(null)[0].value2__0 input u_mimo_detector_top/u_gram_matrix_compute/(null)[0].(null)[0].value2__0/A[29:0] is not pipelined. Pipelining DSP48 input will improve performance.
Related violations: <none>

DPIP-1#68 Warning
Input pipelining  
DSP u_mimo_detector_top/u_gram_matrix_compute/(null)[0].(null)[0].value2__0 input u_mimo_detector_top/u_gram_matrix_compute/(null)[0].(null)[0].value2__0/B[17:0] is not pipelined. Pipelining DSP48 input will improve performance.
Related violations: <none>

DPIP-1#69 Warning
Input pipelining  
DSP u_mimo_detector_top/u_gram_matrix_compute/(null)[0].(null)[0].value2__1 input u_mimo_detector_top/u_gram_matrix_compute/(null)[0].(null)[0].value2__1/A[29:0] is not pipelined. Pipelining DSP48 input will improve performance.
Related violations: <none>

DPIP-1#70 Warning
Input pipelining  
DSP u_mimo_detector_top/u_gram_matrix_compute/(null)[0].(null)[0].value2__1 input u_mimo_detector_top/u_gram_matrix_compute/(null)[0].(null)[0].value2__1/B[17:0] is not pipelined. Pipelining DSP48 input will improve performance.
Related violations: <none>

DPIP-1#71 Warning
Input pipelining  
DSP u_mimo_detector_top/u_gram_matrix_compute/(null)[0].(null)[0].value2__10 input u_mimo_detector_top/u_gram_matrix_compute/(null)[0].(null)[0].value2__10/A[29:0] is not pipelined. Pipelining DSP48 input will improve performance.
Related violations: <none>

DPIP-1#72 Warning
Input pipelining  
DSP u_mimo_detector_top/u_gram_matrix_compute/(null)[0].(null)[0].value2__10 input u_mimo_detector_top/u_gram_matrix_compute/(null)[0].(null)[0].value2__10/B[17:0] is not pipelined. Pipelining DSP48 input will improve performance.
Related violations: <none>

DPIP-1#73 Warning
Input pipelining  
DSP u_mimo_detector_top/u_gram_matrix_compute/(null)[0].(null)[0].value2__11 input u_mimo_detector_top/u_gram_matrix_compute/(null)[0].(null)[0].value2__11/A[29:0] is not pipelined. Pipelining DSP48 input will improve performance.
Related violations: <none>

DPIP-1#74 Warning
Input pipelining  
DSP u_mimo_detector_top/u_gram_matrix_compute/(null)[0].(null)[0].value2__11 input u_mimo_detector_top/u_gram_matrix_compute/(null)[0].(null)[0].value2__11/B[17:0] is not pipelined. Pipelining DSP48 input will improve performance.
Related violations: <none>

DPIP-1#75 Warning
Input pipelining  
DSP u_mimo_detector_top/u_gram_matrix_compute/(null)[0].(null)[0].value2__12 input u_mimo_detector_top/u_gram_matrix_compute/(null)[0].(null)[0].value2__12/A[29:0] is not pipelined. Pipelining DSP48 input will improve performance.
Related violations: <none>

DPIP-1#76 Warning
Input pipelining  
DSP u_mimo_detector_top/u_gram_matrix_compute/(null)[0].(null)[0].value2__12 input u_mimo_detector_top/u_gram_matrix_compute/(null)[0].(null)[0].value2__12/B[17:0] is not pipelined. Pipelining DSP48 input will improve performance.
Related violations: <none>

DPIP-1#77 Warning
Input pipelining  
DSP u_mimo_detector_top/u_gram_matrix_compute/(null)[0].(null)[0].value2__13 input u_mimo_detector_top/u_gram_matrix_compute/(null)[0].(null)[0].value2__13/A[29:0] is not pipelined. Pipelining DSP48 input will improve performance.
Related violations: <none>

DPIP-1#78 Warning
Input pipelining  
DSP u_mimo_detector_top/u_gram_matrix_compute/(null)[0].(null)[0].value2__13 input u_mimo_detector_top/u_gram_matrix_compute/(null)[0].(null)[0].value2__13/B[17:0] is not pipelined. Pipelining DSP48 input will improve performance.
Related violations: <none>

DPIP-1#79 Warning
Input pipelining  
DSP u_mimo_detector_top/u_gram_matrix_compute/(null)[0].(null)[0].value2__14 input u_mimo_detector_top/u_gram_matrix_compute/(null)[0].(null)[0].value2__14/A[29:0] is not pipelined. Pipelining DSP48 input will improve performance.
Related violations: <none>

DPIP-1#80 Warning
Input pipelining  
DSP u_mimo_detector_top/u_gram_matrix_compute/(null)[0].(null)[0].value2__14 input u_mimo_detector_top/u_gram_matrix_compute/(null)[0].(null)[0].value2__14/B[17:0] is not pipelined. Pipelining DSP48 input will improve performance.
Related violations: <none>

DPIP-1#81 Warning
Input pipelining  
DSP u_mimo_detector_top/u_gram_matrix_compute/(null)[0].(null)[0].value2__15 input u_mimo_detector_top/u_gram_matrix_compute/(null)[0].(null)[0].value2__15/A[29:0] is not pipelined. Pipelining DSP48 input will improve performance.
Related violations: <none>

DPIP-1#82 Warning
Input pipelining  
DSP u_mimo_detector_top/u_gram_matrix_compute/(null)[0].(null)[0].value2__15 input u_mimo_detector_top/u_gram_matrix_compute/(null)[0].(null)[0].value2__15/B[17:0] is not pipelined. Pipelining DSP48 input will improve performance.
Related violations: <none>

DPIP-1#83 Warning
Input pipelining  
DSP u_mimo_detector_top/u_gram_matrix_compute/(null)[0].(null)[0].value2__16 input u_mimo_detector_top/u_gram_matrix_compute/(null)[0].(null)[0].value2__16/A[29:0] is not pipelined. Pipelining DSP48 input will improve performance.
Related violations: <none>

DPIP-1#84 Warning
Input pipelining  
DSP u_mimo_detector_top/u_gram_matrix_compute/(null)[0].(null)[0].value2__16 input u_mimo_detector_top/u_gram_matrix_compute/(null)[0].(null)[0].value2__16/B[17:0] is not pipelined. Pipelining DSP48 input will improve performance.
Related violations: <none>

DPIP-1#85 Warning
Input pipelining  
DSP u_mimo_detector_top/u_gram_matrix_compute/(null)[0].(null)[0].value2__17 input u_mimo_detector_top/u_gram_matrix_compute/(null)[0].(null)[0].value2__17/A[29:0] is not pipelined. Pipelining DSP48 input will improve performance.
Related violations: <none>

DPIP-1#86 Warning
Input pipelining  
DSP u_mimo_detector_top/u_gram_matrix_compute/(null)[0].(null)[0].value2__17 input u_mimo_detector_top/u_gram_matrix_compute/(null)[0].(null)[0].value2__17/B[17:0] is not pipelined. Pipelining DSP48 input will improve performance.
Related violations: <none>

DPIP-1#87 Warning
Input pipelining  
DSP u_mimo_detector_top/u_gram_matrix_compute/(null)[0].(null)[0].value2__18 input u_mimo_detector_top/u_gram_matrix_compute/(null)[0].(null)[0].value2__18/A[29:0] is not pipelined. Pipelining DSP48 input will improve performance.
Related violations: <none>

DPIP-1#88 Warning
Input pipelining  
DSP u_mimo_detector_top/u_gram_matrix_compute/(null)[0].(null)[0].value2__18 input u_mimo_detector_top/u_gram_matrix_compute/(null)[0].(null)[0].value2__18/B[17:0] is not pipelined. Pipelining DSP48 input will improve performance.
Related violations: <none>

DPIP-1#89 Warning
Input pipelining  
DSP u_mimo_detector_top/u_gram_matrix_compute/(null)[0].(null)[0].value2__19 input u_mimo_detector_top/u_gram_matrix_compute/(null)[0].(null)[0].value2__19/A[29:0] is not pipelined. Pipelining DSP48 input will improve performance.
Related violations: <none>

DPIP-1#90 Warning
Input pipelining  
DSP u_mimo_detector_top/u_gram_matrix_compute/(null)[0].(null)[0].value2__19 input u_mimo_detector_top/u_gram_matrix_compute/(null)[0].(null)[0].value2__19/B[17:0] is not pipelined. Pipelining DSP48 input will improve performance.
Related violations: <none>

DPIP-1#91 Warning
Input pipelining  
DSP u_mimo_detector_top/u_gram_matrix_compute/(null)[0].(null)[0].value2__2 input u_mimo_detector_top/u_gram_matrix_compute/(null)[0].(null)[0].value2__2/A[29:0] is not pipelined. Pipelining DSP48 input will improve performance.
Related violations: <none>

DPIP-1#92 Warning
Input pipelining  
DSP u_mimo_detector_top/u_gram_matrix_compute/(null)[0].(null)[0].value2__2 input u_mimo_detector_top/u_gram_matrix_compute/(null)[0].(null)[0].value2__2/B[17:0] is not pipelined. Pipelining DSP48 input will improve performance.
Related violations: <none>

DPIP-1#93 Warning
Input pipelining  
DSP u_mimo_detector_top/u_gram_matrix_compute/(null)[0].(null)[0].value2__20 input u_mimo_detector_top/u_gram_matrix_compute/(null)[0].(null)[0].value2__20/A[29:0] is not pipelined. Pipelining DSP48 input will improve performance.
Related violations: <none>

DPIP-1#94 Warning
Input pipelining  
DSP u_mimo_detector_top/u_gram_matrix_compute/(null)[0].(null)[0].value2__20 input u_mimo_detector_top/u_gram_matrix_compute/(null)[0].(null)[0].value2__20/B[17:0] is not pipelined. Pipelining DSP48 input will improve performance.
Related violations: <none>

DPIP-1#95 Warning
Input pipelining  
DSP u_mimo_detector_top/u_gram_matrix_compute/(null)[0].(null)[0].value2__21 input u_mimo_detector_top/u_gram_matrix_compute/(null)[0].(null)[0].value2__21/A[29:0] is not pipelined. Pipelining DSP48 input will improve performance.
Related violations: <none>

DPIP-1#96 Warning
Input pipelining  
DSP u_mimo_detector_top/u_gram_matrix_compute/(null)[0].(null)[0].value2__21 input u_mimo_detector_top/u_gram_matrix_compute/(null)[0].(null)[0].value2__21/B[17:0] is not pipelined. Pipelining DSP48 input will improve performance.
Related violations: <none>

DPIP-1#97 Warning
Input pipelining  
DSP u_mimo_detector_top/u_gram_matrix_compute/(null)[0].(null)[0].value2__22 input u_mimo_detector_top/u_gram_matrix_compute/(null)[0].(null)[0].value2__22/A[29:0] is not pipelined. Pipelining DSP48 input will improve performance.
Related violations: <none>

DPIP-1#98 Warning
Input pipelining  
DSP u_mimo_detector_top/u_gram_matrix_compute/(null)[0].(null)[0].value2__22 input u_mimo_detector_top/u_gram_matrix_compute/(null)[0].(null)[0].value2__22/B[17:0] is not pipelined. Pipelining DSP48 input will improve performance.
Related violations: <none>

DPIP-1#99 Warning
Input pipelining  
DSP u_mimo_detector_top/u_gram_matrix_compute/(null)[0].(null)[0].value2__23 input u_mimo_detector_top/u_gram_matrix_compute/(null)[0].(null)[0].value2__23/A[29:0] is not pipelined. Pipelining DSP48 input will improve performance.
Related violations: <none>

DPIP-1#100 Warning
Input pipelining  
DSP u_mimo_detector_top/u_gram_matrix_compute/(null)[0].(null)[0].value2__23 input u_mimo_detector_top/u_gram_matrix_compute/(null)[0].(null)[0].value2__23/B[17:0] is not pipelined. Pipelining DSP48 input will improve performance.
Related violations: <none>

DPIP-1#101 Warning
Input pipelining  
DSP u_mimo_detector_top/u_gram_matrix_compute/(null)[0].(null)[0].value2__24 input u_mimo_detector_top/u_gram_matrix_compute/(null)[0].(null)[0].value2__24/A[29:0] is not pipelined. Pipelining DSP48 input will improve performance.
Related violations: <none>

DPIP-1#102 Warning
Input pipelining  
DSP u_mimo_detector_top/u_gram_matrix_compute/(null)[0].(null)[0].value2__24 input u_mimo_detector_top/u_gram_matrix_compute/(null)[0].(null)[0].value2__24/B[17:0] is not pipelined. Pipelining DSP48 input will improve performance.
Related violations: <none>

DPIP-1#103 Warning
Input pipelining  
DSP u_mimo_detector_top/u_gram_matrix_compute/(null)[0].(null)[0].value2__25 input u_mimo_detector_top/u_gram_matrix_compute/(null)[0].(null)[0].value2__25/A[29:0] is not pipelined. Pipelining DSP48 input will improve performance.
Related violations: <none>

DPIP-1#104 Warning
Input pipelining  
DSP u_mimo_detector_top/u_gram_matrix_compute/(null)[0].(null)[0].value2__25 input u_mimo_detector_top/u_gram_matrix_compute/(null)[0].(null)[0].value2__25/B[17:0] is not pipelined. Pipelining DSP48 input will improve performance.
Related violations: <none>

DPIP-1#105 Warning
Input pipelining  
DSP u_mimo_detector_top/u_gram_matrix_compute/(null)[0].(null)[0].value2__26 input u_mimo_detector_top/u_gram_matrix_compute/(null)[0].(null)[0].value2__26/A[29:0] is not pipelined. Pipelining DSP48 input will improve performance.
Related violations: <none>

DPIP-1#106 Warning
Input pipelining  
DSP u_mimo_detector_top/u_gram_matrix_compute/(null)[0].(null)[0].value2__26 input u_mimo_detector_top/u_gram_matrix_compute/(null)[0].(null)[0].value2__26/B[17:0] is not pipelined. Pipelining DSP48 input will improve performance.
Related violations: <none>

DPIP-1#107 Warning
Input pipelining  
DSP u_mimo_detector_top/u_gram_matrix_compute/(null)[0].(null)[0].value2__27 input u_mimo_detector_top/u_gram_matrix_compute/(null)[0].(null)[0].value2__27/A[29:0] is not pipelined. Pipelining DSP48 input will improve performance.
Related violations: <none>

DPIP-1#108 Warning
Input pipelining  
DSP u_mimo_detector_top/u_gram_matrix_compute/(null)[0].(null)[0].value2__27 input u_mimo_detector_top/u_gram_matrix_compute/(null)[0].(null)[0].value2__27/B[17:0] is not pipelined. Pipelining DSP48 input will improve performance.
Related violations: <none>

DPIP-1#109 Warning
Input pipelining  
DSP u_mimo_detector_top/u_gram_matrix_compute/(null)[0].(null)[0].value2__28 input u_mimo_detector_top/u_gram_matrix_compute/(null)[0].(null)[0].value2__28/A[29:0] is not pipelined. Pipelining DSP48 input will improve performance.
Related violations: <none>

DPIP-1#110 Warning
Input pipelining  
DSP u_mimo_detector_top/u_gram_matrix_compute/(null)[0].(null)[0].value2__28 input u_mimo_detector_top/u_gram_matrix_compute/(null)[0].(null)[0].value2__28/B[17:0] is not pipelined. Pipelining DSP48 input will improve performance.
Related violations: <none>

DPIP-1#111 Warning
Input pipelining  
DSP u_mimo_detector_top/u_gram_matrix_compute/(null)[0].(null)[0].value2__29 input u_mimo_detector_top/u_gram_matrix_compute/(null)[0].(null)[0].value2__29/A[29:0] is not pipelined. Pipelining DSP48 input will improve performance.
Related violations: <none>

DPIP-1#112 Warning
Input pipelining  
DSP u_mimo_detector_top/u_gram_matrix_compute/(null)[0].(null)[0].value2__29 input u_mimo_detector_top/u_gram_matrix_compute/(null)[0].(null)[0].value2__29/B[17:0] is not pipelined. Pipelining DSP48 input will improve performance.
Related violations: <none>

DPIP-1#113 Warning
Input pipelining  
DSP u_mimo_detector_top/u_gram_matrix_compute/(null)[0].(null)[0].value2__3 input u_mimo_detector_top/u_gram_matrix_compute/(null)[0].(null)[0].value2__3/A[29:0] is not pipelined. Pipelining DSP48 input will improve performance.
Related violations: <none>

DPIP-1#114 Warning
Input pipelining  
DSP u_mimo_detector_top/u_gram_matrix_compute/(null)[0].(null)[0].value2__3 input u_mimo_detector_top/u_gram_matrix_compute/(null)[0].(null)[0].value2__3/B[17:0] is not pipelined. Pipelining DSP48 input will improve performance.
Related violations: <none>

DPIP-1#115 Warning
Input pipelining  
DSP u_mimo_detector_top/u_gram_matrix_compute/(null)[0].(null)[0].value2__30 input u_mimo_detector_top/u_gram_matrix_compute/(null)[0].(null)[0].value2__30/A[29:0] is not pipelined. Pipelining DSP48 input will improve performance.
Related violations: <none>

DPIP-1#116 Warning
Input pipelining  
DSP u_mimo_detector_top/u_gram_matrix_compute/(null)[0].(null)[0].value2__30 input u_mimo_detector_top/u_gram_matrix_compute/(null)[0].(null)[0].value2__30/B[17:0] is not pipelined. Pipelining DSP48 input will improve performance.
Related violations: <none>

DPIP-1#117 Warning
Input pipelining  
DSP u_mimo_detector_top/u_gram_matrix_compute/(null)[0].(null)[0].value2__31 input u_mimo_detector_top/u_gram_matrix_compute/(null)[0].(null)[0].value2__31/A[29:0] is not pipelined. Pipelining DSP48 input will improve performance.
Related violations: <none>

DPIP-1#118 Warning
Input pipelining  
DSP u_mimo_detector_top/u_gram_matrix_compute/(null)[0].(null)[0].value2__31 input u_mimo_detector_top/u_gram_matrix_compute/(null)[0].(null)[0].value2__31/B[17:0] is not pipelined. Pipelining DSP48 input will improve performance.
Related violations: <none>

DPIP-1#119 Warning
Input pipelining  
DSP u_mimo_detector_top/u_gram_matrix_compute/(null)[0].(null)[0].value2__32 input u_mimo_detector_top/u_gram_matrix_compute/(null)[0].(null)[0].value2__32/A[29:0] is not pipelined. Pipelining DSP48 input will improve performance.
Related violations: <none>

DPIP-1#120 Warning
Input pipelining  
DSP u_mimo_detector_top/u_gram_matrix_compute/(null)[0].(null)[0].value2__32 input u_mimo_detector_top/u_gram_matrix_compute/(null)[0].(null)[0].value2__32/B[17:0] is not pipelined. Pipelining DSP48 input will improve performance.
Related violations: <none>

DPIP-1#121 Warning
Input pipelining  
DSP u_mimo_detector_top/u_gram_matrix_compute/(null)[0].(null)[0].value2__33 input u_mimo_detector_top/u_gram_matrix_compute/(null)[0].(null)[0].value2__33/A[29:0] is not pipelined. Pipelining DSP48 input will improve performance.
Related violations: <none>

DPIP-1#122 Warning
Input pipelining  
DSP u_mimo_detector_top/u_gram_matrix_compute/(null)[0].(null)[0].value2__33 input u_mimo_detector_top/u_gram_matrix_compute/(null)[0].(null)[0].value2__33/B[17:0] is not pipelined. Pipelining DSP48 input will improve performance.
Related violations: <none>

DPIP-1#123 Warning
Input pipelining  
DSP u_mimo_detector_top/u_gram_matrix_compute/(null)[0].(null)[0].value2__34 input u_mimo_detector_top/u_gram_matrix_compute/(null)[0].(null)[0].value2__34/A[29:0] is not pipelined. Pipelining DSP48 input will improve performance.
Related violations: <none>

DPIP-1#124 Warning
Input pipelining  
DSP u_mimo_detector_top/u_gram_matrix_compute/(null)[0].(null)[0].value2__34 input u_mimo_detector_top/u_gram_matrix_compute/(null)[0].(null)[0].value2__34/B[17:0] is not pipelined. Pipelining DSP48 input will improve performance.
Related violations: <none>

DPIP-1#125 Warning
Input pipelining  
DSP u_mimo_detector_top/u_gram_matrix_compute/(null)[0].(null)[0].value2__35 input u_mimo_detector_top/u_gram_matrix_compute/(null)[0].(null)[0].value2__35/A[29:0] is not pipelined. Pipelining DSP48 input will improve performance.
Related violations: <none>

DPIP-1#126 Warning
Input pipelining  
DSP u_mimo_detector_top/u_gram_matrix_compute/(null)[0].(null)[0].value2__35 input u_mimo_detector_top/u_gram_matrix_compute/(null)[0].(null)[0].value2__35/B[17:0] is not pipelined. Pipelining DSP48 input will improve performance.
Related violations: <none>

DPIP-1#127 Warning
Input pipelining  
DSP u_mimo_detector_top/u_gram_matrix_compute/(null)[0].(null)[0].value2__36 input u_mimo_detector_top/u_gram_matrix_compute/(null)[0].(null)[0].value2__36/A[29:0] is not pipelined. Pipelining DSP48 input will improve performance.
Related violations: <none>

DPIP-1#128 Warning
Input pipelining  
DSP u_mimo_detector_top/u_gram_matrix_compute/(null)[0].(null)[0].value2__36 input u_mimo_detector_top/u_gram_matrix_compute/(null)[0].(null)[0].value2__36/B[17:0] is not pipelined. Pipelining DSP48 input will improve performance.
Related violations: <none>

DPIP-1#129 Warning
Input pipelining  
DSP u_mimo_detector_top/u_gram_matrix_compute/(null)[0].(null)[0].value2__37 input u_mimo_detector_top/u_gram_matrix_compute/(null)[0].(null)[0].value2__37/A[29:0] is not pipelined. Pipelining DSP48 input will improve performance.
Related violations: <none>

DPIP-1#130 Warning
Input pipelining  
DSP u_mimo_detector_top/u_gram_matrix_compute/(null)[0].(null)[0].value2__37 input u_mimo_detector_top/u_gram_matrix_compute/(null)[0].(null)[0].value2__37/B[17:0] is not pipelined. Pipelining DSP48 input will improve performance.
Related violations: <none>

DPIP-1#131 Warning
Input pipelining  
DSP u_mimo_detector_top/u_gram_matrix_compute/(null)[0].(null)[0].value2__38 input u_mimo_detector_top/u_gram_matrix_compute/(null)[0].(null)[0].value2__38/A[29:0] is not pipelined. Pipelining DSP48 input will improve performance.
Related violations: <none>

DPIP-1#132 Warning
Input pipelining  
DSP u_mimo_detector_top/u_gram_matrix_compute/(null)[0].(null)[0].value2__38 input u_mimo_detector_top/u_gram_matrix_compute/(null)[0].(null)[0].value2__38/B[17:0] is not pipelined. Pipelining DSP48 input will improve performance.
Related violations: <none>

DPIP-1#133 Warning
Input pipelining  
DSP u_mimo_detector_top/u_gram_matrix_compute/(null)[0].(null)[0].value2__39 input u_mimo_detector_top/u_gram_matrix_compute/(null)[0].(null)[0].value2__39/A[29:0] is not pipelined. Pipelining DSP48 input will improve performance.
Related violations: <none>

DPIP-1#134 Warning
Input pipelining  
DSP u_mimo_detector_top/u_gram_matrix_compute/(null)[0].(null)[0].value2__39 input u_mimo_detector_top/u_gram_matrix_compute/(null)[0].(null)[0].value2__39/B[17:0] is not pipelined. Pipelining DSP48 input will improve performance.
Related violations: <none>

DPIP-1#135 Warning
Input pipelining  
DSP u_mimo_detector_top/u_gram_matrix_compute/(null)[0].(null)[0].value2__4 input u_mimo_detector_top/u_gram_matrix_compute/(null)[0].(null)[0].value2__4/A[29:0] is not pipelined. Pipelining DSP48 input will improve performance.
Related violations: <none>

DPIP-1#136 Warning
Input pipelining  
DSP u_mimo_detector_top/u_gram_matrix_compute/(null)[0].(null)[0].value2__4 input u_mimo_detector_top/u_gram_matrix_compute/(null)[0].(null)[0].value2__4/B[17:0] is not pipelined. Pipelining DSP48 input will improve performance.
Related violations: <none>

DPIP-1#137 Warning
Input pipelining  
DSP u_mimo_detector_top/u_gram_matrix_compute/(null)[0].(null)[0].value2__40 input u_mimo_detector_top/u_gram_matrix_compute/(null)[0].(null)[0].value2__40/A[29:0] is not pipelined. Pipelining DSP48 input will improve performance.
Related violations: <none>

DPIP-1#138 Warning
Input pipelining  
DSP u_mimo_detector_top/u_gram_matrix_compute/(null)[0].(null)[0].value2__40 input u_mimo_detector_top/u_gram_matrix_compute/(null)[0].(null)[0].value2__40/B[17:0] is not pipelined. Pipelining DSP48 input will improve performance.
Related violations: <none>

DPIP-1#139 Warning
Input pipelining  
DSP u_mimo_detector_top/u_gram_matrix_compute/(null)[0].(null)[0].value2__41 input u_mimo_detector_top/u_gram_matrix_compute/(null)[0].(null)[0].value2__41/A[29:0] is not pipelined. Pipelining DSP48 input will improve performance.
Related violations: <none>

DPIP-1#140 Warning
Input pipelining  
DSP u_mimo_detector_top/u_gram_matrix_compute/(null)[0].(null)[0].value2__41 input u_mimo_detector_top/u_gram_matrix_compute/(null)[0].(null)[0].value2__41/B[17:0] is not pipelined. Pipelining DSP48 input will improve performance.
Related violations: <none>

DPIP-1#141 Warning
Input pipelining  
DSP u_mimo_detector_top/u_gram_matrix_compute/(null)[0].(null)[0].value2__42 input u_mimo_detector_top/u_gram_matrix_compute/(null)[0].(null)[0].value2__42/A[29:0] is not pipelined. Pipelining DSP48 input will improve performance.
Related violations: <none>

DPIP-1#142 Warning
Input pipelining  
DSP u_mimo_detector_top/u_gram_matrix_compute/(null)[0].(null)[0].value2__42 input u_mimo_detector_top/u_gram_matrix_compute/(null)[0].(null)[0].value2__42/B[17:0] is not pipelined. Pipelining DSP48 input will improve performance.
Related violations: <none>

DPIP-1#143 Warning
Input pipelining  
DSP u_mimo_detector_top/u_gram_matrix_compute/(null)[0].(null)[0].value2__43 input u_mimo_detector_top/u_gram_matrix_compute/(null)[0].(null)[0].value2__43/A[29:0] is not pipelined. Pipelining DSP48 input will improve performance.
Related violations: <none>

DPIP-1#144 Warning
Input pipelining  
DSP u_mimo_detector_top/u_gram_matrix_compute/(null)[0].(null)[0].value2__43 input u_mimo_detector_top/u_gram_matrix_compute/(null)[0].(null)[0].value2__43/B[17:0] is not pipelined. Pipelining DSP48 input will improve performance.
Related violations: <none>

DPIP-1#145 Warning
Input pipelining  
DSP u_mimo_detector_top/u_gram_matrix_compute/(null)[0].(null)[0].value2__44 input u_mimo_detector_top/u_gram_matrix_compute/(null)[0].(null)[0].value2__44/A[29:0] is not pipelined. Pipelining DSP48 input will improve performance.
Related violations: <none>

DPIP-1#146 Warning
Input pipelining  
DSP u_mimo_detector_top/u_gram_matrix_compute/(null)[0].(null)[0].value2__44 input u_mimo_detector_top/u_gram_matrix_compute/(null)[0].(null)[0].value2__44/B[17:0] is not pipelined. Pipelining DSP48 input will improve performance.
Related violations: <none>

DPIP-1#147 Warning
Input pipelining  
DSP u_mimo_detector_top/u_gram_matrix_compute/(null)[0].(null)[0].value2__45 input u_mimo_detector_top/u_gram_matrix_compute/(null)[0].(null)[0].value2__45/A[29:0] is not pipelined. Pipelining DSP48 input will improve performance.
Related violations: <none>

DPIP-1#148 Warning
Input pipelining  
DSP u_mimo_detector_top/u_gram_matrix_compute/(null)[0].(null)[0].value2__45 input u_mimo_detector_top/u_gram_matrix_compute/(null)[0].(null)[0].value2__45/B[17:0] is not pipelined. Pipelining DSP48 input will improve performance.
Related violations: <none>

DPIP-1#149 Warning
Input pipelining  
DSP u_mimo_detector_top/u_gram_matrix_compute/(null)[0].(null)[0].value2__46 input u_mimo_detector_top/u_gram_matrix_compute/(null)[0].(null)[0].value2__46/A[29:0] is not pipelined. Pipelining DSP48 input will improve performance.
Related violations: <none>

DPIP-1#150 Warning
Input pipelining  
DSP u_mimo_detector_top/u_gram_matrix_compute/(null)[0].(null)[0].value2__46 input u_mimo_detector_top/u_gram_matrix_compute/(null)[0].(null)[0].value2__46/B[17:0] is not pipelined. Pipelining DSP48 input will improve performance.
Related violations: <none>

DPIP-1#151 Warning
Input pipelining  
DSP u_mimo_detector_top/u_gram_matrix_compute/(null)[0].(null)[0].value2__47 input u_mimo_detector_top/u_gram_matrix_compute/(null)[0].(null)[0].value2__47/A[29:0] is not pipelined. Pipelining DSP48 input will improve performance.
Related violations: <none>

DPIP-1#152 Warning
Input pipelining  
DSP u_mimo_detector_top/u_gram_matrix_compute/(null)[0].(null)[0].value2__47 input u_mimo_detector_top/u_gram_matrix_compute/(null)[0].(null)[0].value2__47/B[17:0] is not pipelined. Pipelining DSP48 input will improve performance.
Related violations: <none>

DPIP-1#153 Warning
Input pipelining  
DSP u_mimo_detector_top/u_gram_matrix_compute/(null)[0].(null)[0].value2__48 input u_mimo_detector_top/u_gram_matrix_compute/(null)[0].(null)[0].value2__48/A[29:0] is not pipelined. Pipelining DSP48 input will improve performance.
Related violations: <none>

DPIP-1#154 Warning
Input pipelining  
DSP u_mimo_detector_top/u_gram_matrix_compute/(null)[0].(null)[0].value2__48 input u_mimo_detector_top/u_gram_matrix_compute/(null)[0].(null)[0].value2__48/B[17:0] is not pipelined. Pipelining DSP48 input will improve performance.
Related violations: <none>

DPIP-1#155 Warning
Input pipelining  
DSP u_mimo_detector_top/u_gram_matrix_compute/(null)[0].(null)[0].value2__49 input u_mimo_detector_top/u_gram_matrix_compute/(null)[0].(null)[0].value2__49/A[29:0] is not pipelined. Pipelining DSP48 input will improve performance.
Related violations: <none>

DPIP-1#156 Warning
Input pipelining  
DSP u_mimo_detector_top/u_gram_matrix_compute/(null)[0].(null)[0].value2__49 input u_mimo_detector_top/u_gram_matrix_compute/(null)[0].(null)[0].value2__49/B[17:0] is not pipelined. Pipelining DSP48 input will improve performance.
Related violations: <none>

DPIP-1#157 Warning
Input pipelining  
DSP u_mimo_detector_top/u_gram_matrix_compute/(null)[0].(null)[0].value2__5 input u_mimo_detector_top/u_gram_matrix_compute/(null)[0].(null)[0].value2__5/A[29:0] is not pipelined. Pipelining DSP48 input will improve performance.
Related violations: <none>

DPIP-1#158 Warning
Input pipelining  
DSP u_mimo_detector_top/u_gram_matrix_compute/(null)[0].(null)[0].value2__5 input u_mimo_detector_top/u_gram_matrix_compute/(null)[0].(null)[0].value2__5/B[17:0] is not pipelined. Pipelining DSP48 input will improve performance.
Related violations: <none>

DPIP-1#159 Warning
Input pipelining  
DSP u_mimo_detector_top/u_gram_matrix_compute/(null)[0].(null)[0].value2__50 input u_mimo_detector_top/u_gram_matrix_compute/(null)[0].(null)[0].value2__50/A[29:0] is not pipelined. Pipelining DSP48 input will improve performance.
Related violations: <none>

DPIP-1#160 Warning
Input pipelining  
DSP u_mimo_detector_top/u_gram_matrix_compute/(null)[0].(null)[0].value2__50 input u_mimo_detector_top/u_gram_matrix_compute/(null)[0].(null)[0].value2__50/B[17:0] is not pipelined. Pipelining DSP48 input will improve performance.
Related violations: <none>

DPIP-1#161 Warning
Input pipelining  
DSP u_mimo_detector_top/u_gram_matrix_compute/(null)[0].(null)[0].value2__51 input u_mimo_detector_top/u_gram_matrix_compute/(null)[0].(null)[0].value2__51/A[29:0] is not pipelined. Pipelining DSP48 input will improve performance.
Related violations: <none>

DPIP-1#162 Warning
Input pipelining  
DSP u_mimo_detector_top/u_gram_matrix_compute/(null)[0].(null)[0].value2__51 input u_mimo_detector_top/u_gram_matrix_compute/(null)[0].(null)[0].value2__51/B[17:0] is not pipelined. Pipelining DSP48 input will improve performance.
Related violations: <none>

DPIP-1#163 Warning
Input pipelining  
DSP u_mimo_detector_top/u_gram_matrix_compute/(null)[0].(null)[0].value2__52 input u_mimo_detector_top/u_gram_matrix_compute/(null)[0].(null)[0].value2__52/A[29:0] is not pipelined. Pipelining DSP48 input will improve performance.
Related violations: <none>

DPIP-1#164 Warning
Input pipelining  
DSP u_mimo_detector_top/u_gram_matrix_compute/(null)[0].(null)[0].value2__52 input u_mimo_detector_top/u_gram_matrix_compute/(null)[0].(null)[0].value2__52/B[17:0] is not pipelined. Pipelining DSP48 input will improve performance.
Related violations: <none>

DPIP-1#165 Warning
Input pipelining  
DSP u_mimo_detector_top/u_gram_matrix_compute/(null)[0].(null)[0].value2__53 input u_mimo_detector_top/u_gram_matrix_compute/(null)[0].(null)[0].value2__53/A[29:0] is not pipelined. Pipelining DSP48 input will improve performance.
Related violations: <none>

DPIP-1#166 Warning
Input pipelining  
DSP u_mimo_detector_top/u_gram_matrix_compute/(null)[0].(null)[0].value2__53 input u_mimo_detector_top/u_gram_matrix_compute/(null)[0].(null)[0].value2__53/B[17:0] is not pipelined. Pipelining DSP48 input will improve performance.
Related violations: <none>

DPIP-1#167 Warning
Input pipelining  
DSP u_mimo_detector_top/u_gram_matrix_compute/(null)[0].(null)[0].value2__54 input u_mimo_detector_top/u_gram_matrix_compute/(null)[0].(null)[0].value2__54/A[29:0] is not pipelined. Pipelining DSP48 input will improve performance.
Related violations: <none>

DPIP-1#168 Warning
Input pipelining  
DSP u_mimo_detector_top/u_gram_matrix_compute/(null)[0].(null)[0].value2__54 input u_mimo_detector_top/u_gram_matrix_compute/(null)[0].(null)[0].value2__54/B[17:0] is not pipelined. Pipelining DSP48 input will improve performance.
Related violations: <none>

DPIP-1#169 Warning
Input pipelining  
DSP u_mimo_detector_top/u_gram_matrix_compute/(null)[0].(null)[0].value2__55 input u_mimo_detector_top/u_gram_matrix_compute/(null)[0].(null)[0].value2__55/A[29:0] is not pipelined. Pipelining DSP48 input will improve performance.
Related violations: <none>

DPIP-1#170 Warning
Input pipelining  
DSP u_mimo_detector_top/u_gram_matrix_compute/(null)[0].(null)[0].value2__55 input u_mimo_detector_top/u_gram_matrix_compute/(null)[0].(null)[0].value2__55/B[17:0] is not pipelined. Pipelining DSP48 input will improve performance.
Related violations: <none>

DPIP-1#171 Warning
Input pipelining  
DSP u_mimo_detector_top/u_gram_matrix_compute/(null)[0].(null)[0].value2__56 input u_mimo_detector_top/u_gram_matrix_compute/(null)[0].(null)[0].value2__56/A[29:0] is not pipelined. Pipelining DSP48 input will improve performance.
Related violations: <none>

DPIP-1#172 Warning
Input pipelining  
DSP u_mimo_detector_top/u_gram_matrix_compute/(null)[0].(null)[0].value2__56 input u_mimo_detector_top/u_gram_matrix_compute/(null)[0].(null)[0].value2__56/B[17:0] is not pipelined. Pipelining DSP48 input will improve performance.
Related violations: <none>

DPIP-1#173 Warning
Input pipelining  
DSP u_mimo_detector_top/u_gram_matrix_compute/(null)[0].(null)[0].value2__57 input u_mimo_detector_top/u_gram_matrix_compute/(null)[0].(null)[0].value2__57/A[29:0] is not pipelined. Pipelining DSP48 input will improve performance.
Related violations: <none>

DPIP-1#174 Warning
Input pipelining  
DSP u_mimo_detector_top/u_gram_matrix_compute/(null)[0].(null)[0].value2__57 input u_mimo_detector_top/u_gram_matrix_compute/(null)[0].(null)[0].value2__57/B[17:0] is not pipelined. Pipelining DSP48 input will improve performance.
Related violations: <none>

DPIP-1#175 Warning
Input pipelining  
DSP u_mimo_detector_top/u_gram_matrix_compute/(null)[0].(null)[0].value2__58 input u_mimo_detector_top/u_gram_matrix_compute/(null)[0].(null)[0].value2__58/A[29:0] is not pipelined. Pipelining DSP48 input will improve performance.
Related violations: <none>

DPIP-1#176 Warning
Input pipelining  
DSP u_mimo_detector_top/u_gram_matrix_compute/(null)[0].(null)[0].value2__58 input u_mimo_detector_top/u_gram_matrix_compute/(null)[0].(null)[0].value2__58/B[17:0] is not pipelined. Pipelining DSP48 input will improve performance.
Related violations: <none>

DPIP-1#177 Warning
Input pipelining  
DSP u_mimo_detector_top/u_gram_matrix_compute/(null)[0].(null)[0].value2__59 input u_mimo_detector_top/u_gram_matrix_compute/(null)[0].(null)[0].value2__59/A[29:0] is not pipelined. Pipelining DSP48 input will improve performance.
Related violations: <none>

DPIP-1#178 Warning
Input pipelining  
DSP u_mimo_detector_top/u_gram_matrix_compute/(null)[0].(null)[0].value2__59 input u_mimo_detector_top/u_gram_matrix_compute/(null)[0].(null)[0].value2__59/B[17:0] is not pipelined. Pipelining DSP48 input will improve performance.
Related violations: <none>

DPIP-1#179 Warning
Input pipelining  
DSP u_mimo_detector_top/u_gram_matrix_compute/(null)[0].(null)[0].value2__6 input u_mimo_detector_top/u_gram_matrix_compute/(null)[0].(null)[0].value2__6/A[29:0] is not pipelined. Pipelining DSP48 input will improve performance.
Related violations: <none>

DPIP-1#180 Warning
Input pipelining  
DSP u_mimo_detector_top/u_gram_matrix_compute/(null)[0].(null)[0].value2__6 input u_mimo_detector_top/u_gram_matrix_compute/(null)[0].(null)[0].value2__6/B[17:0] is not pipelined. Pipelining DSP48 input will improve performance.
Related violations: <none>

DPIP-1#181 Warning
Input pipelining  
DSP u_mimo_detector_top/u_gram_matrix_compute/(null)[0].(null)[0].value2__60 input u_mimo_detector_top/u_gram_matrix_compute/(null)[0].(null)[0].value2__60/A[29:0] is not pipelined. Pipelining DSP48 input will improve performance.
Related violations: <none>

DPIP-1#182 Warning
Input pipelining  
DSP u_mimo_detector_top/u_gram_matrix_compute/(null)[0].(null)[0].value2__60 input u_mimo_detector_top/u_gram_matrix_compute/(null)[0].(null)[0].value2__60/B[17:0] is not pipelined. Pipelining DSP48 input will improve performance.
Related violations: <none>

DPIP-1#183 Warning
Input pipelining  
DSP u_mimo_detector_top/u_gram_matrix_compute/(null)[0].(null)[0].value2__61 input u_mimo_detector_top/u_gram_matrix_compute/(null)[0].(null)[0].value2__61/A[29:0] is not pipelined. Pipelining DSP48 input will improve performance.
Related violations: <none>

DPIP-1#184 Warning
Input pipelining  
DSP u_mimo_detector_top/u_gram_matrix_compute/(null)[0].(null)[0].value2__61 input u_mimo_detector_top/u_gram_matrix_compute/(null)[0].(null)[0].value2__61/B[17:0] is not pipelined. Pipelining DSP48 input will improve performance.
Related violations: <none>

DPIP-1#185 Warning
Input pipelining  
DSP u_mimo_detector_top/u_gram_matrix_compute/(null)[0].(null)[0].value2__62 input u_mimo_detector_top/u_gram_matrix_compute/(null)[0].(null)[0].value2__62/A[29:0] is not pipelined. Pipelining DSP48 input will improve performance.
Related violations: <none>

DPIP-1#186 Warning
Input pipelining  
DSP u_mimo_detector_top/u_gram_matrix_compute/(null)[0].(null)[0].value2__62 input u_mimo_detector_top/u_gram_matrix_compute/(null)[0].(null)[0].value2__62/B[17:0] is not pipelined. Pipelining DSP48 input will improve performance.
Related violations: <none>

DPIP-1#187 Warning
Input pipelining  
DSP u_mimo_detector_top/u_gram_matrix_compute/(null)[0].(null)[0].value2__7 input u_mimo_detector_top/u_gram_matrix_compute/(null)[0].(null)[0].value2__7/A[29:0] is not pipelined. Pipelining DSP48 input will improve performance.
Related violations: <none>

DPIP-1#188 Warning
Input pipelining  
DSP u_mimo_detector_top/u_gram_matrix_compute/(null)[0].(null)[0].value2__7 input u_mimo_detector_top/u_gram_matrix_compute/(null)[0].(null)[0].value2__7/B[17:0] is not pipelined. Pipelining DSP48 input will improve performance.
Related violations: <none>

DPIP-1#189 Warning
Input pipelining  
DSP u_mimo_detector_top/u_gram_matrix_compute/(null)[0].(null)[0].value2__8 input u_mimo_detector_top/u_gram_matrix_compute/(null)[0].(null)[0].value2__8/A[29:0] is not pipelined. Pipelining DSP48 input will improve performance.
Related violations: <none>

DPIP-1#190 Warning
Input pipelining  
DSP u_mimo_detector_top/u_gram_matrix_compute/(null)[0].(null)[0].value2__8 input u_mimo_detector_top/u_gram_matrix_compute/(null)[0].(null)[0].value2__8/B[17:0] is not pipelined. Pipelining DSP48 input will improve performance.
Related violations: <none>

DPIP-1#191 Warning
Input pipelining  
DSP u_mimo_detector_top/u_gram_matrix_compute/(null)[0].(null)[0].value2__9 input u_mimo_detector_top/u_gram_matrix_compute/(null)[0].(null)[0].value2__9/A[29:0] is not pipelined. Pipelining DSP48 input will improve performance.
Related violations: <none>

DPIP-1#192 Warning
Input pipelining  
DSP u_mimo_detector_top/u_gram_matrix_compute/(null)[0].(null)[0].value2__9 input u_mimo_detector_top/u_gram_matrix_compute/(null)[0].(null)[0].value2__9/B[17:0] is not pipelined. Pipelining DSP48 input will improve performance.
Related violations: <none>

DPIP-1#193 Warning
Input pipelining  
DSP u_mimo_detector_top/u_gram_matrix_compute/(null)[0].(null)[0].value3 input u_mimo_detector_top/u_gram_matrix_compute/(null)[0].(null)[0].value3/A[29:0] is not pipelined. Pipelining DSP48 input will improve performance.
Related violations: <none>

DPIP-1#194 Warning
Input pipelining  
DSP u_mimo_detector_top/u_gram_matrix_compute/(null)[0].(null)[0].value3 input u_mimo_detector_top/u_gram_matrix_compute/(null)[0].(null)[0].value3/B[17:0] is not pipelined. Pipelining DSP48 input will improve performance.
Related violations: <none>

DPIP-1#195 Warning
Input pipelining  
DSP u_mimo_detector_top/u_gram_matrix_compute/(null)[0].(null)[0].value3__0 input u_mimo_detector_top/u_gram_matrix_compute/(null)[0].(null)[0].value3__0/A[29:0] is not pipelined. Pipelining DSP48 input will improve performance.
Related violations: <none>

DPIP-1#196 Warning
Input pipelining  
DSP u_mimo_detector_top/u_gram_matrix_compute/(null)[0].(null)[0].value3__0 input u_mimo_detector_top/u_gram_matrix_compute/(null)[0].(null)[0].value3__0/B[17:0] is not pipelined. Pipelining DSP48 input will improve performance.
Related violations: <none>

DPIP-1#197 Warning
Input pipelining  
DSP u_mimo_detector_top/u_gram_matrix_compute/(null)[0].(null)[0].value3__1 input u_mimo_detector_top/u_gram_matrix_compute/(null)[0].(null)[0].value3__1/A[29:0] is not pipelined. Pipelining DSP48 input will improve performance.
Related violations: <none>

DPIP-1#198 Warning
Input pipelining  
DSP u_mimo_detector_top/u_gram_matrix_compute/(null)[0].(null)[0].value3__1 input u_mimo_detector_top/u_gram_matrix_compute/(null)[0].(null)[0].value3__1/B[17:0] is not pipelined. Pipelining DSP48 input will improve performance.
Related violations: <none>

DPIP-1#199 Warning
Input pipelining  
DSP u_mimo_detector_top/u_gram_matrix_compute/(null)[0].(null)[0].value3__10 input u_mimo_detector_top/u_gram_matrix_compute/(null)[0].(null)[0].value3__10/A[29:0] is not pipelined. Pipelining DSP48 input will improve performance.
Related violations: <none>

DPIP-1#200 Warning
Input pipelining  
DSP u_mimo_detector_top/u_gram_matrix_compute/(null)[0].(null)[0].value3__10 input u_mimo_detector_top/u_gram_matrix_compute/(null)[0].(null)[0].value3__10/B[17:0] is not pipelined. Pipelining DSP48 input will improve performance.
Related violations: <none>

DPIP-1#201 Warning
Input pipelining  
DSP u_mimo_detector_top/u_gram_matrix_compute/(null)[0].(null)[0].value3__11 input u_mimo_detector_top/u_gram_matrix_compute/(null)[0].(null)[0].value3__11/A[29:0] is not pipelined. Pipelining DSP48 input will improve performance.
Related violations: <none>

DPIP-1#202 Warning
Input pipelining  
DSP u_mimo_detector_top/u_gram_matrix_compute/(null)[0].(null)[0].value3__11 input u_mimo_detector_top/u_gram_matrix_compute/(null)[0].(null)[0].value3__11/B[17:0] is not pipelined. Pipelining DSP48 input will improve performance.
Related violations: <none>

DPIP-1#203 Warning
Input pipelining  
DSP u_mimo_detector_top/u_gram_matrix_compute/(null)[0].(null)[0].value3__12 input u_mimo_detector_top/u_gram_matrix_compute/(null)[0].(null)[0].value3__12/A[29:0] is not pipelined. Pipelining DSP48 input will improve performance.
Related violations: <none>

DPIP-1#204 Warning
Input pipelining  
DSP u_mimo_detector_top/u_gram_matrix_compute/(null)[0].(null)[0].value3__12 input u_mimo_detector_top/u_gram_matrix_compute/(null)[0].(null)[0].value3__12/B[17:0] is not pipelined. Pipelining DSP48 input will improve performance.
Related violations: <none>

DPIP-1#205 Warning
Input pipelining  
DSP u_mimo_detector_top/u_gram_matrix_compute/(null)[0].(null)[0].value3__13 input u_mimo_detector_top/u_gram_matrix_compute/(null)[0].(null)[0].value3__13/A[29:0] is not pipelined. Pipelining DSP48 input will improve performance.
Related violations: <none>

DPIP-1#206 Warning
Input pipelining  
DSP u_mimo_detector_top/u_gram_matrix_compute/(null)[0].(null)[0].value3__13 input u_mimo_detector_top/u_gram_matrix_compute/(null)[0].(null)[0].value3__13/B[17:0] is not pipelined. Pipelining DSP48 input will improve performance.
Related violations: <none>

DPIP-1#207 Warning
Input pipelining  
DSP u_mimo_detector_top/u_gram_matrix_compute/(null)[0].(null)[0].value3__14 input u_mimo_detector_top/u_gram_matrix_compute/(null)[0].(null)[0].value3__14/A[29:0] is not pipelined. Pipelining DSP48 input will improve performance.
Related violations: <none>

DPIP-1#208 Warning
Input pipelining  
DSP u_mimo_detector_top/u_gram_matrix_compute/(null)[0].(null)[0].value3__14 input u_mimo_detector_top/u_gram_matrix_compute/(null)[0].(null)[0].value3__14/B[17:0] is not pipelined. Pipelining DSP48 input will improve performance.
Related violations: <none>

DPIP-1#209 Warning
Input pipelining  
DSP u_mimo_detector_top/u_gram_matrix_compute/(null)[0].(null)[0].value3__15 input u_mimo_detector_top/u_gram_matrix_compute/(null)[0].(null)[0].value3__15/A[29:0] is not pipelined. Pipelining DSP48 input will improve performance.
Related violations: <none>

DPIP-1#210 Warning
Input pipelining  
DSP u_mimo_detector_top/u_gram_matrix_compute/(null)[0].(null)[0].value3__15 input u_mimo_detector_top/u_gram_matrix_compute/(null)[0].(null)[0].value3__15/B[17:0] is not pipelined. Pipelining DSP48 input will improve performance.
Related violations: <none>

DPIP-1#211 Warning
Input pipelining  
DSP u_mimo_detector_top/u_gram_matrix_compute/(null)[0].(null)[0].value3__16 input u_mimo_detector_top/u_gram_matrix_compute/(null)[0].(null)[0].value3__16/A[29:0] is not pipelined. Pipelining DSP48 input will improve performance.
Related violations: <none>

DPIP-1#212 Warning
Input pipelining  
DSP u_mimo_detector_top/u_gram_matrix_compute/(null)[0].(null)[0].value3__16 input u_mimo_detector_top/u_gram_matrix_compute/(null)[0].(null)[0].value3__16/B[17:0] is not pipelined. Pipelining DSP48 input will improve performance.
Related violations: <none>

DPIP-1#213 Warning
Input pipelining  
DSP u_mimo_detector_top/u_gram_matrix_compute/(null)[0].(null)[0].value3__17 input u_mimo_detector_top/u_gram_matrix_compute/(null)[0].(null)[0].value3__17/A[29:0] is not pipelined. Pipelining DSP48 input will improve performance.
Related violations: <none>

DPIP-1#214 Warning
Input pipelining  
DSP u_mimo_detector_top/u_gram_matrix_compute/(null)[0].(null)[0].value3__17 input u_mimo_detector_top/u_gram_matrix_compute/(null)[0].(null)[0].value3__17/B[17:0] is not pipelined. Pipelining DSP48 input will improve performance.
Related violations: <none>

DPIP-1#215 Warning
Input pipelining  
DSP u_mimo_detector_top/u_gram_matrix_compute/(null)[0].(null)[0].value3__18 input u_mimo_detector_top/u_gram_matrix_compute/(null)[0].(null)[0].value3__18/A[29:0] is not pipelined. Pipelining DSP48 input will improve performance.
Related violations: <none>

DPIP-1#216 Warning
Input pipelining  
DSP u_mimo_detector_top/u_gram_matrix_compute/(null)[0].(null)[0].value3__18 input u_mimo_detector_top/u_gram_matrix_compute/(null)[0].(null)[0].value3__18/B[17:0] is not pipelined. Pipelining DSP48 input will improve performance.
Related violations: <none>

DPIP-1#217 Warning
Input pipelining  
DSP u_mimo_detector_top/u_gram_matrix_compute/(null)[0].(null)[0].value3__19 input u_mimo_detector_top/u_gram_matrix_compute/(null)[0].(null)[0].value3__19/A[29:0] is not pipelined. Pipelining DSP48 input will improve performance.
Related violations: <none>

DPIP-1#218 Warning
Input pipelining  
DSP u_mimo_detector_top/u_gram_matrix_compute/(null)[0].(null)[0].value3__19 input u_mimo_detector_top/u_gram_matrix_compute/(null)[0].(null)[0].value3__19/B[17:0] is not pipelined. Pipelining DSP48 input will improve performance.
Related violations: <none>

DPIP-1#219 Warning
Input pipelining  
DSP u_mimo_detector_top/u_gram_matrix_compute/(null)[0].(null)[0].value3__2 input u_mimo_detector_top/u_gram_matrix_compute/(null)[0].(null)[0].value3__2/A[29:0] is not pipelined. Pipelining DSP48 input will improve performance.
Related violations: <none>

DPIP-1#220 Warning
Input pipelining  
DSP u_mimo_detector_top/u_gram_matrix_compute/(null)[0].(null)[0].value3__2 input u_mimo_detector_top/u_gram_matrix_compute/(null)[0].(null)[0].value3__2/B[17:0] is not pipelined. Pipelining DSP48 input will improve performance.
Related violations: <none>

DPIP-1#221 Warning
Input pipelining  
DSP u_mimo_detector_top/u_gram_matrix_compute/(null)[0].(null)[0].value3__20 input u_mimo_detector_top/u_gram_matrix_compute/(null)[0].(null)[0].value3__20/A[29:0] is not pipelined. Pipelining DSP48 input will improve performance.
Related violations: <none>

DPIP-1#222 Warning
Input pipelining  
DSP u_mimo_detector_top/u_gram_matrix_compute/(null)[0].(null)[0].value3__20 input u_mimo_detector_top/u_gram_matrix_compute/(null)[0].(null)[0].value3__20/B[17:0] is not pipelined. Pipelining DSP48 input will improve performance.
Related violations: <none>

DPIP-1#223 Warning
Input pipelining  
DSP u_mimo_detector_top/u_gram_matrix_compute/(null)[0].(null)[0].value3__21 input u_mimo_detector_top/u_gram_matrix_compute/(null)[0].(null)[0].value3__21/A[29:0] is not pipelined. Pipelining DSP48 input will improve performance.
Related violations: <none>

DPIP-1#224 Warning
Input pipelining  
DSP u_mimo_detector_top/u_gram_matrix_compute/(null)[0].(null)[0].value3__21 input u_mimo_detector_top/u_gram_matrix_compute/(null)[0].(null)[0].value3__21/B[17:0] is not pipelined. Pipelining DSP48 input will improve performance.
Related violations: <none>

DPIP-1#225 Warning
Input pipelining  
DSP u_mimo_detector_top/u_gram_matrix_compute/(null)[0].(null)[0].value3__22 input u_mimo_detector_top/u_gram_matrix_compute/(null)[0].(null)[0].value3__22/A[29:0] is not pipelined. Pipelining DSP48 input will improve performance.
Related violations: <none>

DPIP-1#226 Warning
Input pipelining  
DSP u_mimo_detector_top/u_gram_matrix_compute/(null)[0].(null)[0].value3__22 input u_mimo_detector_top/u_gram_matrix_compute/(null)[0].(null)[0].value3__22/B[17:0] is not pipelined. Pipelining DSP48 input will improve performance.
Related violations: <none>

DPIP-1#227 Warning
Input pipelining  
DSP u_mimo_detector_top/u_gram_matrix_compute/(null)[0].(null)[0].value3__23 input u_mimo_detector_top/u_gram_matrix_compute/(null)[0].(null)[0].value3__23/A[29:0] is not pipelined. Pipelining DSP48 input will improve performance.
Related violations: <none>

DPIP-1#228 Warning
Input pipelining  
DSP u_mimo_detector_top/u_gram_matrix_compute/(null)[0].(null)[0].value3__23 input u_mimo_detector_top/u_gram_matrix_compute/(null)[0].(null)[0].value3__23/B[17:0] is not pipelined. Pipelining DSP48 input will improve performance.
Related violations: <none>

DPIP-1#229 Warning
Input pipelining  
DSP u_mimo_detector_top/u_gram_matrix_compute/(null)[0].(null)[0].value3__24 input u_mimo_detector_top/u_gram_matrix_compute/(null)[0].(null)[0].value3__24/A[29:0] is not pipelined. Pipelining DSP48 input will improve performance.
Related violations: <none>

DPIP-1#230 Warning
Input pipelining  
DSP u_mimo_detector_top/u_gram_matrix_compute/(null)[0].(null)[0].value3__24 input u_mimo_detector_top/u_gram_matrix_compute/(null)[0].(null)[0].value3__24/B[17:0] is not pipelined. Pipelining DSP48 input will improve performance.
Related violations: <none>

DPIP-1#231 Warning
Input pipelining  
DSP u_mimo_detector_top/u_gram_matrix_compute/(null)[0].(null)[0].value3__25 input u_mimo_detector_top/u_gram_matrix_compute/(null)[0].(null)[0].value3__25/A[29:0] is not pipelined. Pipelining DSP48 input will improve performance.
Related violations: <none>

DPIP-1#232 Warning
Input pipelining  
DSP u_mimo_detector_top/u_gram_matrix_compute/(null)[0].(null)[0].value3__25 input u_mimo_detector_top/u_gram_matrix_compute/(null)[0].(null)[0].value3__25/B[17:0] is not pipelined. Pipelining DSP48 input will improve performance.
Related violations: <none>

DPIP-1#233 Warning
Input pipelining  
DSP u_mimo_detector_top/u_gram_matrix_compute/(null)[0].(null)[0].value3__26 input u_mimo_detector_top/u_gram_matrix_compute/(null)[0].(null)[0].value3__26/A[29:0] is not pipelined. Pipelining DSP48 input will improve performance.
Related violations: <none>

DPIP-1#234 Warning
Input pipelining  
DSP u_mimo_detector_top/u_gram_matrix_compute/(null)[0].(null)[0].value3__26 input u_mimo_detector_top/u_gram_matrix_compute/(null)[0].(null)[0].value3__26/B[17:0] is not pipelined. Pipelining DSP48 input will improve performance.
Related violations: <none>

DPIP-1#235 Warning
Input pipelining  
DSP u_mimo_detector_top/u_gram_matrix_compute/(null)[0].(null)[0].value3__27 input u_mimo_detector_top/u_gram_matrix_compute/(null)[0].(null)[0].value3__27/A[29:0] is not pipelined. Pipelining DSP48 input will improve performance.
Related violations: <none>

DPIP-1#236 Warning
Input pipelining  
DSP u_mimo_detector_top/u_gram_matrix_compute/(null)[0].(null)[0].value3__27 input u_mimo_detector_top/u_gram_matrix_compute/(null)[0].(null)[0].value3__27/B[17:0] is not pipelined. Pipelining DSP48 input will improve performance.
Related violations: <none>

DPIP-1#237 Warning
Input pipelining  
DSP u_mimo_detector_top/u_gram_matrix_compute/(null)[0].(null)[0].value3__28 input u_mimo_detector_top/u_gram_matrix_compute/(null)[0].(null)[0].value3__28/A[29:0] is not pipelined. Pipelining DSP48 input will improve performance.
Related violations: <none>

DPIP-1#238 Warning
Input pipelining  
DSP u_mimo_detector_top/u_gram_matrix_compute/(null)[0].(null)[0].value3__28 input u_mimo_detector_top/u_gram_matrix_compute/(null)[0].(null)[0].value3__28/B[17:0] is not pipelined. Pipelining DSP48 input will improve performance.
Related violations: <none>

DPIP-1#239 Warning
Input pipelining  
DSP u_mimo_detector_top/u_gram_matrix_compute/(null)[0].(null)[0].value3__29 input u_mimo_detector_top/u_gram_matrix_compute/(null)[0].(null)[0].value3__29/A[29:0] is not pipelined. Pipelining DSP48 input will improve performance.
Related violations: <none>

DPIP-1#240 Warning
Input pipelining  
DSP u_mimo_detector_top/u_gram_matrix_compute/(null)[0].(null)[0].value3__29 input u_mimo_detector_top/u_gram_matrix_compute/(null)[0].(null)[0].value3__29/B[17:0] is not pipelined. Pipelining DSP48 input will improve performance.
Related violations: <none>

DPIP-1#241 Warning
Input pipelining  
DSP u_mimo_detector_top/u_gram_matrix_compute/(null)[0].(null)[0].value3__3 input u_mimo_detector_top/u_gram_matrix_compute/(null)[0].(null)[0].value3__3/A[29:0] is not pipelined. Pipelining DSP48 input will improve performance.
Related violations: <none>

DPIP-1#242 Warning
Input pipelining  
DSP u_mimo_detector_top/u_gram_matrix_compute/(null)[0].(null)[0].value3__3 input u_mimo_detector_top/u_gram_matrix_compute/(null)[0].(null)[0].value3__3/B[17:0] is not pipelined. Pipelining DSP48 input will improve performance.
Related violations: <none>

DPIP-1#243 Warning
Input pipelining  
DSP u_mimo_detector_top/u_gram_matrix_compute/(null)[0].(null)[0].value3__30 input u_mimo_detector_top/u_gram_matrix_compute/(null)[0].(null)[0].value3__30/A[29:0] is not pipelined. Pipelining DSP48 input will improve performance.
Related violations: <none>

DPIP-1#244 Warning
Input pipelining  
DSP u_mimo_detector_top/u_gram_matrix_compute/(null)[0].(null)[0].value3__30 input u_mimo_detector_top/u_gram_matrix_compute/(null)[0].(null)[0].value3__30/B[17:0] is not pipelined. Pipelining DSP48 input will improve performance.
Related violations: <none>

DPIP-1#245 Warning
Input pipelining  
DSP u_mimo_detector_top/u_gram_matrix_compute/(null)[0].(null)[0].value3__31 input u_mimo_detector_top/u_gram_matrix_compute/(null)[0].(null)[0].value3__31/A[29:0] is not pipelined. Pipelining DSP48 input will improve performance.
Related violations: <none>

DPIP-1#246 Warning
Input pipelining  
DSP u_mimo_detector_top/u_gram_matrix_compute/(null)[0].(null)[0].value3__31 input u_mimo_detector_top/u_gram_matrix_compute/(null)[0].(null)[0].value3__31/B[17:0] is not pipelined. Pipelining DSP48 input will improve performance.
Related violations: <none>

DPIP-1#247 Warning
Input pipelining  
DSP u_mimo_detector_top/u_gram_matrix_compute/(null)[0].(null)[0].value3__32 input u_mimo_detector_top/u_gram_matrix_compute/(null)[0].(null)[0].value3__32/A[29:0] is not pipelined. Pipelining DSP48 input will improve performance.
Related violations: <none>

DPIP-1#248 Warning
Input pipelining  
DSP u_mimo_detector_top/u_gram_matrix_compute/(null)[0].(null)[0].value3__32 input u_mimo_detector_top/u_gram_matrix_compute/(null)[0].(null)[0].value3__32/B[17:0] is not pipelined. Pipelining DSP48 input will improve performance.
Related violations: <none>

DPIP-1#249 Warning
Input pipelining  
DSP u_mimo_detector_top/u_gram_matrix_compute/(null)[0].(null)[0].value3__33 input u_mimo_detector_top/u_gram_matrix_compute/(null)[0].(null)[0].value3__33/A[29:0] is not pipelined. Pipelining DSP48 input will improve performance.
Related violations: <none>

DPIP-1#250 Warning
Input pipelining  
DSP u_mimo_detector_top/u_gram_matrix_compute/(null)[0].(null)[0].value3__33 input u_mimo_detector_top/u_gram_matrix_compute/(null)[0].(null)[0].value3__33/B[17:0] is not pipelined. Pipelining DSP48 input will improve performance.
Related violations: <none>

DPIP-1#251 Warning
Input pipelining  
DSP u_mimo_detector_top/u_gram_matrix_compute/(null)[0].(null)[0].value3__34 input u_mimo_detector_top/u_gram_matrix_compute/(null)[0].(null)[0].value3__34/A[29:0] is not pipelined. Pipelining DSP48 input will improve performance.
Related violations: <none>

DPIP-1#252 Warning
Input pipelining  
DSP u_mimo_detector_top/u_gram_matrix_compute/(null)[0].(null)[0].value3__34 input u_mimo_detector_top/u_gram_matrix_compute/(null)[0].(null)[0].value3__34/B[17:0] is not pipelined. Pipelining DSP48 input will improve performance.
Related violations: <none>

DPIP-1#253 Warning
Input pipelining  
DSP u_mimo_detector_top/u_gram_matrix_compute/(null)[0].(null)[0].value3__35 input u_mimo_detector_top/u_gram_matrix_compute/(null)[0].(null)[0].value3__35/A[29:0] is not pipelined. Pipelining DSP48 input will improve performance.
Related violations: <none>

DPIP-1#254 Warning
Input pipelining  
DSP u_mimo_detector_top/u_gram_matrix_compute/(null)[0].(null)[0].value3__35 input u_mimo_detector_top/u_gram_matrix_compute/(null)[0].(null)[0].value3__35/B[17:0] is not pipelined. Pipelining DSP48 input will improve performance.
Related violations: <none>

DPIP-1#255 Warning
Input pipelining  
DSP u_mimo_detector_top/u_gram_matrix_compute/(null)[0].(null)[0].value3__36 input u_mimo_detector_top/u_gram_matrix_compute/(null)[0].(null)[0].value3__36/A[29:0] is not pipelined. Pipelining DSP48 input will improve performance.
Related violations: <none>

DPIP-1#256 Warning
Input pipelining  
DSP u_mimo_detector_top/u_gram_matrix_compute/(null)[0].(null)[0].value3__36 input u_mimo_detector_top/u_gram_matrix_compute/(null)[0].(null)[0].value3__36/B[17:0] is not pipelined. Pipelining DSP48 input will improve performance.
Related violations: <none>

DPIP-1#257 Warning
Input pipelining  
DSP u_mimo_detector_top/u_gram_matrix_compute/(null)[0].(null)[0].value3__37 input u_mimo_detector_top/u_gram_matrix_compute/(null)[0].(null)[0].value3__37/A[29:0] is not pipelined. Pipelining DSP48 input will improve performance.
Related violations: <none>

DPIP-1#258 Warning
Input pipelining  
DSP u_mimo_detector_top/u_gram_matrix_compute/(null)[0].(null)[0].value3__37 input u_mimo_detector_top/u_gram_matrix_compute/(null)[0].(null)[0].value3__37/B[17:0] is not pipelined. Pipelining DSP48 input will improve performance.
Related violations: <none>

DPIP-1#259 Warning
Input pipelining  
DSP u_mimo_detector_top/u_gram_matrix_compute/(null)[0].(null)[0].value3__38 input u_mimo_detector_top/u_gram_matrix_compute/(null)[0].(null)[0].value3__38/A[29:0] is not pipelined. Pipelining DSP48 input will improve performance.
Related violations: <none>

DPIP-1#260 Warning
Input pipelining  
DSP u_mimo_detector_top/u_gram_matrix_compute/(null)[0].(null)[0].value3__38 input u_mimo_detector_top/u_gram_matrix_compute/(null)[0].(null)[0].value3__38/B[17:0] is not pipelined. Pipelining DSP48 input will improve performance.
Related violations: <none>

DPIP-1#261 Warning
Input pipelining  
DSP u_mimo_detector_top/u_gram_matrix_compute/(null)[0].(null)[0].value3__39 input u_mimo_detector_top/u_gram_matrix_compute/(null)[0].(null)[0].value3__39/A[29:0] is not pipelined. Pipelining DSP48 input will improve performance.
Related violations: <none>

DPIP-1#262 Warning
Input pipelining  
DSP u_mimo_detector_top/u_gram_matrix_compute/(null)[0].(null)[0].value3__39 input u_mimo_detector_top/u_gram_matrix_compute/(null)[0].(null)[0].value3__39/B[17:0] is not pipelined. Pipelining DSP48 input will improve performance.
Related violations: <none>

DPIP-1#263 Warning
Input pipelining  
DSP u_mimo_detector_top/u_gram_matrix_compute/(null)[0].(null)[0].value3__4 input u_mimo_detector_top/u_gram_matrix_compute/(null)[0].(null)[0].value3__4/A[29:0] is not pipelined. Pipelining DSP48 input will improve performance.
Related violations: <none>

DPIP-1#264 Warning
Input pipelining  
DSP u_mimo_detector_top/u_gram_matrix_compute/(null)[0].(null)[0].value3__4 input u_mimo_detector_top/u_gram_matrix_compute/(null)[0].(null)[0].value3__4/B[17:0] is not pipelined. Pipelining DSP48 input will improve performance.
Related violations: <none>

DPIP-1#265 Warning
Input pipelining  
DSP u_mimo_detector_top/u_gram_matrix_compute/(null)[0].(null)[0].value3__40 input u_mimo_detector_top/u_gram_matrix_compute/(null)[0].(null)[0].value3__40/A[29:0] is not pipelined. Pipelining DSP48 input will improve performance.
Related violations: <none>

DPIP-1#266 Warning
Input pipelining  
DSP u_mimo_detector_top/u_gram_matrix_compute/(null)[0].(null)[0].value3__40 input u_mimo_detector_top/u_gram_matrix_compute/(null)[0].(null)[0].value3__40/B[17:0] is not pipelined. Pipelining DSP48 input will improve performance.
Related violations: <none>

DPIP-1#267 Warning
Input pipelining  
DSP u_mimo_detector_top/u_gram_matrix_compute/(null)[0].(null)[0].value3__41 input u_mimo_detector_top/u_gram_matrix_compute/(null)[0].(null)[0].value3__41/A[29:0] is not pipelined. Pipelining DSP48 input will improve performance.
Related violations: <none>

DPIP-1#268 Warning
Input pipelining  
DSP u_mimo_detector_top/u_gram_matrix_compute/(null)[0].(null)[0].value3__41 input u_mimo_detector_top/u_gram_matrix_compute/(null)[0].(null)[0].value3__41/B[17:0] is not pipelined. Pipelining DSP48 input will improve performance.
Related violations: <none>

DPIP-1#269 Warning
Input pipelining  
DSP u_mimo_detector_top/u_gram_matrix_compute/(null)[0].(null)[0].value3__42 input u_mimo_detector_top/u_gram_matrix_compute/(null)[0].(null)[0].value3__42/A[29:0] is not pipelined. Pipelining DSP48 input will improve performance.
Related violations: <none>

DPIP-1#270 Warning
Input pipelining  
DSP u_mimo_detector_top/u_gram_matrix_compute/(null)[0].(null)[0].value3__42 input u_mimo_detector_top/u_gram_matrix_compute/(null)[0].(null)[0].value3__42/B[17:0] is not pipelined. Pipelining DSP48 input will improve performance.
Related violations: <none>

DPIP-1#271 Warning
Input pipelining  
DSP u_mimo_detector_top/u_gram_matrix_compute/(null)[0].(null)[0].value3__43 input u_mimo_detector_top/u_gram_matrix_compute/(null)[0].(null)[0].value3__43/A[29:0] is not pipelined. Pipelining DSP48 input will improve performance.
Related violations: <none>

DPIP-1#272 Warning
Input pipelining  
DSP u_mimo_detector_top/u_gram_matrix_compute/(null)[0].(null)[0].value3__43 input u_mimo_detector_top/u_gram_matrix_compute/(null)[0].(null)[0].value3__43/B[17:0] is not pipelined. Pipelining DSP48 input will improve performance.
Related violations: <none>

DPIP-1#273 Warning
Input pipelining  
DSP u_mimo_detector_top/u_gram_matrix_compute/(null)[0].(null)[0].value3__44 input u_mimo_detector_top/u_gram_matrix_compute/(null)[0].(null)[0].value3__44/A[29:0] is not pipelined. Pipelining DSP48 input will improve performance.
Related violations: <none>

DPIP-1#274 Warning
Input pipelining  
DSP u_mimo_detector_top/u_gram_matrix_compute/(null)[0].(null)[0].value3__44 input u_mimo_detector_top/u_gram_matrix_compute/(null)[0].(null)[0].value3__44/B[17:0] is not pipelined. Pipelining DSP48 input will improve performance.
Related violations: <none>

DPIP-1#275 Warning
Input pipelining  
DSP u_mimo_detector_top/u_gram_matrix_compute/(null)[0].(null)[0].value3__45 input u_mimo_detector_top/u_gram_matrix_compute/(null)[0].(null)[0].value3__45/A[29:0] is not pipelined. Pipelining DSP48 input will improve performance.
Related violations: <none>

DPIP-1#276 Warning
Input pipelining  
DSP u_mimo_detector_top/u_gram_matrix_compute/(null)[0].(null)[0].value3__45 input u_mimo_detector_top/u_gram_matrix_compute/(null)[0].(null)[0].value3__45/B[17:0] is not pipelined. Pipelining DSP48 input will improve performance.
Related violations: <none>

DPIP-1#277 Warning
Input pipelining  
DSP u_mimo_detector_top/u_gram_matrix_compute/(null)[0].(null)[0].value3__46 input u_mimo_detector_top/u_gram_matrix_compute/(null)[0].(null)[0].value3__46/A[29:0] is not pipelined. Pipelining DSP48 input will improve performance.
Related violations: <none>

DPIP-1#278 Warning
Input pipelining  
DSP u_mimo_detector_top/u_gram_matrix_compute/(null)[0].(null)[0].value3__46 input u_mimo_detector_top/u_gram_matrix_compute/(null)[0].(null)[0].value3__46/B[17:0] is not pipelined. Pipelining DSP48 input will improve performance.
Related violations: <none>

DPIP-1#279 Warning
Input pipelining  
DSP u_mimo_detector_top/u_gram_matrix_compute/(null)[0].(null)[0].value3__47 input u_mimo_detector_top/u_gram_matrix_compute/(null)[0].(null)[0].value3__47/A[29:0] is not pipelined. Pipelining DSP48 input will improve performance.
Related violations: <none>

DPIP-1#280 Warning
Input pipelining  
DSP u_mimo_detector_top/u_gram_matrix_compute/(null)[0].(null)[0].value3__47 input u_mimo_detector_top/u_gram_matrix_compute/(null)[0].(null)[0].value3__47/B[17:0] is not pipelined. Pipelining DSP48 input will improve performance.
Related violations: <none>

DPIP-1#281 Warning
Input pipelining  
DSP u_mimo_detector_top/u_gram_matrix_compute/(null)[0].(null)[0].value3__48 input u_mimo_detector_top/u_gram_matrix_compute/(null)[0].(null)[0].value3__48/A[29:0] is not pipelined. Pipelining DSP48 input will improve performance.
Related violations: <none>

DPIP-1#282 Warning
Input pipelining  
DSP u_mimo_detector_top/u_gram_matrix_compute/(null)[0].(null)[0].value3__48 input u_mimo_detector_top/u_gram_matrix_compute/(null)[0].(null)[0].value3__48/B[17:0] is not pipelined. Pipelining DSP48 input will improve performance.
Related violations: <none>

DPIP-1#283 Warning
Input pipelining  
DSP u_mimo_detector_top/u_gram_matrix_compute/(null)[0].(null)[0].value3__49 input u_mimo_detector_top/u_gram_matrix_compute/(null)[0].(null)[0].value3__49/A[29:0] is not pipelined. Pipelining DSP48 input will improve performance.
Related violations: <none>

DPIP-1#284 Warning
Input pipelining  
DSP u_mimo_detector_top/u_gram_matrix_compute/(null)[0].(null)[0].value3__49 input u_mimo_detector_top/u_gram_matrix_compute/(null)[0].(null)[0].value3__49/B[17:0] is not pipelined. Pipelining DSP48 input will improve performance.
Related violations: <none>

DPIP-1#285 Warning
Input pipelining  
DSP u_mimo_detector_top/u_gram_matrix_compute/(null)[0].(null)[0].value3__5 input u_mimo_detector_top/u_gram_matrix_compute/(null)[0].(null)[0].value3__5/A[29:0] is not pipelined. Pipelining DSP48 input will improve performance.
Related violations: <none>

DPIP-1#286 Warning
Input pipelining  
DSP u_mimo_detector_top/u_gram_matrix_compute/(null)[0].(null)[0].value3__5 input u_mimo_detector_top/u_gram_matrix_compute/(null)[0].(null)[0].value3__5/B[17:0] is not pipelined. Pipelining DSP48 input will improve performance.
Related violations: <none>

DPIP-1#287 Warning
Input pipelining  
DSP u_mimo_detector_top/u_gram_matrix_compute/(null)[0].(null)[0].value3__50 input u_mimo_detector_top/u_gram_matrix_compute/(null)[0].(null)[0].value3__50/A[29:0] is not pipelined. Pipelining DSP48 input will improve performance.
Related violations: <none>

DPIP-1#288 Warning
Input pipelining  
DSP u_mimo_detector_top/u_gram_matrix_compute/(null)[0].(null)[0].value3__50 input u_mimo_detector_top/u_gram_matrix_compute/(null)[0].(null)[0].value3__50/B[17:0] is not pipelined. Pipelining DSP48 input will improve performance.
Related violations: <none>

DPIP-1#289 Warning
Input pipelining  
DSP u_mimo_detector_top/u_gram_matrix_compute/(null)[0].(null)[0].value3__51 input u_mimo_detector_top/u_gram_matrix_compute/(null)[0].(null)[0].value3__51/A[29:0] is not pipelined. Pipelining DSP48 input will improve performance.
Related violations: <none>

DPIP-1#290 Warning
Input pipelining  
DSP u_mimo_detector_top/u_gram_matrix_compute/(null)[0].(null)[0].value3__51 input u_mimo_detector_top/u_gram_matrix_compute/(null)[0].(null)[0].value3__51/B[17:0] is not pipelined. Pipelining DSP48 input will improve performance.
Related violations: <none>

DPIP-1#291 Warning
Input pipelining  
DSP u_mimo_detector_top/u_gram_matrix_compute/(null)[0].(null)[0].value3__52 input u_mimo_detector_top/u_gram_matrix_compute/(null)[0].(null)[0].value3__52/A[29:0] is not pipelined. Pipelining DSP48 input will improve performance.
Related violations: <none>

DPIP-1#292 Warning
Input pipelining  
DSP u_mimo_detector_top/u_gram_matrix_compute/(null)[0].(null)[0].value3__52 input u_mimo_detector_top/u_gram_matrix_compute/(null)[0].(null)[0].value3__52/B[17:0] is not pipelined. Pipelining DSP48 input will improve performance.
Related violations: <none>

DPIP-1#293 Warning
Input pipelining  
DSP u_mimo_detector_top/u_gram_matrix_compute/(null)[0].(null)[0].value3__53 input u_mimo_detector_top/u_gram_matrix_compute/(null)[0].(null)[0].value3__53/A[29:0] is not pipelined. Pipelining DSP48 input will improve performance.
Related violations: <none>

DPIP-1#294 Warning
Input pipelining  
DSP u_mimo_detector_top/u_gram_matrix_compute/(null)[0].(null)[0].value3__53 input u_mimo_detector_top/u_gram_matrix_compute/(null)[0].(null)[0].value3__53/B[17:0] is not pipelined. Pipelining DSP48 input will improve performance.
Related violations: <none>

DPIP-1#295 Warning
Input pipelining  
DSP u_mimo_detector_top/u_gram_matrix_compute/(null)[0].(null)[0].value3__54 input u_mimo_detector_top/u_gram_matrix_compute/(null)[0].(null)[0].value3__54/A[29:0] is not pipelined. Pipelining DSP48 input will improve performance.
Related violations: <none>

DPIP-1#296 Warning
Input pipelining  
DSP u_mimo_detector_top/u_gram_matrix_compute/(null)[0].(null)[0].value3__54 input u_mimo_detector_top/u_gram_matrix_compute/(null)[0].(null)[0].value3__54/B[17:0] is not pipelined. Pipelining DSP48 input will improve performance.
Related violations: <none>

DPIP-1#297 Warning
Input pipelining  
DSP u_mimo_detector_top/u_gram_matrix_compute/(null)[0].(null)[0].value3__55 input u_mimo_detector_top/u_gram_matrix_compute/(null)[0].(null)[0].value3__55/A[29:0] is not pipelined. Pipelining DSP48 input will improve performance.
Related violations: <none>

DPIP-1#298 Warning
Input pipelining  
DSP u_mimo_detector_top/u_gram_matrix_compute/(null)[0].(null)[0].value3__55 input u_mimo_detector_top/u_gram_matrix_compute/(null)[0].(null)[0].value3__55/B[17:0] is not pipelined. Pipelining DSP48 input will improve performance.
Related violations: <none>

DPIP-1#299 Warning
Input pipelining  
DSP u_mimo_detector_top/u_gram_matrix_compute/(null)[0].(null)[0].value3__56 input u_mimo_detector_top/u_gram_matrix_compute/(null)[0].(null)[0].value3__56/A[29:0] is not pipelined. Pipelining DSP48 input will improve performance.
Related violations: <none>

DPIP-1#300 Warning
Input pipelining  
DSP u_mimo_detector_top/u_gram_matrix_compute/(null)[0].(null)[0].value3__56 input u_mimo_detector_top/u_gram_matrix_compute/(null)[0].(null)[0].value3__56/B[17:0] is not pipelined. Pipelining DSP48 input will improve performance.
Related violations: <none>

DPIP-1#301 Warning
Input pipelining  
DSP u_mimo_detector_top/u_gram_matrix_compute/(null)[0].(null)[0].value3__57 input u_mimo_detector_top/u_gram_matrix_compute/(null)[0].(null)[0].value3__57/A[29:0] is not pipelined. Pipelining DSP48 input will improve performance.
Related violations: <none>

DPIP-1#302 Warning
Input pipelining  
DSP u_mimo_detector_top/u_gram_matrix_compute/(null)[0].(null)[0].value3__57 input u_mimo_detector_top/u_gram_matrix_compute/(null)[0].(null)[0].value3__57/B[17:0] is not pipelined. Pipelining DSP48 input will improve performance.
Related violations: <none>

DPIP-1#303 Warning
Input pipelining  
DSP u_mimo_detector_top/u_gram_matrix_compute/(null)[0].(null)[0].value3__58 input u_mimo_detector_top/u_gram_matrix_compute/(null)[0].(null)[0].value3__58/A[29:0] is not pipelined. Pipelining DSP48 input will improve performance.
Related violations: <none>

DPIP-1#304 Warning
Input pipelining  
DSP u_mimo_detector_top/u_gram_matrix_compute/(null)[0].(null)[0].value3__58 input u_mimo_detector_top/u_gram_matrix_compute/(null)[0].(null)[0].value3__58/B[17:0] is not pipelined. Pipelining DSP48 input will improve performance.
Related violations: <none>

DPIP-1#305 Warning
Input pipelining  
DSP u_mimo_detector_top/u_gram_matrix_compute/(null)[0].(null)[0].value3__59 input u_mimo_detector_top/u_gram_matrix_compute/(null)[0].(null)[0].value3__59/A[29:0] is not pipelined. Pipelining DSP48 input will improve performance.
Related violations: <none>

DPIP-1#306 Warning
Input pipelining  
DSP u_mimo_detector_top/u_gram_matrix_compute/(null)[0].(null)[0].value3__59 input u_mimo_detector_top/u_gram_matrix_compute/(null)[0].(null)[0].value3__59/B[17:0] is not pipelined. Pipelining DSP48 input will improve performance.
Related violations: <none>

DPIP-1#307 Warning
Input pipelining  
DSP u_mimo_detector_top/u_gram_matrix_compute/(null)[0].(null)[0].value3__6 input u_mimo_detector_top/u_gram_matrix_compute/(null)[0].(null)[0].value3__6/A[29:0] is not pipelined. Pipelining DSP48 input will improve performance.
Related violations: <none>

DPIP-1#308 Warning
Input pipelining  
DSP u_mimo_detector_top/u_gram_matrix_compute/(null)[0].(null)[0].value3__6 input u_mimo_detector_top/u_gram_matrix_compute/(null)[0].(null)[0].value3__6/B[17:0] is not pipelined. Pipelining DSP48 input will improve performance.
Related violations: <none>

DPIP-1#309 Warning
Input pipelining  
DSP u_mimo_detector_top/u_gram_matrix_compute/(null)[0].(null)[0].value3__60 input u_mimo_detector_top/u_gram_matrix_compute/(null)[0].(null)[0].value3__60/A[29:0] is not pipelined. Pipelining DSP48 input will improve performance.
Related violations: <none>

DPIP-1#310 Warning
Input pipelining  
DSP u_mimo_detector_top/u_gram_matrix_compute/(null)[0].(null)[0].value3__60 input u_mimo_detector_top/u_gram_matrix_compute/(null)[0].(null)[0].value3__60/B[17:0] is not pipelined. Pipelining DSP48 input will improve performance.
Related violations: <none>

DPIP-1#311 Warning
Input pipelining  
DSP u_mimo_detector_top/u_gram_matrix_compute/(null)[0].(null)[0].value3__61 input u_mimo_detector_top/u_gram_matrix_compute/(null)[0].(null)[0].value3__61/A[29:0] is not pipelined. Pipelining DSP48 input will improve performance.
Related violations: <none>

DPIP-1#312 Warning
Input pipelining  
DSP u_mimo_detector_top/u_gram_matrix_compute/(null)[0].(null)[0].value3__61 input u_mimo_detector_top/u_gram_matrix_compute/(null)[0].(null)[0].value3__61/B[17:0] is not pipelined. Pipelining DSP48 input will improve performance.
Related violations: <none>

DPIP-1#313 Warning
Input pipelining  
DSP u_mimo_detector_top/u_gram_matrix_compute/(null)[0].(null)[0].value3__62 input u_mimo_detector_top/u_gram_matrix_compute/(null)[0].(null)[0].value3__62/A[29:0] is not pipelined. Pipelining DSP48 input will improve performance.
Related violations: <none>

DPIP-1#314 Warning
Input pipelining  
DSP u_mimo_detector_top/u_gram_matrix_compute/(null)[0].(null)[0].value3__62 input u_mimo_detector_top/u_gram_matrix_compute/(null)[0].(null)[0].value3__62/B[17:0] is not pipelined. Pipelining DSP48 input will improve performance.
Related violations: <none>

DPIP-1#315 Warning
Input pipelining  
DSP u_mimo_detector_top/u_gram_matrix_compute/(null)[0].(null)[0].value3__63 input u_mimo_detector_top/u_gram_matrix_compute/(null)[0].(null)[0].value3__63/A[29:0] is not pipelined. Pipelining DSP48 input will improve performance.
Related violations: <none>

DPIP-1#316 Warning
Input pipelining  
DSP u_mimo_detector_top/u_gram_matrix_compute/(null)[0].(null)[0].value3__63 input u_mimo_detector_top/u_gram_matrix_compute/(null)[0].(null)[0].value3__63/B[17:0] is not pipelined. Pipelining DSP48 input will improve performance.
Related violations: <none>

DPIP-1#317 Warning
Input pipelining  
DSP u_mimo_detector_top/u_gram_matrix_compute/(null)[0].(null)[0].value3__64 input u_mimo_detector_top/u_gram_matrix_compute/(null)[0].(null)[0].value3__64/A[29:0] is not pipelined. Pipelining DSP48 input will improve performance.
Related violations: <none>

DPIP-1#318 Warning
Input pipelining  
DSP u_mimo_detector_top/u_gram_matrix_compute/(null)[0].(null)[0].value3__64 input u_mimo_detector_top/u_gram_matrix_compute/(null)[0].(null)[0].value3__64/B[17:0] is not pipelined. Pipelining DSP48 input will improve performance.
Related violations: <none>

DPIP-1#319 Warning
Input pipelining  
DSP u_mimo_detector_top/u_gram_matrix_compute/(null)[0].(null)[0].value3__65 input u_mimo_detector_top/u_gram_matrix_compute/(null)[0].(null)[0].value3__65/A[29:0] is not pipelined. Pipelining DSP48 input will improve performance.
Related violations: <none>

DPIP-1#320 Warning
Input pipelining  
DSP u_mimo_detector_top/u_gram_matrix_compute/(null)[0].(null)[0].value3__65 input u_mimo_detector_top/u_gram_matrix_compute/(null)[0].(null)[0].value3__65/B[17:0] is not pipelined. Pipelining DSP48 input will improve performance.
Related violations: <none>

DPIP-1#321 Warning
Input pipelining  
DSP u_mimo_detector_top/u_gram_matrix_compute/(null)[0].(null)[0].value3__66 input u_mimo_detector_top/u_gram_matrix_compute/(null)[0].(null)[0].value3__66/A[29:0] is not pipelined. Pipelining DSP48 input will improve performance.
Related violations: <none>

DPIP-1#322 Warning
Input pipelining  
DSP u_mimo_detector_top/u_gram_matrix_compute/(null)[0].(null)[0].value3__66 input u_mimo_detector_top/u_gram_matrix_compute/(null)[0].(null)[0].value3__66/B[17:0] is not pipelined. Pipelining DSP48 input will improve performance.
Related violations: <none>

DPIP-1#323 Warning
Input pipelining  
DSP u_mimo_detector_top/u_gram_matrix_compute/(null)[0].(null)[0].value3__67 input u_mimo_detector_top/u_gram_matrix_compute/(null)[0].(null)[0].value3__67/A[29:0] is not pipelined. Pipelining DSP48 input will improve performance.
Related violations: <none>

DPIP-1#324 Warning
Input pipelining  
DSP u_mimo_detector_top/u_gram_matrix_compute/(null)[0].(null)[0].value3__67 input u_mimo_detector_top/u_gram_matrix_compute/(null)[0].(null)[0].value3__67/B[17:0] is not pipelined. Pipelining DSP48 input will improve performance.
Related violations: <none>

DPIP-1#325 Warning
Input pipelining  
DSP u_mimo_detector_top/u_gram_matrix_compute/(null)[0].(null)[0].value3__68 input u_mimo_detector_top/u_gram_matrix_compute/(null)[0].(null)[0].value3__68/A[29:0] is not pipelined. Pipelining DSP48 input will improve performance.
Related violations: <none>

DPIP-1#326 Warning
Input pipelining  
DSP u_mimo_detector_top/u_gram_matrix_compute/(null)[0].(null)[0].value3__68 input u_mimo_detector_top/u_gram_matrix_compute/(null)[0].(null)[0].value3__68/B[17:0] is not pipelined. Pipelining DSP48 input will improve performance.
Related violations: <none>

DPIP-1#327 Warning
Input pipelining  
DSP u_mimo_detector_top/u_gram_matrix_compute/(null)[0].(null)[0].value3__69 input u_mimo_detector_top/u_gram_matrix_compute/(null)[0].(null)[0].value3__69/A[29:0] is not pipelined. Pipelining DSP48 input will improve performance.
Related violations: <none>

DPIP-1#328 Warning
Input pipelining  
DSP u_mimo_detector_top/u_gram_matrix_compute/(null)[0].(null)[0].value3__69 input u_mimo_detector_top/u_gram_matrix_compute/(null)[0].(null)[0].value3__69/B[17:0] is not pipelined. Pipelining DSP48 input will improve performance.
Related violations: <none>

DPIP-1#329 Warning
Input pipelining  
DSP u_mimo_detector_top/u_gram_matrix_compute/(null)[0].(null)[0].value3__7 input u_mimo_detector_top/u_gram_matrix_compute/(null)[0].(null)[0].value3__7/A[29:0] is not pipelined. Pipelining DSP48 input will improve performance.
Related violations: <none>

DPIP-1#330 Warning
Input pipelining  
DSP u_mimo_detector_top/u_gram_matrix_compute/(null)[0].(null)[0].value3__7 input u_mimo_detector_top/u_gram_matrix_compute/(null)[0].(null)[0].value3__7/B[17:0] is not pipelined. Pipelining DSP48 input will improve performance.
Related violations: <none>

DPIP-1#331 Warning
Input pipelining  
DSP u_mimo_detector_top/u_gram_matrix_compute/(null)[0].(null)[0].value3__70 input u_mimo_detector_top/u_gram_matrix_compute/(null)[0].(null)[0].value3__70/A[29:0] is not pipelined. Pipelining DSP48 input will improve performance.
Related violations: <none>

DPIP-1#332 Warning
Input pipelining  
DSP u_mimo_detector_top/u_gram_matrix_compute/(null)[0].(null)[0].value3__70 input u_mimo_detector_top/u_gram_matrix_compute/(null)[0].(null)[0].value3__70/B[17:0] is not pipelined. Pipelining DSP48 input will improve performance.
Related violations: <none>

DPIP-1#333 Warning
Input pipelining  
DSP u_mimo_detector_top/u_gram_matrix_compute/(null)[0].(null)[0].value3__71 input u_mimo_detector_top/u_gram_matrix_compute/(null)[0].(null)[0].value3__71/A[29:0] is not pipelined. Pipelining DSP48 input will improve performance.
Related violations: <none>

DPIP-1#334 Warning
Input pipelining  
DSP u_mimo_detector_top/u_gram_matrix_compute/(null)[0].(null)[0].value3__71 input u_mimo_detector_top/u_gram_matrix_compute/(null)[0].(null)[0].value3__71/B[17:0] is not pipelined. Pipelining DSP48 input will improve performance.
Related violations: <none>

DPIP-1#335 Warning
Input pipelining  
DSP u_mimo_detector_top/u_gram_matrix_compute/(null)[0].(null)[0].value3__72 input u_mimo_detector_top/u_gram_matrix_compute/(null)[0].(null)[0].value3__72/A[29:0] is not pipelined. Pipelining DSP48 input will improve performance.
Related violations: <none>

DPIP-1#336 Warning
Input pipelining  
DSP u_mimo_detector_top/u_gram_matrix_compute/(null)[0].(null)[0].value3__72 input u_mimo_detector_top/u_gram_matrix_compute/(null)[0].(null)[0].value3__72/B[17:0] is not pipelined. Pipelining DSP48 input will improve performance.
Related violations: <none>

DPIP-1#337 Warning
Input pipelining  
DSP u_mimo_detector_top/u_gram_matrix_compute/(null)[0].(null)[0].value3__73 input u_mimo_detector_top/u_gram_matrix_compute/(null)[0].(null)[0].value3__73/A[29:0] is not pipelined. Pipelining DSP48 input will improve performance.
Related violations: <none>

DPIP-1#338 Warning
Input pipelining  
DSP u_mimo_detector_top/u_gram_matrix_compute/(null)[0].(null)[0].value3__73 input u_mimo_detector_top/u_gram_matrix_compute/(null)[0].(null)[0].value3__73/B[17:0] is not pipelined. Pipelining DSP48 input will improve performance.
Related violations: <none>

DPIP-1#339 Warning
Input pipelining  
DSP u_mimo_detector_top/u_gram_matrix_compute/(null)[0].(null)[0].value3__74 input u_mimo_detector_top/u_gram_matrix_compute/(null)[0].(null)[0].value3__74/A[29:0] is not pipelined. Pipelining DSP48 input will improve performance.
Related violations: <none>

DPIP-1#340 Warning
Input pipelining  
DSP u_mimo_detector_top/u_gram_matrix_compute/(null)[0].(null)[0].value3__74 input u_mimo_detector_top/u_gram_matrix_compute/(null)[0].(null)[0].value3__74/B[17:0] is not pipelined. Pipelining DSP48 input will improve performance.
Related violations: <none>

DPIP-1#341 Warning
Input pipelining  
DSP u_mimo_detector_top/u_gram_matrix_compute/(null)[0].(null)[0].value3__75 input u_mimo_detector_top/u_gram_matrix_compute/(null)[0].(null)[0].value3__75/A[29:0] is not pipelined. Pipelining DSP48 input will improve performance.
Related violations: <none>

DPIP-1#342 Warning
Input pipelining  
DSP u_mimo_detector_top/u_gram_matrix_compute/(null)[0].(null)[0].value3__75 input u_mimo_detector_top/u_gram_matrix_compute/(null)[0].(null)[0].value3__75/B[17:0] is not pipelined. Pipelining DSP48 input will improve performance.
Related violations: <none>

DPIP-1#343 Warning
Input pipelining  
DSP u_mimo_detector_top/u_gram_matrix_compute/(null)[0].(null)[0].value3__76 input u_mimo_detector_top/u_gram_matrix_compute/(null)[0].(null)[0].value3__76/A[29:0] is not pipelined. Pipelining DSP48 input will improve performance.
Related violations: <none>

DPIP-1#344 Warning
Input pipelining  
DSP u_mimo_detector_top/u_gram_matrix_compute/(null)[0].(null)[0].value3__76 input u_mimo_detector_top/u_gram_matrix_compute/(null)[0].(null)[0].value3__76/B[17:0] is not pipelined. Pipelining DSP48 input will improve performance.
Related violations: <none>

DPIP-1#345 Warning
Input pipelining  
DSP u_mimo_detector_top/u_gram_matrix_compute/(null)[0].(null)[0].value3__77 input u_mimo_detector_top/u_gram_matrix_compute/(null)[0].(null)[0].value3__77/A[29:0] is not pipelined. Pipelining DSP48 input will improve performance.
Related violations: <none>

DPIP-1#346 Warning
Input pipelining  
DSP u_mimo_detector_top/u_gram_matrix_compute/(null)[0].(null)[0].value3__77 input u_mimo_detector_top/u_gram_matrix_compute/(null)[0].(null)[0].value3__77/B[17:0] is not pipelined. Pipelining DSP48 input will improve performance.
Related violations: <none>

DPIP-1#347 Warning
Input pipelining  
DSP u_mimo_detector_top/u_gram_matrix_compute/(null)[0].(null)[0].value3__78 input u_mimo_detector_top/u_gram_matrix_compute/(null)[0].(null)[0].value3__78/A[29:0] is not pipelined. Pipelining DSP48 input will improve performance.
Related violations: <none>

DPIP-1#348 Warning
Input pipelining  
DSP u_mimo_detector_top/u_gram_matrix_compute/(null)[0].(null)[0].value3__78 input u_mimo_detector_top/u_gram_matrix_compute/(null)[0].(null)[0].value3__78/B[17:0] is not pipelined. Pipelining DSP48 input will improve performance.
Related violations: <none>

DPIP-1#349 Warning
Input pipelining  
DSP u_mimo_detector_top/u_gram_matrix_compute/(null)[0].(null)[0].value3__79 input u_mimo_detector_top/u_gram_matrix_compute/(null)[0].(null)[0].value3__79/A[29:0] is not pipelined. Pipelining DSP48 input will improve performance.
Related violations: <none>

DPIP-1#350 Warning
Input pipelining  
DSP u_mimo_detector_top/u_gram_matrix_compute/(null)[0].(null)[0].value3__79 input u_mimo_detector_top/u_gram_matrix_compute/(null)[0].(null)[0].value3__79/B[17:0] is not pipelined. Pipelining DSP48 input will improve performance.
Related violations: <none>

DPIP-1#351 Warning
Input pipelining  
DSP u_mimo_detector_top/u_gram_matrix_compute/(null)[0].(null)[0].value3__8 input u_mimo_detector_top/u_gram_matrix_compute/(null)[0].(null)[0].value3__8/A[29:0] is not pipelined. Pipelining DSP48 input will improve performance.
Related violations: <none>

DPIP-1#352 Warning
Input pipelining  
DSP u_mimo_detector_top/u_gram_matrix_compute/(null)[0].(null)[0].value3__8 input u_mimo_detector_top/u_gram_matrix_compute/(null)[0].(null)[0].value3__8/B[17:0] is not pipelined. Pipelining DSP48 input will improve performance.
Related violations: <none>

DPIP-1#353 Warning
Input pipelining  
DSP u_mimo_detector_top/u_gram_matrix_compute/(null)[0].(null)[0].value3__80 input u_mimo_detector_top/u_gram_matrix_compute/(null)[0].(null)[0].value3__80/A[29:0] is not pipelined. Pipelining DSP48 input will improve performance.
Related violations: <none>

DPIP-1#354 Warning
Input pipelining  
DSP u_mimo_detector_top/u_gram_matrix_compute/(null)[0].(null)[0].value3__80 input u_mimo_detector_top/u_gram_matrix_compute/(null)[0].(null)[0].value3__80/B[17:0] is not pipelined. Pipelining DSP48 input will improve performance.
Related violations: <none>

DPIP-1#355 Warning
Input pipelining  
DSP u_mimo_detector_top/u_gram_matrix_compute/(null)[0].(null)[0].value3__81 input u_mimo_detector_top/u_gram_matrix_compute/(null)[0].(null)[0].value3__81/A[29:0] is not pipelined. Pipelining DSP48 input will improve performance.
Related violations: <none>

DPIP-1#356 Warning
Input pipelining  
DSP u_mimo_detector_top/u_gram_matrix_compute/(null)[0].(null)[0].value3__81 input u_mimo_detector_top/u_gram_matrix_compute/(null)[0].(null)[0].value3__81/B[17:0] is not pipelined. Pipelining DSP48 input will improve performance.
Related violations: <none>

DPIP-1#357 Warning
Input pipelining  
DSP u_mimo_detector_top/u_gram_matrix_compute/(null)[0].(null)[0].value3__82 input u_mimo_detector_top/u_gram_matrix_compute/(null)[0].(null)[0].value3__82/A[29:0] is not pipelined. Pipelining DSP48 input will improve performance.
Related violations: <none>

DPIP-1#358 Warning
Input pipelining  
DSP u_mimo_detector_top/u_gram_matrix_compute/(null)[0].(null)[0].value3__82 input u_mimo_detector_top/u_gram_matrix_compute/(null)[0].(null)[0].value3__82/B[17:0] is not pipelined. Pipelining DSP48 input will improve performance.
Related violations: <none>

DPIP-1#359 Warning
Input pipelining  
DSP u_mimo_detector_top/u_gram_matrix_compute/(null)[0].(null)[0].value3__83 input u_mimo_detector_top/u_gram_matrix_compute/(null)[0].(null)[0].value3__83/A[29:0] is not pipelined. Pipelining DSP48 input will improve performance.
Related violations: <none>

DPIP-1#360 Warning
Input pipelining  
DSP u_mimo_detector_top/u_gram_matrix_compute/(null)[0].(null)[0].value3__83 input u_mimo_detector_top/u_gram_matrix_compute/(null)[0].(null)[0].value3__83/B[17:0] is not pipelined. Pipelining DSP48 input will improve performance.
Related violations: <none>

DPIP-1#361 Warning
Input pipelining  
DSP u_mimo_detector_top/u_gram_matrix_compute/(null)[0].(null)[0].value3__84 input u_mimo_detector_top/u_gram_matrix_compute/(null)[0].(null)[0].value3__84/A[29:0] is not pipelined. Pipelining DSP48 input will improve performance.
Related violations: <none>

DPIP-1#362 Warning
Input pipelining  
DSP u_mimo_detector_top/u_gram_matrix_compute/(null)[0].(null)[0].value3__84 input u_mimo_detector_top/u_gram_matrix_compute/(null)[0].(null)[0].value3__84/B[17:0] is not pipelined. Pipelining DSP48 input will improve performance.
Related violations: <none>

DPIP-1#363 Warning
Input pipelining  
DSP u_mimo_detector_top/u_gram_matrix_compute/(null)[0].(null)[0].value3__85 input u_mimo_detector_top/u_gram_matrix_compute/(null)[0].(null)[0].value3__85/A[29:0] is not pipelined. Pipelining DSP48 input will improve performance.
Related violations: <none>

DPIP-1#364 Warning
Input pipelining  
DSP u_mimo_detector_top/u_gram_matrix_compute/(null)[0].(null)[0].value3__85 input u_mimo_detector_top/u_gram_matrix_compute/(null)[0].(null)[0].value3__85/B[17:0] is not pipelined. Pipelining DSP48 input will improve performance.
Related violations: <none>

DPIP-1#365 Warning
Input pipelining  
DSP u_mimo_detector_top/u_gram_matrix_compute/(null)[0].(null)[0].value3__86 input u_mimo_detector_top/u_gram_matrix_compute/(null)[0].(null)[0].value3__86/A[29:0] is not pipelined. Pipelining DSP48 input will improve performance.
Related violations: <none>

DPIP-1#366 Warning
Input pipelining  
DSP u_mimo_detector_top/u_gram_matrix_compute/(null)[0].(null)[0].value3__86 input u_mimo_detector_top/u_gram_matrix_compute/(null)[0].(null)[0].value3__86/B[17:0] is not pipelined. Pipelining DSP48 input will improve performance.
Related violations: <none>

DPIP-1#367 Warning
Input pipelining  
DSP u_mimo_detector_top/u_gram_matrix_compute/(null)[0].(null)[0].value3__87 input u_mimo_detector_top/u_gram_matrix_compute/(null)[0].(null)[0].value3__87/A[29:0] is not pipelined. Pipelining DSP48 input will improve performance.
Related violations: <none>

DPIP-1#368 Warning
Input pipelining  
DSP u_mimo_detector_top/u_gram_matrix_compute/(null)[0].(null)[0].value3__87 input u_mimo_detector_top/u_gram_matrix_compute/(null)[0].(null)[0].value3__87/B[17:0] is not pipelined. Pipelining DSP48 input will improve performance.
Related violations: <none>

DPIP-1#369 Warning
Input pipelining  
DSP u_mimo_detector_top/u_gram_matrix_compute/(null)[0].(null)[0].value3__88 input u_mimo_detector_top/u_gram_matrix_compute/(null)[0].(null)[0].value3__88/A[29:0] is not pipelined. Pipelining DSP48 input will improve performance.
Related violations: <none>

DPIP-1#370 Warning
Input pipelining  
DSP u_mimo_detector_top/u_gram_matrix_compute/(null)[0].(null)[0].value3__88 input u_mimo_detector_top/u_gram_matrix_compute/(null)[0].(null)[0].value3__88/B[17:0] is not pipelined. Pipelining DSP48 input will improve performance.
Related violations: <none>

DPIP-1#371 Warning
Input pipelining  
DSP u_mimo_detector_top/u_gram_matrix_compute/(null)[0].(null)[0].value3__89 input u_mimo_detector_top/u_gram_matrix_compute/(null)[0].(null)[0].value3__89/A[29:0] is not pipelined. Pipelining DSP48 input will improve performance.
Related violations: <none>

DPIP-1#372 Warning
Input pipelining  
DSP u_mimo_detector_top/u_gram_matrix_compute/(null)[0].(null)[0].value3__89 input u_mimo_detector_top/u_gram_matrix_compute/(null)[0].(null)[0].value3__89/B[17:0] is not pipelined. Pipelining DSP48 input will improve performance.
Related violations: <none>

DPIP-1#373 Warning
Input pipelining  
DSP u_mimo_detector_top/u_gram_matrix_compute/(null)[0].(null)[0].value3__9 input u_mimo_detector_top/u_gram_matrix_compute/(null)[0].(null)[0].value3__9/A[29:0] is not pipelined. Pipelining DSP48 input will improve performance.
Related violations: <none>

DPIP-1#374 Warning
Input pipelining  
DSP u_mimo_detector_top/u_gram_matrix_compute/(null)[0].(null)[0].value3__9 input u_mimo_detector_top/u_gram_matrix_compute/(null)[0].(null)[0].value3__9/B[17:0] is not pipelined. Pipelining DSP48 input will improve performance.
Related violations: <none>

DPIP-1#375 Warning
Input pipelining  
DSP u_mimo_detector_top/u_gram_matrix_compute/(null)[0].(null)[0].value3__90 input u_mimo_detector_top/u_gram_matrix_compute/(null)[0].(null)[0].value3__90/A[29:0] is not pipelined. Pipelining DSP48 input will improve performance.
Related violations: <none>

DPIP-1#376 Warning
Input pipelining  
DSP u_mimo_detector_top/u_gram_matrix_compute/(null)[0].(null)[0].value3__90 input u_mimo_detector_top/u_gram_matrix_compute/(null)[0].(null)[0].value3__90/B[17:0] is not pipelined. Pipelining DSP48 input will improve performance.
Related violations: <none>

DPIP-1#377 Warning
Input pipelining  
DSP u_mimo_detector_top/u_gram_matrix_compute/(null)[0].(null)[0].value3__91 input u_mimo_detector_top/u_gram_matrix_compute/(null)[0].(null)[0].value3__91/A[29:0] is not pipelined. Pipelining DSP48 input will improve performance.
Related violations: <none>

DPIP-1#378 Warning
Input pipelining  
DSP u_mimo_detector_top/u_gram_matrix_compute/(null)[0].(null)[0].value3__91 input u_mimo_detector_top/u_gram_matrix_compute/(null)[0].(null)[0].value3__91/B[17:0] is not pipelined. Pipelining DSP48 input will improve performance.
Related violations: <none>

DPIP-1#379 Warning
Input pipelining  
DSP u_mimo_detector_top/u_gram_matrix_compute/(null)[0].(null)[0].value3__92 input u_mimo_detector_top/u_gram_matrix_compute/(null)[0].(null)[0].value3__92/A[29:0] is not pipelined. Pipelining DSP48 input will improve performance.
Related violations: <none>

DPIP-1#380 Warning
Input pipelining  
DSP u_mimo_detector_top/u_gram_matrix_compute/(null)[0].(null)[0].value3__92 input u_mimo_detector_top/u_gram_matrix_compute/(null)[0].(null)[0].value3__92/B[17:0] is not pipelined. Pipelining DSP48 input will improve performance.
Related violations: <none>

DPIP-1#381 Warning
Input pipelining  
DSP u_mimo_detector_top/u_gram_matrix_compute/(null)[0].(null)[0].value3__93 input u_mimo_detector_top/u_gram_matrix_compute/(null)[0].(null)[0].value3__93/A[29:0] is not pipelined. Pipelining DSP48 input will improve performance.
Related violations: <none>

DPIP-1#382 Warning
Input pipelining  
DSP u_mimo_detector_top/u_gram_matrix_compute/(null)[0].(null)[0].value3__93 input u_mimo_detector_top/u_gram_matrix_compute/(null)[0].(null)[0].value3__93/B[17:0] is not pipelined. Pipelining DSP48 input will improve performance.
Related violations: <none>

DPIP-1#383 Warning
Input pipelining  
DSP u_mimo_detector_top/u_gram_matrix_compute/(null)[0].(null)[0].value3__94 input u_mimo_detector_top/u_gram_matrix_compute/(null)[0].(null)[0].value3__94/A[29:0] is not pipelined. Pipelining DSP48 input will improve performance.
Related violations: <none>

DPIP-1#384 Warning
Input pipelining  
DSP u_mimo_detector_top/u_gram_matrix_compute/(null)[0].(null)[0].value3__94 input u_mimo_detector_top/u_gram_matrix_compute/(null)[0].(null)[0].value3__94/B[17:0] is not pipelined. Pipelining DSP48 input will improve performance.
Related violations: <none>

DPIP-1#385 Warning
Input pipelining  
DSP u_mimo_detector_top/u_gram_matrix_compute/(null)[0].(null)[0].value4 input u_mimo_detector_top/u_gram_matrix_compute/(null)[0].(null)[0].value4/A[29:0] is not pipelined. Pipelining DSP48 input will improve performance.
Related violations: <none>

DPIP-1#386 Warning
Input pipelining  
DSP u_mimo_detector_top/u_gram_matrix_compute/(null)[0].(null)[0].value4 input u_mimo_detector_top/u_gram_matrix_compute/(null)[0].(null)[0].value4/B[17:0] is not pipelined. Pipelining DSP48 input will improve performance.
Related violations: <none>

DPIP-1#387 Warning
Input pipelining  
DSP u_mimo_detector_top/u_gram_matrix_compute/(null)[0].(null)[0].value4__0 input u_mimo_detector_top/u_gram_matrix_compute/(null)[0].(null)[0].value4__0/A[29:0] is not pipelined. Pipelining DSP48 input will improve performance.
Related violations: <none>

DPIP-1#388 Warning
Input pipelining  
DSP u_mimo_detector_top/u_gram_matrix_compute/(null)[0].(null)[0].value4__0 input u_mimo_detector_top/u_gram_matrix_compute/(null)[0].(null)[0].value4__0/B[17:0] is not pipelined. Pipelining DSP48 input will improve performance.
Related violations: <none>

DPIP-1#389 Warning
Input pipelining  
DSP u_mimo_detector_top/u_gram_matrix_compute/(null)[0].(null)[0].value4__1 input u_mimo_detector_top/u_gram_matrix_compute/(null)[0].(null)[0].value4__1/A[29:0] is not pipelined. Pipelining DSP48 input will improve performance.
Related violations: <none>

DPIP-1#390 Warning
Input pipelining  
DSP u_mimo_detector_top/u_gram_matrix_compute/(null)[0].(null)[0].value4__1 input u_mimo_detector_top/u_gram_matrix_compute/(null)[0].(null)[0].value4__1/B[17:0] is not pipelined. Pipelining DSP48 input will improve performance.
Related violations: <none>

DPIP-1#391 Warning
Input pipelining  
DSP u_mimo_detector_top/u_gram_matrix_compute/(null)[0].(null)[0].value4__10 input u_mimo_detector_top/u_gram_matrix_compute/(null)[0].(null)[0].value4__10/A[29:0] is not pipelined. Pipelining DSP48 input will improve performance.
Related violations: <none>

DPIP-1#392 Warning
Input pipelining  
DSP u_mimo_detector_top/u_gram_matrix_compute/(null)[0].(null)[0].value4__10 input u_mimo_detector_top/u_gram_matrix_compute/(null)[0].(null)[0].value4__10/B[17:0] is not pipelined. Pipelining DSP48 input will improve performance.
Related violations: <none>

DPIP-1#393 Warning
Input pipelining  
DSP u_mimo_detector_top/u_gram_matrix_compute/(null)[0].(null)[0].value4__11 input u_mimo_detector_top/u_gram_matrix_compute/(null)[0].(null)[0].value4__11/A[29:0] is not pipelined. Pipelining DSP48 input will improve performance.
Related violations: <none>

DPIP-1#394 Warning
Input pipelining  
DSP u_mimo_detector_top/u_gram_matrix_compute/(null)[0].(null)[0].value4__11 input u_mimo_detector_top/u_gram_matrix_compute/(null)[0].(null)[0].value4__11/B[17:0] is not pipelined. Pipelining DSP48 input will improve performance.
Related violations: <none>

DPIP-1#395 Warning
Input pipelining  
DSP u_mimo_detector_top/u_gram_matrix_compute/(null)[0].(null)[0].value4__12 input u_mimo_detector_top/u_gram_matrix_compute/(null)[0].(null)[0].value4__12/A[29:0] is not pipelined. Pipelining DSP48 input will improve performance.
Related violations: <none>

DPIP-1#396 Warning
Input pipelining  
DSP u_mimo_detector_top/u_gram_matrix_compute/(null)[0].(null)[0].value4__12 input u_mimo_detector_top/u_gram_matrix_compute/(null)[0].(null)[0].value4__12/B[17:0] is not pipelined. Pipelining DSP48 input will improve performance.
Related violations: <none>

DPIP-1#397 Warning
Input pipelining  
DSP u_mimo_detector_top/u_gram_matrix_compute/(null)[0].(null)[0].value4__13 input u_mimo_detector_top/u_gram_matrix_compute/(null)[0].(null)[0].value4__13/A[29:0] is not pipelined. Pipelining DSP48 input will improve performance.
Related violations: <none>

DPIP-1#398 Warning
Input pipelining  
DSP u_mimo_detector_top/u_gram_matrix_compute/(null)[0].(null)[0].value4__13 input u_mimo_detector_top/u_gram_matrix_compute/(null)[0].(null)[0].value4__13/B[17:0] is not pipelined. Pipelining DSP48 input will improve performance.
Related violations: <none>

DPIP-1#399 Warning
Input pipelining  
DSP u_mimo_detector_top/u_gram_matrix_compute/(null)[0].(null)[0].value4__14 input u_mimo_detector_top/u_gram_matrix_compute/(null)[0].(null)[0].value4__14/A[29:0] is not pipelined. Pipelining DSP48 input will improve performance.
Related violations: <none>

DPIP-1#400 Warning
Input pipelining  
DSP u_mimo_detector_top/u_gram_matrix_compute/(null)[0].(null)[0].value4__14 input u_mimo_detector_top/u_gram_matrix_compute/(null)[0].(null)[0].value4__14/B[17:0] is not pipelined. Pipelining DSP48 input will improve performance.
Related violations: <none>

DPIP-1#401 Warning
Input pipelining  
DSP u_mimo_detector_top/u_gram_matrix_compute/(null)[0].(null)[0].value4__15 input u_mimo_detector_top/u_gram_matrix_compute/(null)[0].(null)[0].value4__15/A[29:0] is not pipelined. Pipelining DSP48 input will improve performance.
Related violations: <none>

DPIP-1#402 Warning
Input pipelining  
DSP u_mimo_detector_top/u_gram_matrix_compute/(null)[0].(null)[0].value4__15 input u_mimo_detector_top/u_gram_matrix_compute/(null)[0].(null)[0].value4__15/B[17:0] is not pipelined. Pipelining DSP48 input will improve performance.
Related violations: <none>

DPIP-1#403 Warning
Input pipelining  
DSP u_mimo_detector_top/u_gram_matrix_compute/(null)[0].(null)[0].value4__16 input u_mimo_detector_top/u_gram_matrix_compute/(null)[0].(null)[0].value4__16/A[29:0] is not pipelined. Pipelining DSP48 input will improve performance.
Related violations: <none>

DPIP-1#404 Warning
Input pipelining  
DSP u_mimo_detector_top/u_gram_matrix_compute/(null)[0].(null)[0].value4__16 input u_mimo_detector_top/u_gram_matrix_compute/(null)[0].(null)[0].value4__16/B[17:0] is not pipelined. Pipelining DSP48 input will improve performance.
Related violations: <none>

DPIP-1#405 Warning
Input pipelining  
DSP u_mimo_detector_top/u_gram_matrix_compute/(null)[0].(null)[0].value4__17 input u_mimo_detector_top/u_gram_matrix_compute/(null)[0].(null)[0].value4__17/A[29:0] is not pipelined. Pipelining DSP48 input will improve performance.
Related violations: <none>

DPIP-1#406 Warning
Input pipelining  
DSP u_mimo_detector_top/u_gram_matrix_compute/(null)[0].(null)[0].value4__17 input u_mimo_detector_top/u_gram_matrix_compute/(null)[0].(null)[0].value4__17/B[17:0] is not pipelined. Pipelining DSP48 input will improve performance.
Related violations: <none>

DPIP-1#407 Warning
Input pipelining  
DSP u_mimo_detector_top/u_gram_matrix_compute/(null)[0].(null)[0].value4__18 input u_mimo_detector_top/u_gram_matrix_compute/(null)[0].(null)[0].value4__18/A[29:0] is not pipelined. Pipelining DSP48 input will improve performance.
Related violations: <none>

DPIP-1#408 Warning
Input pipelining  
DSP u_mimo_detector_top/u_gram_matrix_compute/(null)[0].(null)[0].value4__18 input u_mimo_detector_top/u_gram_matrix_compute/(null)[0].(null)[0].value4__18/B[17:0] is not pipelined. Pipelining DSP48 input will improve performance.
Related violations: <none>

DPIP-1#409 Warning
Input pipelining  
DSP u_mimo_detector_top/u_gram_matrix_compute/(null)[0].(null)[0].value4__19 input u_mimo_detector_top/u_gram_matrix_compute/(null)[0].(null)[0].value4__19/A[29:0] is not pipelined. Pipelining DSP48 input will improve performance.
Related violations: <none>

DPIP-1#410 Warning
Input pipelining  
DSP u_mimo_detector_top/u_gram_matrix_compute/(null)[0].(null)[0].value4__19 input u_mimo_detector_top/u_gram_matrix_compute/(null)[0].(null)[0].value4__19/B[17:0] is not pipelined. Pipelining DSP48 input will improve performance.
Related violations: <none>

DPIP-1#411 Warning
Input pipelining  
DSP u_mimo_detector_top/u_gram_matrix_compute/(null)[0].(null)[0].value4__2 input u_mimo_detector_top/u_gram_matrix_compute/(null)[0].(null)[0].value4__2/A[29:0] is not pipelined. Pipelining DSP48 input will improve performance.
Related violations: <none>

DPIP-1#412 Warning
Input pipelining  
DSP u_mimo_detector_top/u_gram_matrix_compute/(null)[0].(null)[0].value4__2 input u_mimo_detector_top/u_gram_matrix_compute/(null)[0].(null)[0].value4__2/B[17:0] is not pipelined. Pipelining DSP48 input will improve performance.
Related violations: <none>

DPIP-1#413 Warning
Input pipelining  
DSP u_mimo_detector_top/u_gram_matrix_compute/(null)[0].(null)[0].value4__20 input u_mimo_detector_top/u_gram_matrix_compute/(null)[0].(null)[0].value4__20/A[29:0] is not pipelined. Pipelining DSP48 input will improve performance.
Related violations: <none>

DPIP-1#414 Warning
Input pipelining  
DSP u_mimo_detector_top/u_gram_matrix_compute/(null)[0].(null)[0].value4__20 input u_mimo_detector_top/u_gram_matrix_compute/(null)[0].(null)[0].value4__20/B[17:0] is not pipelined. Pipelining DSP48 input will improve performance.
Related violations: <none>

DPIP-1#415 Warning
Input pipelining  
DSP u_mimo_detector_top/u_gram_matrix_compute/(null)[0].(null)[0].value4__21 input u_mimo_detector_top/u_gram_matrix_compute/(null)[0].(null)[0].value4__21/A[29:0] is not pipelined. Pipelining DSP48 input will improve performance.
Related violations: <none>

DPIP-1#416 Warning
Input pipelining  
DSP u_mimo_detector_top/u_gram_matrix_compute/(null)[0].(null)[0].value4__21 input u_mimo_detector_top/u_gram_matrix_compute/(null)[0].(null)[0].value4__21/B[17:0] is not pipelined. Pipelining DSP48 input will improve performance.
Related violations: <none>

DPIP-1#417 Warning
Input pipelining  
DSP u_mimo_detector_top/u_gram_matrix_compute/(null)[0].(null)[0].value4__22 input u_mimo_detector_top/u_gram_matrix_compute/(null)[0].(null)[0].value4__22/A[29:0] is not pipelined. Pipelining DSP48 input will improve performance.
Related violations: <none>

DPIP-1#418 Warning
Input pipelining  
DSP u_mimo_detector_top/u_gram_matrix_compute/(null)[0].(null)[0].value4__22 input u_mimo_detector_top/u_gram_matrix_compute/(null)[0].(null)[0].value4__22/B[17:0] is not pipelined. Pipelining DSP48 input will improve performance.
Related violations: <none>

DPIP-1#419 Warning
Input pipelining  
DSP u_mimo_detector_top/u_gram_matrix_compute/(null)[0].(null)[0].value4__23 input u_mimo_detector_top/u_gram_matrix_compute/(null)[0].(null)[0].value4__23/A[29:0] is not pipelined. Pipelining DSP48 input will improve performance.
Related violations: <none>

DPIP-1#420 Warning
Input pipelining  
DSP u_mimo_detector_top/u_gram_matrix_compute/(null)[0].(null)[0].value4__23 input u_mimo_detector_top/u_gram_matrix_compute/(null)[0].(null)[0].value4__23/B[17:0] is not pipelined. Pipelining DSP48 input will improve performance.
Related violations: <none>

DPIP-1#421 Warning
Input pipelining  
DSP u_mimo_detector_top/u_gram_matrix_compute/(null)[0].(null)[0].value4__24 input u_mimo_detector_top/u_gram_matrix_compute/(null)[0].(null)[0].value4__24/A[29:0] is not pipelined. Pipelining DSP48 input will improve performance.
Related violations: <none>

DPIP-1#422 Warning
Input pipelining  
DSP u_mimo_detector_top/u_gram_matrix_compute/(null)[0].(null)[0].value4__24 input u_mimo_detector_top/u_gram_matrix_compute/(null)[0].(null)[0].value4__24/B[17:0] is not pipelined. Pipelining DSP48 input will improve performance.
Related violations: <none>

DPIP-1#423 Warning
Input pipelining  
DSP u_mimo_detector_top/u_gram_matrix_compute/(null)[0].(null)[0].value4__25 input u_mimo_detector_top/u_gram_matrix_compute/(null)[0].(null)[0].value4__25/A[29:0] is not pipelined. Pipelining DSP48 input will improve performance.
Related violations: <none>

DPIP-1#424 Warning
Input pipelining  
DSP u_mimo_detector_top/u_gram_matrix_compute/(null)[0].(null)[0].value4__25 input u_mimo_detector_top/u_gram_matrix_compute/(null)[0].(null)[0].value4__25/B[17:0] is not pipelined. Pipelining DSP48 input will improve performance.
Related violations: <none>

DPIP-1#425 Warning
Input pipelining  
DSP u_mimo_detector_top/u_gram_matrix_compute/(null)[0].(null)[0].value4__26 input u_mimo_detector_top/u_gram_matrix_compute/(null)[0].(null)[0].value4__26/A[29:0] is not pipelined. Pipelining DSP48 input will improve performance.
Related violations: <none>

DPIP-1#426 Warning
Input pipelining  
DSP u_mimo_detector_top/u_gram_matrix_compute/(null)[0].(null)[0].value4__26 input u_mimo_detector_top/u_gram_matrix_compute/(null)[0].(null)[0].value4__26/B[17:0] is not pipelined. Pipelining DSP48 input will improve performance.
Related violations: <none>

DPIP-1#427 Warning
Input pipelining  
DSP u_mimo_detector_top/u_gram_matrix_compute/(null)[0].(null)[0].value4__27 input u_mimo_detector_top/u_gram_matrix_compute/(null)[0].(null)[0].value4__27/A[29:0] is not pipelined. Pipelining DSP48 input will improve performance.
Related violations: <none>

DPIP-1#428 Warning
Input pipelining  
DSP u_mimo_detector_top/u_gram_matrix_compute/(null)[0].(null)[0].value4__27 input u_mimo_detector_top/u_gram_matrix_compute/(null)[0].(null)[0].value4__27/B[17:0] is not pipelined. Pipelining DSP48 input will improve performance.
Related violations: <none>

DPIP-1#429 Warning
Input pipelining  
DSP u_mimo_detector_top/u_gram_matrix_compute/(null)[0].(null)[0].value4__28 input u_mimo_detector_top/u_gram_matrix_compute/(null)[0].(null)[0].value4__28/A[29:0] is not pipelined. Pipelining DSP48 input will improve performance.
Related violations: <none>

DPIP-1#430 Warning
Input pipelining  
DSP u_mimo_detector_top/u_gram_matrix_compute/(null)[0].(null)[0].value4__28 input u_mimo_detector_top/u_gram_matrix_compute/(null)[0].(null)[0].value4__28/B[17:0] is not pipelined. Pipelining DSP48 input will improve performance.
Related violations: <none>

DPIP-1#431 Warning
Input pipelining  
DSP u_mimo_detector_top/u_gram_matrix_compute/(null)[0].(null)[0].value4__29 input u_mimo_detector_top/u_gram_matrix_compute/(null)[0].(null)[0].value4__29/A[29:0] is not pipelined. Pipelining DSP48 input will improve performance.
Related violations: <none>

DPIP-1#432 Warning
Input pipelining  
DSP u_mimo_detector_top/u_gram_matrix_compute/(null)[0].(null)[0].value4__29 input u_mimo_detector_top/u_gram_matrix_compute/(null)[0].(null)[0].value4__29/B[17:0] is not pipelined. Pipelining DSP48 input will improve performance.
Related violations: <none>

DPIP-1#433 Warning
Input pipelining  
DSP u_mimo_detector_top/u_gram_matrix_compute/(null)[0].(null)[0].value4__3 input u_mimo_detector_top/u_gram_matrix_compute/(null)[0].(null)[0].value4__3/A[29:0] is not pipelined. Pipelining DSP48 input will improve performance.
Related violations: <none>

DPIP-1#434 Warning
Input pipelining  
DSP u_mimo_detector_top/u_gram_matrix_compute/(null)[0].(null)[0].value4__3 input u_mimo_detector_top/u_gram_matrix_compute/(null)[0].(null)[0].value4__3/B[17:0] is not pipelined. Pipelining DSP48 input will improve performance.
Related violations: <none>

DPIP-1#435 Warning
Input pipelining  
DSP u_mimo_detector_top/u_gram_matrix_compute/(null)[0].(null)[0].value4__30 input u_mimo_detector_top/u_gram_matrix_compute/(null)[0].(null)[0].value4__30/A[29:0] is not pipelined. Pipelining DSP48 input will improve performance.
Related violations: <none>

DPIP-1#436 Warning
Input pipelining  
DSP u_mimo_detector_top/u_gram_matrix_compute/(null)[0].(null)[0].value4__30 input u_mimo_detector_top/u_gram_matrix_compute/(null)[0].(null)[0].value4__30/B[17:0] is not pipelined. Pipelining DSP48 input will improve performance.
Related violations: <none>

DPIP-1#437 Warning
Input pipelining  
DSP u_mimo_detector_top/u_gram_matrix_compute/(null)[0].(null)[0].value4__31 input u_mimo_detector_top/u_gram_matrix_compute/(null)[0].(null)[0].value4__31/A[29:0] is not pipelined. Pipelining DSP48 input will improve performance.
Related violations: <none>

DPIP-1#438 Warning
Input pipelining  
DSP u_mimo_detector_top/u_gram_matrix_compute/(null)[0].(null)[0].value4__31 input u_mimo_detector_top/u_gram_matrix_compute/(null)[0].(null)[0].value4__31/B[17:0] is not pipelined. Pipelining DSP48 input will improve performance.
Related violations: <none>

DPIP-1#439 Warning
Input pipelining  
DSP u_mimo_detector_top/u_gram_matrix_compute/(null)[0].(null)[0].value4__32 input u_mimo_detector_top/u_gram_matrix_compute/(null)[0].(null)[0].value4__32/A[29:0] is not pipelined. Pipelining DSP48 input will improve performance.
Related violations: <none>

DPIP-1#440 Warning
Input pipelining  
DSP u_mimo_detector_top/u_gram_matrix_compute/(null)[0].(null)[0].value4__32 input u_mimo_detector_top/u_gram_matrix_compute/(null)[0].(null)[0].value4__32/B[17:0] is not pipelined. Pipelining DSP48 input will improve performance.
Related violations: <none>

DPIP-1#441 Warning
Input pipelining  
DSP u_mimo_detector_top/u_gram_matrix_compute/(null)[0].(null)[0].value4__33 input u_mimo_detector_top/u_gram_matrix_compute/(null)[0].(null)[0].value4__33/A[29:0] is not pipelined. Pipelining DSP48 input will improve performance.
Related violations: <none>

DPIP-1#442 Warning
Input pipelining  
DSP u_mimo_detector_top/u_gram_matrix_compute/(null)[0].(null)[0].value4__33 input u_mimo_detector_top/u_gram_matrix_compute/(null)[0].(null)[0].value4__33/B[17:0] is not pipelined. Pipelining DSP48 input will improve performance.
Related violations: <none>

DPIP-1#443 Warning
Input pipelining  
DSP u_mimo_detector_top/u_gram_matrix_compute/(null)[0].(null)[0].value4__34 input u_mimo_detector_top/u_gram_matrix_compute/(null)[0].(null)[0].value4__34/A[29:0] is not pipelined. Pipelining DSP48 input will improve performance.
Related violations: <none>

DPIP-1#444 Warning
Input pipelining  
DSP u_mimo_detector_top/u_gram_matrix_compute/(null)[0].(null)[0].value4__34 input u_mimo_detector_top/u_gram_matrix_compute/(null)[0].(null)[0].value4__34/B[17:0] is not pipelined. Pipelining DSP48 input will improve performance.
Related violations: <none>

DPIP-1#445 Warning
Input pipelining  
DSP u_mimo_detector_top/u_gram_matrix_compute/(null)[0].(null)[0].value4__35 input u_mimo_detector_top/u_gram_matrix_compute/(null)[0].(null)[0].value4__35/A[29:0] is not pipelined. Pipelining DSP48 input will improve performance.
Related violations: <none>

DPIP-1#446 Warning
Input pipelining  
DSP u_mimo_detector_top/u_gram_matrix_compute/(null)[0].(null)[0].value4__35 input u_mimo_detector_top/u_gram_matrix_compute/(null)[0].(null)[0].value4__35/B[17:0] is not pipelined. Pipelining DSP48 input will improve performance.
Related violations: <none>

DPIP-1#447 Warning
Input pipelining  
DSP u_mimo_detector_top/u_gram_matrix_compute/(null)[0].(null)[0].value4__36 input u_mimo_detector_top/u_gram_matrix_compute/(null)[0].(null)[0].value4__36/A[29:0] is not pipelined. Pipelining DSP48 input will improve performance.
Related violations: <none>

DPIP-1#448 Warning
Input pipelining  
DSP u_mimo_detector_top/u_gram_matrix_compute/(null)[0].(null)[0].value4__36 input u_mimo_detector_top/u_gram_matrix_compute/(null)[0].(null)[0].value4__36/B[17:0] is not pipelined. Pipelining DSP48 input will improve performance.
Related violations: <none>

DPIP-1#449 Warning
Input pipelining  
DSP u_mimo_detector_top/u_gram_matrix_compute/(null)[0].(null)[0].value4__37 input u_mimo_detector_top/u_gram_matrix_compute/(null)[0].(null)[0].value4__37/A[29:0] is not pipelined. Pipelining DSP48 input will improve performance.
Related violations: <none>

DPIP-1#450 Warning
Input pipelining  
DSP u_mimo_detector_top/u_gram_matrix_compute/(null)[0].(null)[0].value4__37 input u_mimo_detector_top/u_gram_matrix_compute/(null)[0].(null)[0].value4__37/B[17:0] is not pipelined. Pipelining DSP48 input will improve performance.
Related violations: <none>

DPIP-1#451 Warning
Input pipelining  
DSP u_mimo_detector_top/u_gram_matrix_compute/(null)[0].(null)[0].value4__38 input u_mimo_detector_top/u_gram_matrix_compute/(null)[0].(null)[0].value4__38/A[29:0] is not pipelined. Pipelining DSP48 input will improve performance.
Related violations: <none>

DPIP-1#452 Warning
Input pipelining  
DSP u_mimo_detector_top/u_gram_matrix_compute/(null)[0].(null)[0].value4__38 input u_mimo_detector_top/u_gram_matrix_compute/(null)[0].(null)[0].value4__38/B[17:0] is not pipelined. Pipelining DSP48 input will improve performance.
Related violations: <none>

DPIP-1#453 Warning
Input pipelining  
DSP u_mimo_detector_top/u_gram_matrix_compute/(null)[0].(null)[0].value4__39 input u_mimo_detector_top/u_gram_matrix_compute/(null)[0].(null)[0].value4__39/A[29:0] is not pipelined. Pipelining DSP48 input will improve performance.
Related violations: <none>

DPIP-1#454 Warning
Input pipelining  
DSP u_mimo_detector_top/u_gram_matrix_compute/(null)[0].(null)[0].value4__39 input u_mimo_detector_top/u_gram_matrix_compute/(null)[0].(null)[0].value4__39/B[17:0] is not pipelined. Pipelining DSP48 input will improve performance.
Related violations: <none>

DPIP-1#455 Warning
Input pipelining  
DSP u_mimo_detector_top/u_gram_matrix_compute/(null)[0].(null)[0].value4__4 input u_mimo_detector_top/u_gram_matrix_compute/(null)[0].(null)[0].value4__4/A[29:0] is not pipelined. Pipelining DSP48 input will improve performance.
Related violations: <none>

DPIP-1#456 Warning
Input pipelining  
DSP u_mimo_detector_top/u_gram_matrix_compute/(null)[0].(null)[0].value4__4 input u_mimo_detector_top/u_gram_matrix_compute/(null)[0].(null)[0].value4__4/B[17:0] is not pipelined. Pipelining DSP48 input will improve performance.
Related violations: <none>

DPIP-1#457 Warning
Input pipelining  
DSP u_mimo_detector_top/u_gram_matrix_compute/(null)[0].(null)[0].value4__40 input u_mimo_detector_top/u_gram_matrix_compute/(null)[0].(null)[0].value4__40/A[29:0] is not pipelined. Pipelining DSP48 input will improve performance.
Related violations: <none>

DPIP-1#458 Warning
Input pipelining  
DSP u_mimo_detector_top/u_gram_matrix_compute/(null)[0].(null)[0].value4__40 input u_mimo_detector_top/u_gram_matrix_compute/(null)[0].(null)[0].value4__40/B[17:0] is not pipelined. Pipelining DSP48 input will improve performance.
Related violations: <none>

DPIP-1#459 Warning
Input pipelining  
DSP u_mimo_detector_top/u_gram_matrix_compute/(null)[0].(null)[0].value4__41 input u_mimo_detector_top/u_gram_matrix_compute/(null)[0].(null)[0].value4__41/A[29:0] is not pipelined. Pipelining DSP48 input will improve performance.
Related violations: <none>

DPIP-1#460 Warning
Input pipelining  
DSP u_mimo_detector_top/u_gram_matrix_compute/(null)[0].(null)[0].value4__41 input u_mimo_detector_top/u_gram_matrix_compute/(null)[0].(null)[0].value4__41/B[17:0] is not pipelined. Pipelining DSP48 input will improve performance.
Related violations: <none>

DPIP-1#461 Warning
Input pipelining  
DSP u_mimo_detector_top/u_gram_matrix_compute/(null)[0].(null)[0].value4__42 input u_mimo_detector_top/u_gram_matrix_compute/(null)[0].(null)[0].value4__42/A[29:0] is not pipelined. Pipelining DSP48 input will improve performance.
Related violations: <none>

DPIP-1#462 Warning
Input pipelining  
DSP u_mimo_detector_top/u_gram_matrix_compute/(null)[0].(null)[0].value4__42 input u_mimo_detector_top/u_gram_matrix_compute/(null)[0].(null)[0].value4__42/B[17:0] is not pipelined. Pipelining DSP48 input will improve performance.
Related violations: <none>

DPIP-1#463 Warning
Input pipelining  
DSP u_mimo_detector_top/u_gram_matrix_compute/(null)[0].(null)[0].value4__43 input u_mimo_detector_top/u_gram_matrix_compute/(null)[0].(null)[0].value4__43/A[29:0] is not pipelined. Pipelining DSP48 input will improve performance.
Related violations: <none>

DPIP-1#464 Warning
Input pipelining  
DSP u_mimo_detector_top/u_gram_matrix_compute/(null)[0].(null)[0].value4__43 input u_mimo_detector_top/u_gram_matrix_compute/(null)[0].(null)[0].value4__43/B[17:0] is not pipelined. Pipelining DSP48 input will improve performance.
Related violations: <none>

DPIP-1#465 Warning
Input pipelining  
DSP u_mimo_detector_top/u_gram_matrix_compute/(null)[0].(null)[0].value4__44 input u_mimo_detector_top/u_gram_matrix_compute/(null)[0].(null)[0].value4__44/A[29:0] is not pipelined. Pipelining DSP48 input will improve performance.
Related violations: <none>

DPIP-1#466 Warning
Input pipelining  
DSP u_mimo_detector_top/u_gram_matrix_compute/(null)[0].(null)[0].value4__44 input u_mimo_detector_top/u_gram_matrix_compute/(null)[0].(null)[0].value4__44/B[17:0] is not pipelined. Pipelining DSP48 input will improve performance.
Related violations: <none>

DPIP-1#467 Warning
Input pipelining  
DSP u_mimo_detector_top/u_gram_matrix_compute/(null)[0].(null)[0].value4__45 input u_mimo_detector_top/u_gram_matrix_compute/(null)[0].(null)[0].value4__45/A[29:0] is not pipelined. Pipelining DSP48 input will improve performance.
Related violations: <none>

DPIP-1#468 Warning
Input pipelining  
DSP u_mimo_detector_top/u_gram_matrix_compute/(null)[0].(null)[0].value4__45 input u_mimo_detector_top/u_gram_matrix_compute/(null)[0].(null)[0].value4__45/B[17:0] is not pipelined. Pipelining DSP48 input will improve performance.
Related violations: <none>

DPIP-1#469 Warning
Input pipelining  
DSP u_mimo_detector_top/u_gram_matrix_compute/(null)[0].(null)[0].value4__46 input u_mimo_detector_top/u_gram_matrix_compute/(null)[0].(null)[0].value4__46/A[29:0] is not pipelined. Pipelining DSP48 input will improve performance.
Related violations: <none>

DPIP-1#470 Warning
Input pipelining  
DSP u_mimo_detector_top/u_gram_matrix_compute/(null)[0].(null)[0].value4__46 input u_mimo_detector_top/u_gram_matrix_compute/(null)[0].(null)[0].value4__46/B[17:0] is not pipelined. Pipelining DSP48 input will improve performance.
Related violations: <none>

DPIP-1#471 Warning
Input pipelining  
DSP u_mimo_detector_top/u_gram_matrix_compute/(null)[0].(null)[0].value4__47 input u_mimo_detector_top/u_gram_matrix_compute/(null)[0].(null)[0].value4__47/A[29:0] is not pipelined. Pipelining DSP48 input will improve performance.
Related violations: <none>

DPIP-1#472 Warning
Input pipelining  
DSP u_mimo_detector_top/u_gram_matrix_compute/(null)[0].(null)[0].value4__47 input u_mimo_detector_top/u_gram_matrix_compute/(null)[0].(null)[0].value4__47/B[17:0] is not pipelined. Pipelining DSP48 input will improve performance.
Related violations: <none>

DPIP-1#473 Warning
Input pipelining  
DSP u_mimo_detector_top/u_gram_matrix_compute/(null)[0].(null)[0].value4__48 input u_mimo_detector_top/u_gram_matrix_compute/(null)[0].(null)[0].value4__48/A[29:0] is not pipelined. Pipelining DSP48 input will improve performance.
Related violations: <none>

DPIP-1#474 Warning
Input pipelining  
DSP u_mimo_detector_top/u_gram_matrix_compute/(null)[0].(null)[0].value4__48 input u_mimo_detector_top/u_gram_matrix_compute/(null)[0].(null)[0].value4__48/B[17:0] is not pipelined. Pipelining DSP48 input will improve performance.
Related violations: <none>

DPIP-1#475 Warning
Input pipelining  
DSP u_mimo_detector_top/u_gram_matrix_compute/(null)[0].(null)[0].value4__49 input u_mimo_detector_top/u_gram_matrix_compute/(null)[0].(null)[0].value4__49/A[29:0] is not pipelined. Pipelining DSP48 input will improve performance.
Related violations: <none>

DPIP-1#476 Warning
Input pipelining  
DSP u_mimo_detector_top/u_gram_matrix_compute/(null)[0].(null)[0].value4__49 input u_mimo_detector_top/u_gram_matrix_compute/(null)[0].(null)[0].value4__49/B[17:0] is not pipelined. Pipelining DSP48 input will improve performance.
Related violations: <none>

DPIP-1#477 Warning
Input pipelining  
DSP u_mimo_detector_top/u_gram_matrix_compute/(null)[0].(null)[0].value4__5 input u_mimo_detector_top/u_gram_matrix_compute/(null)[0].(null)[0].value4__5/A[29:0] is not pipelined. Pipelining DSP48 input will improve performance.
Related violations: <none>

DPIP-1#478 Warning
Input pipelining  
DSP u_mimo_detector_top/u_gram_matrix_compute/(null)[0].(null)[0].value4__5 input u_mimo_detector_top/u_gram_matrix_compute/(null)[0].(null)[0].value4__5/B[17:0] is not pipelined. Pipelining DSP48 input will improve performance.
Related violations: <none>

DPIP-1#479 Warning
Input pipelining  
DSP u_mimo_detector_top/u_gram_matrix_compute/(null)[0].(null)[0].value4__50 input u_mimo_detector_top/u_gram_matrix_compute/(null)[0].(null)[0].value4__50/A[29:0] is not pipelined. Pipelining DSP48 input will improve performance.
Related violations: <none>

DPIP-1#480 Warning
Input pipelining  
DSP u_mimo_detector_top/u_gram_matrix_compute/(null)[0].(null)[0].value4__50 input u_mimo_detector_top/u_gram_matrix_compute/(null)[0].(null)[0].value4__50/B[17:0] is not pipelined. Pipelining DSP48 input will improve performance.
Related violations: <none>

DPIP-1#481 Warning
Input pipelining  
DSP u_mimo_detector_top/u_gram_matrix_compute/(null)[0].(null)[0].value4__51 input u_mimo_detector_top/u_gram_matrix_compute/(null)[0].(null)[0].value4__51/A[29:0] is not pipelined. Pipelining DSP48 input will improve performance.
Related violations: <none>

DPIP-1#482 Warning
Input pipelining  
DSP u_mimo_detector_top/u_gram_matrix_compute/(null)[0].(null)[0].value4__51 input u_mimo_detector_top/u_gram_matrix_compute/(null)[0].(null)[0].value4__51/B[17:0] is not pipelined. Pipelining DSP48 input will improve performance.
Related violations: <none>

DPIP-1#483 Warning
Input pipelining  
DSP u_mimo_detector_top/u_gram_matrix_compute/(null)[0].(null)[0].value4__52 input u_mimo_detector_top/u_gram_matrix_compute/(null)[0].(null)[0].value4__52/A[29:0] is not pipelined. Pipelining DSP48 input will improve performance.
Related violations: <none>

DPIP-1#484 Warning
Input pipelining  
DSP u_mimo_detector_top/u_gram_matrix_compute/(null)[0].(null)[0].value4__52 input u_mimo_detector_top/u_gram_matrix_compute/(null)[0].(null)[0].value4__52/B[17:0] is not pipelined. Pipelining DSP48 input will improve performance.
Related violations: <none>

DPIP-1#485 Warning
Input pipelining  
DSP u_mimo_detector_top/u_gram_matrix_compute/(null)[0].(null)[0].value4__53 input u_mimo_detector_top/u_gram_matrix_compute/(null)[0].(null)[0].value4__53/A[29:0] is not pipelined. Pipelining DSP48 input will improve performance.
Related violations: <none>

DPIP-1#486 Warning
Input pipelining  
DSP u_mimo_detector_top/u_gram_matrix_compute/(null)[0].(null)[0].value4__53 input u_mimo_detector_top/u_gram_matrix_compute/(null)[0].(null)[0].value4__53/B[17:0] is not pipelined. Pipelining DSP48 input will improve performance.
Related violations: <none>

DPIP-1#487 Warning
Input pipelining  
DSP u_mimo_detector_top/u_gram_matrix_compute/(null)[0].(null)[0].value4__54 input u_mimo_detector_top/u_gram_matrix_compute/(null)[0].(null)[0].value4__54/A[29:0] is not pipelined. Pipelining DSP48 input will improve performance.
Related violations: <none>

DPIP-1#488 Warning
Input pipelining  
DSP u_mimo_detector_top/u_gram_matrix_compute/(null)[0].(null)[0].value4__54 input u_mimo_detector_top/u_gram_matrix_compute/(null)[0].(null)[0].value4__54/B[17:0] is not pipelined. Pipelining DSP48 input will improve performance.
Related violations: <none>

DPIP-1#489 Warning
Input pipelining  
DSP u_mimo_detector_top/u_gram_matrix_compute/(null)[0].(null)[0].value4__55 input u_mimo_detector_top/u_gram_matrix_compute/(null)[0].(null)[0].value4__55/A[29:0] is not pipelined. Pipelining DSP48 input will improve performance.
Related violations: <none>

DPIP-1#490 Warning
Input pipelining  
DSP u_mimo_detector_top/u_gram_matrix_compute/(null)[0].(null)[0].value4__55 input u_mimo_detector_top/u_gram_matrix_compute/(null)[0].(null)[0].value4__55/B[17:0] is not pipelined. Pipelining DSP48 input will improve performance.
Related violations: <none>

DPIP-1#491 Warning
Input pipelining  
DSP u_mimo_detector_top/u_gram_matrix_compute/(null)[0].(null)[0].value4__56 input u_mimo_detector_top/u_gram_matrix_compute/(null)[0].(null)[0].value4__56/A[29:0] is not pipelined. Pipelining DSP48 input will improve performance.
Related violations: <none>

DPIP-1#492 Warning
Input pipelining  
DSP u_mimo_detector_top/u_gram_matrix_compute/(null)[0].(null)[0].value4__56 input u_mimo_detector_top/u_gram_matrix_compute/(null)[0].(null)[0].value4__56/B[17:0] is not pipelined. Pipelining DSP48 input will improve performance.
Related violations: <none>

DPIP-1#493 Warning
Input pipelining  
DSP u_mimo_detector_top/u_gram_matrix_compute/(null)[0].(null)[0].value4__57 input u_mimo_detector_top/u_gram_matrix_compute/(null)[0].(null)[0].value4__57/A[29:0] is not pipelined. Pipelining DSP48 input will improve performance.
Related violations: <none>

DPIP-1#494 Warning
Input pipelining  
DSP u_mimo_detector_top/u_gram_matrix_compute/(null)[0].(null)[0].value4__57 input u_mimo_detector_top/u_gram_matrix_compute/(null)[0].(null)[0].value4__57/B[17:0] is not pipelined. Pipelining DSP48 input will improve performance.
Related violations: <none>

DPIP-1#495 Warning
Input pipelining  
DSP u_mimo_detector_top/u_gram_matrix_compute/(null)[0].(null)[0].value4__58 input u_mimo_detector_top/u_gram_matrix_compute/(null)[0].(null)[0].value4__58/A[29:0] is not pipelined. Pipelining DSP48 input will improve performance.
Related violations: <none>

DPIP-1#496 Warning
Input pipelining  
DSP u_mimo_detector_top/u_gram_matrix_compute/(null)[0].(null)[0].value4__58 input u_mimo_detector_top/u_gram_matrix_compute/(null)[0].(null)[0].value4__58/B[17:0] is not pipelined. Pipelining DSP48 input will improve performance.
Related violations: <none>

DPIP-1#497 Warning
Input pipelining  
DSP u_mimo_detector_top/u_gram_matrix_compute/(null)[0].(null)[0].value4__59 input u_mimo_detector_top/u_gram_matrix_compute/(null)[0].(null)[0].value4__59/A[29:0] is not pipelined. Pipelining DSP48 input will improve performance.
Related violations: <none>

DPIP-1#498 Warning
Input pipelining  
DSP u_mimo_detector_top/u_gram_matrix_compute/(null)[0].(null)[0].value4__59 input u_mimo_detector_top/u_gram_matrix_compute/(null)[0].(null)[0].value4__59/B[17:0] is not pipelined. Pipelining DSP48 input will improve performance.
Related violations: <none>

DPIP-1#499 Warning
Input pipelining  
DSP u_mimo_detector_top/u_gram_matrix_compute/(null)[0].(null)[0].value4__6 input u_mimo_detector_top/u_gram_matrix_compute/(null)[0].(null)[0].value4__6/A[29:0] is not pipelined. Pipelining DSP48 input will improve performance.
Related violations: <none>

DPIP-1#500 Warning
Input pipelining  
DSP u_mimo_detector_top/u_gram_matrix_compute/(null)[0].(null)[0].value4__6 input u_mimo_detector_top/u_gram_matrix_compute/(null)[0].(null)[0].value4__6/B[17:0] is not pipelined. Pipelining DSP48 input will improve performance.
Related violations: <none>

DPIP-1#501 Warning
Input pipelining  
DSP u_mimo_detector_top/u_gram_matrix_compute/(null)[0].(null)[0].value4__60 input u_mimo_detector_top/u_gram_matrix_compute/(null)[0].(null)[0].value4__60/A[29:0] is not pipelined. Pipelining DSP48 input will improve performance.
Related violations: <none>

DPIP-1#502 Warning
Input pipelining  
DSP u_mimo_detector_top/u_gram_matrix_compute/(null)[0].(null)[0].value4__60 input u_mimo_detector_top/u_gram_matrix_compute/(null)[0].(null)[0].value4__60/B[17:0] is not pipelined. Pipelining DSP48 input will improve performance.
Related violations: <none>

DPIP-1#503 Warning
Input pipelining  
DSP u_mimo_detector_top/u_gram_matrix_compute/(null)[0].(null)[0].value4__61 input u_mimo_detector_top/u_gram_matrix_compute/(null)[0].(null)[0].value4__61/A[29:0] is not pipelined. Pipelining DSP48 input will improve performance.
Related violations: <none>

DPIP-1#504 Warning
Input pipelining  
DSP u_mimo_detector_top/u_gram_matrix_compute/(null)[0].(null)[0].value4__61 input u_mimo_detector_top/u_gram_matrix_compute/(null)[0].(null)[0].value4__61/B[17:0] is not pipelined. Pipelining DSP48 input will improve performance.
Related violations: <none>

DPIP-1#505 Warning
Input pipelining  
DSP u_mimo_detector_top/u_gram_matrix_compute/(null)[0].(null)[0].value4__62 input u_mimo_detector_top/u_gram_matrix_compute/(null)[0].(null)[0].value4__62/A[29:0] is not pipelined. Pipelining DSP48 input will improve performance.
Related violations: <none>

DPIP-1#506 Warning
Input pipelining  
DSP u_mimo_detector_top/u_gram_matrix_compute/(null)[0].(null)[0].value4__62 input u_mimo_detector_top/u_gram_matrix_compute/(null)[0].(null)[0].value4__62/B[17:0] is not pipelined. Pipelining DSP48 input will improve performance.
Related violations: <none>

DPIP-1#507 Warning
Input pipelining  
DSP u_mimo_detector_top/u_gram_matrix_compute/(null)[0].(null)[0].value4__7 input u_mimo_detector_top/u_gram_matrix_compute/(null)[0].(null)[0].value4__7/A[29:0] is not pipelined. Pipelining DSP48 input will improve performance.
Related violations: <none>

DPIP-1#508 Warning
Input pipelining  
DSP u_mimo_detector_top/u_gram_matrix_compute/(null)[0].(null)[0].value4__7 input u_mimo_detector_top/u_gram_matrix_compute/(null)[0].(null)[0].value4__7/B[17:0] is not pipelined. Pipelining DSP48 input will improve performance.
Related violations: <none>

DPIP-1#509 Warning
Input pipelining  
DSP u_mimo_detector_top/u_gram_matrix_compute/(null)[0].(null)[0].value4__8 input u_mimo_detector_top/u_gram_matrix_compute/(null)[0].(null)[0].value4__8/A[29:0] is not pipelined. Pipelining DSP48 input will improve performance.
Related violations: <none>

DPIP-1#510 Warning
Input pipelining  
DSP u_mimo_detector_top/u_gram_matrix_compute/(null)[0].(null)[0].value4__8 input u_mimo_detector_top/u_gram_matrix_compute/(null)[0].(null)[0].value4__8/B[17:0] is not pipelined. Pipelining DSP48 input will improve performance.
Related violations: <none>

DPIP-1#511 Warning
Input pipelining  
DSP u_mimo_detector_top/u_gram_matrix_compute/(null)[0].(null)[0].value4__9 input u_mimo_detector_top/u_gram_matrix_compute/(null)[0].(null)[0].value4__9/A[29:0] is not pipelined. Pipelining DSP48 input will improve performance.
Related violations: <none>

DPIP-1#512 Warning
Input pipelining  
DSP u_mimo_detector_top/u_gram_matrix_compute/(null)[0].(null)[0].value4__9 input u_mimo_detector_top/u_gram_matrix_compute/(null)[0].(null)[0].value4__9/B[17:0] is not pipelined. Pipelining DSP48 input will improve performance.
Related violations: <none>

DPIP-1#513 Warning
Input pipelining  
DSP u_mimo_detector_top/u_gs_solver/p_0_out input u_mimo_detector_top/u_gs_solver/p_0_out/A[29:0] is not pipelined. Pipelining DSP48 input will improve performance.
Related violations: <none>

DPIP-1#514 Warning
Input pipelining  
DSP u_mimo_detector_top/u_gs_solver/p_0_out input u_mimo_detector_top/u_gs_solver/p_0_out/B[17:0] is not pipelined. Pipelining DSP48 input will improve performance.
Related violations: <none>

DPIP-1#515 Warning
Input pipelining  
DSP u_mimo_detector_top/u_gs_solver/p_1_out input u_mimo_detector_top/u_gs_solver/p_1_out/A[29:0] is not pipelined. Pipelining DSP48 input will improve performance.
Related violations: <none>

DPIP-1#516 Warning
Input pipelining  
DSP u_mimo_detector_top/u_gs_solver/p_1_out input u_mimo_detector_top/u_gs_solver/p_1_out/B[17:0] is not pipelined. Pipelining DSP48 input will improve performance.
Related violations: <none>

DPIP-1#517 Warning
Input pipelining  
DSP u_mimo_detector_top/u_gs_solver/p_1_out__0 input u_mimo_detector_top/u_gs_solver/p_1_out__0/A[29:0] is not pipelined. Pipelining DSP48 input will improve performance.
Related violations: <none>

DPIP-1#518 Warning
Input pipelining  
DSP u_mimo_detector_top/u_gs_solver/p_1_out__0 input u_mimo_detector_top/u_gs_solver/p_1_out__0/B[17:0] is not pipelined. Pipelining DSP48 input will improve performance.
Related violations: <none>

DPIP-1#519 Warning
Input pipelining  
DSP u_mimo_detector_top/u_gs_solver/p_1_out__0__0 input u_mimo_detector_top/u_gs_solver/p_1_out__0__0/A[29:0] is not pipelined. Pipelining DSP48 input will improve performance.
Related violations: <none>

DPIP-1#520 Warning
Input pipelining  
DSP u_mimo_detector_top/u_gs_solver/p_1_out__0__0 input u_mimo_detector_top/u_gs_solver/p_1_out__0__0/B[17:0] is not pipelined. Pipelining DSP48 input will improve performance.
Related violations: <none>

DPIP-1#521 Warning
Input pipelining  
DSP u_mimo_detector_top/u_gs_solver/p_1_out__0__1 input u_mimo_detector_top/u_gs_solver/p_1_out__0__1/A[29:0] is not pipelined. Pipelining DSP48 input will improve performance.
Related violations: <none>

DPIP-1#522 Warning
Input pipelining  
DSP u_mimo_detector_top/u_gs_solver/p_1_out__0__1 input u_mimo_detector_top/u_gs_solver/p_1_out__0__1/B[17:0] is not pipelined. Pipelining DSP48 input will improve performance.
Related violations: <none>

DPIP-1#523 Warning
Input pipelining  
DSP u_mimo_detector_top/u_gs_solver/p_1_out__0__2 input u_mimo_detector_top/u_gs_solver/p_1_out__0__2/A[29:0] is not pipelined. Pipelining DSP48 input will improve performance.
Related violations: <none>

DPIP-1#524 Warning
Input pipelining  
DSP u_mimo_detector_top/u_gs_solver/p_1_out__0__2 input u_mimo_detector_top/u_gs_solver/p_1_out__0__2/B[17:0] is not pipelined. Pipelining DSP48 input will improve performance.
Related violations: <none>

DPIP-1#525 Warning
Input pipelining  
DSP u_mimo_detector_top/u_gs_solver/p_1_out__1 input u_mimo_detector_top/u_gs_solver/p_1_out__1/A[29:0] is not pipelined. Pipelining DSP48 input will improve performance.
Related violations: <none>

DPIP-1#526 Warning
Input pipelining  
DSP u_mimo_detector_top/u_gs_solver/p_1_out__1 input u_mimo_detector_top/u_gs_solver/p_1_out__1/B[17:0] is not pipelined. Pipelining DSP48 input will improve performance.
Related violations: <none>

DPIP-1#527 Warning
Input pipelining  
DSP u_mimo_detector_top/u_gs_solver/p_1_out__1__0 input u_mimo_detector_top/u_gs_solver/p_1_out__1__0/A[29:0] is not pipelined. Pipelining DSP48 input will improve performance.
Related violations: <none>

DPIP-1#528 Warning
Input pipelining  
DSP u_mimo_detector_top/u_gs_solver/p_1_out__1__0 input u_mimo_detector_top/u_gs_solver/p_1_out__1__0/B[17:0] is not pipelined. Pipelining DSP48 input will improve performance.
Related violations: <none>

DPIP-1#529 Warning
Input pipelining  
DSP u_mimo_detector_top/u_gs_solver/p_1_out__2 input u_mimo_detector_top/u_gs_solver/p_1_out__2/A[29:0] is not pipelined. Pipelining DSP48 input will improve performance.
Related violations: <none>

DPIP-1#530 Warning
Input pipelining  
DSP u_mimo_detector_top/u_gs_solver/p_1_out__2 input u_mimo_detector_top/u_gs_solver/p_1_out__2/B[17:0] is not pipelined. Pipelining DSP48 input will improve performance.
Related violations: <none>

DPIP-1#531 Warning
Input pipelining  
DSP u_mimo_detector_top/u_gs_solver/p_1_out__2__0 input u_mimo_detector_top/u_gs_solver/p_1_out__2__0/A[29:0] is not pipelined. Pipelining DSP48 input will improve performance.
Related violations: <none>

DPIP-1#532 Warning
Input pipelining  
DSP u_mimo_detector_top/u_gs_solver/p_1_out__2__0 input u_mimo_detector_top/u_gs_solver/p_1_out__2__0/B[17:0] is not pipelined. Pipelining DSP48 input will improve performance.
Related violations: <none>

DPIP-1#533 Warning
Input pipelining  
DSP u_mimo_detector_top/u_gs_solver/p_1_out__3 input u_mimo_detector_top/u_gs_solver/p_1_out__3/A[29:0] is not pipelined. Pipelining DSP48 input will improve performance.
Related violations: <none>

DPIP-1#534 Warning
Input pipelining  
DSP u_mimo_detector_top/u_gs_solver/p_1_out__3 input u_mimo_detector_top/u_gs_solver/p_1_out__3/B[17:0] is not pipelined. Pipelining DSP48 input will improve performance.
Related violations: <none>

DPIP-1#535 Warning
Input pipelining  
DSP u_mimo_detector_top/u_gs_solver/p_1_out__4 input u_mimo_detector_top/u_gs_solver/p_1_out__4/A[29:0] is not pipelined. Pipelining DSP48 input will improve performance.
Related violations: <none>

DPIP-1#536 Warning
Input pipelining  
DSP u_mimo_detector_top/u_gs_solver/p_1_out__4 input u_mimo_detector_top/u_gs_solver/p_1_out__4/B[17:0] is not pipelined. Pipelining DSP48 input will improve performance.
Related violations: <none>

DPIP-1#537 Warning
Input pipelining  
DSP u_mimo_detector_top/u_gs_solver/p_1_out__5 input u_mimo_detector_top/u_gs_solver/p_1_out__5/A[29:0] is not pipelined. Pipelining DSP48 input will improve performance.
Related violations: <none>

DPIP-1#538 Warning
Input pipelining  
DSP u_mimo_detector_top/u_gs_solver/p_1_out__5 input u_mimo_detector_top/u_gs_solver/p_1_out__5/B[17:0] is not pipelined. Pipelining DSP48 input will improve performance.
Related violations: <none>

DPIP-1#539 Warning
Input pipelining  
DSP u_mimo_detector_top/u_gs_solver/p_1_out__6 input u_mimo_detector_top/u_gs_solver/p_1_out__6/A[29:0] is not pipelined. Pipelining DSP48 input will improve performance.
Related violations: <none>

DPIP-1#540 Warning
Input pipelining  
DSP u_mimo_detector_top/u_gs_solver/p_1_out__6 input u_mimo_detector_top/u_gs_solver/p_1_out__6/B[17:0] is not pipelined. Pipelining DSP48 input will improve performance.
Related violations: <none>

DPIP-1#541 Warning
Input pipelining  
DSP u_mimo_detector_top/u_gs_solver/p_1_out__7 input u_mimo_detector_top/u_gs_solver/p_1_out__7/A[29:0] is not pipelined. Pipelining DSP48 input will improve performance.
Related violations: <none>

DPIP-1#542 Warning
Input pipelining  
DSP u_mimo_detector_top/u_gs_solver/p_1_out__7 input u_mimo_detector_top/u_gs_solver/p_1_out__7/B[17:0] is not pipelined. Pipelining DSP48 input will improve performance.
Related violations: <none>

DPIP-1#543 Warning
Input pipelining  
DSP u_mimo_detector_top/u_gs_solver/p_1_out__8 input u_mimo_detector_top/u_gs_solver/p_1_out__8/A[29:0] is not pipelined. Pipelining DSP48 input will improve performance.
Related violations: <none>

DPIP-1#544 Warning
Input pipelining  
DSP u_mimo_detector_top/u_gs_solver/p_1_out__8 input u_mimo_detector_top/u_gs_solver/p_1_out__8/B[17:0] is not pipelined. Pipelining DSP48 input will improve performance.
Related violations: <none>

DPIP-1#545 Warning
Input pipelining  
DSP u_mimo_detector_top/u_matched_filter_compute/(null)[0].value1 input u_mimo_detector_top/u_matched_filter_compute/(null)[0].value1/A[29:0] is not pipelined. Pipelining DSP48 input will improve performance.
Related violations: <none>

DPIP-1#546 Warning
Input pipelining  
DSP u_mimo_detector_top/u_matched_filter_compute/(null)[0].value1 input u_mimo_detector_top/u_matched_filter_compute/(null)[0].value1/B[17:0] is not pipelined. Pipelining DSP48 input will improve performance.
Related violations: <none>

DPIP-1#547 Warning
Input pipelining  
DSP u_mimo_detector_top/u_matched_filter_compute/(null)[0].value1__0 input u_mimo_detector_top/u_matched_filter_compute/(null)[0].value1__0/A[29:0] is not pipelined. Pipelining DSP48 input will improve performance.
Related violations: <none>

DPIP-1#548 Warning
Input pipelining  
DSP u_mimo_detector_top/u_matched_filter_compute/(null)[0].value1__0 input u_mimo_detector_top/u_matched_filter_compute/(null)[0].value1__0/B[17:0] is not pipelined. Pipelining DSP48 input will improve performance.
Related violations: <none>

DPIP-1#549 Warning
Input pipelining  
DSP u_mimo_detector_top/u_matched_filter_compute/(null)[0].value1__1 input u_mimo_detector_top/u_matched_filter_compute/(null)[0].value1__1/A[29:0] is not pipelined. Pipelining DSP48 input will improve performance.
Related violations: <none>

DPIP-1#550 Warning
Input pipelining  
DSP u_mimo_detector_top/u_matched_filter_compute/(null)[0].value1__1 input u_mimo_detector_top/u_matched_filter_compute/(null)[0].value1__1/B[17:0] is not pipelined. Pipelining DSP48 input will improve performance.
Related violations: <none>

DPIP-1#551 Warning
Input pipelining  
DSP u_mimo_detector_top/u_matched_filter_compute/(null)[0].value1__2 input u_mimo_detector_top/u_matched_filter_compute/(null)[0].value1__2/A[29:0] is not pipelined. Pipelining DSP48 input will improve performance.
Related violations: <none>

DPIP-1#552 Warning
Input pipelining  
DSP u_mimo_detector_top/u_matched_filter_compute/(null)[0].value1__2 input u_mimo_detector_top/u_matched_filter_compute/(null)[0].value1__2/B[17:0] is not pipelined. Pipelining DSP48 input will improve performance.
Related violations: <none>

DPIP-1#553 Warning
Input pipelining  
DSP u_mimo_detector_top/u_matched_filter_compute/(null)[0].value1__3 input u_mimo_detector_top/u_matched_filter_compute/(null)[0].value1__3/A[29:0] is not pipelined. Pipelining DSP48 input will improve performance.
Related violations: <none>

DPIP-1#554 Warning
Input pipelining  
DSP u_mimo_detector_top/u_matched_filter_compute/(null)[0].value1__3 input u_mimo_detector_top/u_matched_filter_compute/(null)[0].value1__3/B[17:0] is not pipelined. Pipelining DSP48 input will improve performance.
Related violations: <none>

DPIP-1#555 Warning
Input pipelining  
DSP u_mimo_detector_top/u_matched_filter_compute/(null)[0].value1__4 input u_mimo_detector_top/u_matched_filter_compute/(null)[0].value1__4/A[29:0] is not pipelined. Pipelining DSP48 input will improve performance.
Related violations: <none>

DPIP-1#556 Warning
Input pipelining  
DSP u_mimo_detector_top/u_matched_filter_compute/(null)[0].value1__4 input u_mimo_detector_top/u_matched_filter_compute/(null)[0].value1__4/B[17:0] is not pipelined. Pipelining DSP48 input will improve performance.
Related violations: <none>

DPIP-1#557 Warning
Input pipelining  
DSP u_mimo_detector_top/u_matched_filter_compute/(null)[0].value1__5 input u_mimo_detector_top/u_matched_filter_compute/(null)[0].value1__5/A[29:0] is not pipelined. Pipelining DSP48 input will improve performance.
Related violations: <none>

DPIP-1#558 Warning
Input pipelining  
DSP u_mimo_detector_top/u_matched_filter_compute/(null)[0].value1__5 input u_mimo_detector_top/u_matched_filter_compute/(null)[0].value1__5/B[17:0] is not pipelined. Pipelining DSP48 input will improve performance.
Related violations: <none>

DPIP-1#559 Warning
Input pipelining  
DSP u_mimo_detector_top/u_matched_filter_compute/(null)[0].value1__6 input u_mimo_detector_top/u_matched_filter_compute/(null)[0].value1__6/A[29:0] is not pipelined. Pipelining DSP48 input will improve performance.
Related violations: <none>

DPIP-1#560 Warning
Input pipelining  
DSP u_mimo_detector_top/u_matched_filter_compute/(null)[0].value1__6 input u_mimo_detector_top/u_matched_filter_compute/(null)[0].value1__6/B[17:0] is not pipelined. Pipelining DSP48 input will improve performance.
Related violations: <none>

DPIP-1#561 Warning
Input pipelining  
DSP u_mimo_detector_top/u_matched_filter_compute/(null)[0].value2 input u_mimo_detector_top/u_matched_filter_compute/(null)[0].value2/A[29:0] is not pipelined. Pipelining DSP48 input will improve performance.
Related violations: <none>

DPIP-1#562 Warning
Input pipelining  
DSP u_mimo_detector_top/u_matched_filter_compute/(null)[0].value2 input u_mimo_detector_top/u_matched_filter_compute/(null)[0].value2/B[17:0] is not pipelined. Pipelining DSP48 input will improve performance.
Related violations: <none>

DPIP-1#563 Warning
Input pipelining  
DSP u_mimo_detector_top/u_matched_filter_compute/(null)[0].value2__0 input u_mimo_detector_top/u_matched_filter_compute/(null)[0].value2__0/A[29:0] is not pipelined. Pipelining DSP48 input will improve performance.
Related violations: <none>

DPIP-1#564 Warning
Input pipelining  
DSP u_mimo_detector_top/u_matched_filter_compute/(null)[0].value2__0 input u_mimo_detector_top/u_matched_filter_compute/(null)[0].value2__0/B[17:0] is not pipelined. Pipelining DSP48 input will improve performance.
Related violations: <none>

DPIP-1#565 Warning
Input pipelining  
DSP u_mimo_detector_top/u_matched_filter_compute/(null)[0].value2__1 input u_mimo_detector_top/u_matched_filter_compute/(null)[0].value2__1/A[29:0] is not pipelined. Pipelining DSP48 input will improve performance.
Related violations: <none>

DPIP-1#566 Warning
Input pipelining  
DSP u_mimo_detector_top/u_matched_filter_compute/(null)[0].value2__1 input u_mimo_detector_top/u_matched_filter_compute/(null)[0].value2__1/B[17:0] is not pipelined. Pipelining DSP48 input will improve performance.
Related violations: <none>

DPIP-1#567 Warning
Input pipelining  
DSP u_mimo_detector_top/u_matched_filter_compute/(null)[0].value2__10 input u_mimo_detector_top/u_matched_filter_compute/(null)[0].value2__10/A[29:0] is not pipelined. Pipelining DSP48 input will improve performance.
Related violations: <none>

DPIP-1#568 Warning
Input pipelining  
DSP u_mimo_detector_top/u_matched_filter_compute/(null)[0].value2__10 input u_mimo_detector_top/u_matched_filter_compute/(null)[0].value2__10/B[17:0] is not pipelined. Pipelining DSP48 input will improve performance.
Related violations: <none>

DPIP-1#569 Warning
Input pipelining  
DSP u_mimo_detector_top/u_matched_filter_compute/(null)[0].value2__11 input u_mimo_detector_top/u_matched_filter_compute/(null)[0].value2__11/A[29:0] is not pipelined. Pipelining DSP48 input will improve performance.
Related violations: <none>

DPIP-1#570 Warning
Input pipelining  
DSP u_mimo_detector_top/u_matched_filter_compute/(null)[0].value2__11 input u_mimo_detector_top/u_matched_filter_compute/(null)[0].value2__11/B[17:0] is not pipelined. Pipelining DSP48 input will improve performance.
Related violations: <none>

DPIP-1#571 Warning
Input pipelining  
DSP u_mimo_detector_top/u_matched_filter_compute/(null)[0].value2__12 input u_mimo_detector_top/u_matched_filter_compute/(null)[0].value2__12/A[29:0] is not pipelined. Pipelining DSP48 input will improve performance.
Related violations: <none>

DPIP-1#572 Warning
Input pipelining  
DSP u_mimo_detector_top/u_matched_filter_compute/(null)[0].value2__12 input u_mimo_detector_top/u_matched_filter_compute/(null)[0].value2__12/B[17:0] is not pipelined. Pipelining DSP48 input will improve performance.
Related violations: <none>

DPIP-1#573 Warning
Input pipelining  
DSP u_mimo_detector_top/u_matched_filter_compute/(null)[0].value2__13 input u_mimo_detector_top/u_matched_filter_compute/(null)[0].value2__13/A[29:0] is not pipelined. Pipelining DSP48 input will improve performance.
Related violations: <none>

DPIP-1#574 Warning
Input pipelining  
DSP u_mimo_detector_top/u_matched_filter_compute/(null)[0].value2__13 input u_mimo_detector_top/u_matched_filter_compute/(null)[0].value2__13/B[17:0] is not pipelined. Pipelining DSP48 input will improve performance.
Related violations: <none>

DPIP-1#575 Warning
Input pipelining  
DSP u_mimo_detector_top/u_matched_filter_compute/(null)[0].value2__14 input u_mimo_detector_top/u_matched_filter_compute/(null)[0].value2__14/A[29:0] is not pipelined. Pipelining DSP48 input will improve performance.
Related violations: <none>

DPIP-1#576 Warning
Input pipelining  
DSP u_mimo_detector_top/u_matched_filter_compute/(null)[0].value2__14 input u_mimo_detector_top/u_matched_filter_compute/(null)[0].value2__14/B[17:0] is not pipelined. Pipelining DSP48 input will improve performance.
Related violations: <none>

DPIP-1#577 Warning
Input pipelining  
DSP u_mimo_detector_top/u_matched_filter_compute/(null)[0].value2__2 input u_mimo_detector_top/u_matched_filter_compute/(null)[0].value2__2/A[29:0] is not pipelined. Pipelining DSP48 input will improve performance.
Related violations: <none>

DPIP-1#578 Warning
Input pipelining  
DSP u_mimo_detector_top/u_matched_filter_compute/(null)[0].value2__2 input u_mimo_detector_top/u_matched_filter_compute/(null)[0].value2__2/B[17:0] is not pipelined. Pipelining DSP48 input will improve performance.
Related violations: <none>

DPIP-1#579 Warning
Input pipelining  
DSP u_mimo_detector_top/u_matched_filter_compute/(null)[0].value2__3 input u_mimo_detector_top/u_matched_filter_compute/(null)[0].value2__3/A[29:0] is not pipelined. Pipelining DSP48 input will improve performance.
Related violations: <none>

DPIP-1#580 Warning
Input pipelining  
DSP u_mimo_detector_top/u_matched_filter_compute/(null)[0].value2__3 input u_mimo_detector_top/u_matched_filter_compute/(null)[0].value2__3/B[17:0] is not pipelined. Pipelining DSP48 input will improve performance.
Related violations: <none>

DPIP-1#581 Warning
Input pipelining  
DSP u_mimo_detector_top/u_matched_filter_compute/(null)[0].value2__4 input u_mimo_detector_top/u_matched_filter_compute/(null)[0].value2__4/A[29:0] is not pipelined. Pipelining DSP48 input will improve performance.
Related violations: <none>

DPIP-1#582 Warning
Input pipelining  
DSP u_mimo_detector_top/u_matched_filter_compute/(null)[0].value2__4 input u_mimo_detector_top/u_matched_filter_compute/(null)[0].value2__4/B[17:0] is not pipelined. Pipelining DSP48 input will improve performance.
Related violations: <none>

DPIP-1#583 Warning
Input pipelining  
DSP u_mimo_detector_top/u_matched_filter_compute/(null)[0].value2__5 input u_mimo_detector_top/u_matched_filter_compute/(null)[0].value2__5/A[29:0] is not pipelined. Pipelining DSP48 input will improve performance.
Related violations: <none>

DPIP-1#584 Warning
Input pipelining  
DSP u_mimo_detector_top/u_matched_filter_compute/(null)[0].value2__5 input u_mimo_detector_top/u_matched_filter_compute/(null)[0].value2__5/B[17:0] is not pipelined. Pipelining DSP48 input will improve performance.
Related violations: <none>

DPIP-1#585 Warning
Input pipelining  
DSP u_mimo_detector_top/u_matched_filter_compute/(null)[0].value2__6 input u_mimo_detector_top/u_matched_filter_compute/(null)[0].value2__6/A[29:0] is not pipelined. Pipelining DSP48 input will improve performance.
Related violations: <none>

DPIP-1#586 Warning
Input pipelining  
DSP u_mimo_detector_top/u_matched_filter_compute/(null)[0].value2__6 input u_mimo_detector_top/u_matched_filter_compute/(null)[0].value2__6/B[17:0] is not pipelined. Pipelining DSP48 input will improve performance.
Related violations: <none>

DPIP-1#587 Warning
Input pipelining  
DSP u_mimo_detector_top/u_matched_filter_compute/(null)[0].value2__7 input u_mimo_detector_top/u_matched_filter_compute/(null)[0].value2__7/A[29:0] is not pipelined. Pipelining DSP48 input will improve performance.
Related violations: <none>

DPIP-1#588 Warning
Input pipelining  
DSP u_mimo_detector_top/u_matched_filter_compute/(null)[0].value2__7 input u_mimo_detector_top/u_matched_filter_compute/(null)[0].value2__7/B[17:0] is not pipelined. Pipelining DSP48 input will improve performance.
Related violations: <none>

DPIP-1#589 Warning
Input pipelining  
DSP u_mimo_detector_top/u_matched_filter_compute/(null)[0].value2__8 input u_mimo_detector_top/u_matched_filter_compute/(null)[0].value2__8/A[29:0] is not pipelined. Pipelining DSP48 input will improve performance.
Related violations: <none>

DPIP-1#590 Warning
Input pipelining  
DSP u_mimo_detector_top/u_matched_filter_compute/(null)[0].value2__8 input u_mimo_detector_top/u_matched_filter_compute/(null)[0].value2__8/B[17:0] is not pipelined. Pipelining DSP48 input will improve performance.
Related violations: <none>

DPIP-1#591 Warning
Input pipelining  
DSP u_mimo_detector_top/u_matched_filter_compute/(null)[0].value2__9 input u_mimo_detector_top/u_matched_filter_compute/(null)[0].value2__9/A[29:0] is not pipelined. Pipelining DSP48 input will improve performance.
Related violations: <none>

DPIP-1#592 Warning
Input pipelining  
DSP u_mimo_detector_top/u_matched_filter_compute/(null)[0].value2__9 input u_mimo_detector_top/u_matched_filter_compute/(null)[0].value2__9/B[17:0] is not pipelined. Pipelining DSP48 input will improve performance.
Related violations: <none>

DPIP-1#593 Warning
Input pipelining  
DSP u_mimo_detector_top/u_matched_filter_compute/(null)[0].value3 input u_mimo_detector_top/u_matched_filter_compute/(null)[0].value3/A[29:0] is not pipelined. Pipelining DSP48 input will improve performance.
Related violations: <none>

DPIP-1#594 Warning
Input pipelining  
DSP u_mimo_detector_top/u_matched_filter_compute/(null)[0].value3 input u_mimo_detector_top/u_matched_filter_compute/(null)[0].value3/B[17:0] is not pipelined. Pipelining DSP48 input will improve performance.
Related violations: <none>

DPIP-1#595 Warning
Input pipelining  
DSP u_mimo_detector_top/u_matched_filter_compute/(null)[0].value3__0 input u_mimo_detector_top/u_matched_filter_compute/(null)[0].value3__0/A[29:0] is not pipelined. Pipelining DSP48 input will improve performance.
Related violations: <none>

DPIP-1#596 Warning
Input pipelining  
DSP u_mimo_detector_top/u_matched_filter_compute/(null)[0].value3__0 input u_mimo_detector_top/u_matched_filter_compute/(null)[0].value3__0/B[17:0] is not pipelined. Pipelining DSP48 input will improve performance.
Related violations: <none>

DPIP-1#597 Warning
Input pipelining  
DSP u_mimo_detector_top/u_matched_filter_compute/(null)[0].value3__1 input u_mimo_detector_top/u_matched_filter_compute/(null)[0].value3__1/A[29:0] is not pipelined. Pipelining DSP48 input will improve performance.
Related violations: <none>

DPIP-1#598 Warning
Input pipelining  
DSP u_mimo_detector_top/u_matched_filter_compute/(null)[0].value3__1 input u_mimo_detector_top/u_matched_filter_compute/(null)[0].value3__1/B[17:0] is not pipelined. Pipelining DSP48 input will improve performance.
Related violations: <none>

DPIP-1#599 Warning
Input pipelining  
DSP u_mimo_detector_top/u_matched_filter_compute/(null)[0].value3__10 input u_mimo_detector_top/u_matched_filter_compute/(null)[0].value3__10/A[29:0] is not pipelined. Pipelining DSP48 input will improve performance.
Related violations: <none>

DPIP-1#600 Warning
Input pipelining  
DSP u_mimo_detector_top/u_matched_filter_compute/(null)[0].value3__10 input u_mimo_detector_top/u_matched_filter_compute/(null)[0].value3__10/B[17:0] is not pipelined. Pipelining DSP48 input will improve performance.
Related violations: <none>

DPIP-1#601 Warning
Input pipelining  
DSP u_mimo_detector_top/u_matched_filter_compute/(null)[0].value3__11 input u_mimo_detector_top/u_matched_filter_compute/(null)[0].value3__11/A[29:0] is not pipelined. Pipelining DSP48 input will improve performance.
Related violations: <none>

DPIP-1#602 Warning
Input pipelining  
DSP u_mimo_detector_top/u_matched_filter_compute/(null)[0].value3__11 input u_mimo_detector_top/u_matched_filter_compute/(null)[0].value3__11/B[17:0] is not pipelined. Pipelining DSP48 input will improve performance.
Related violations: <none>

DPIP-1#603 Warning
Input pipelining  
DSP u_mimo_detector_top/u_matched_filter_compute/(null)[0].value3__12 input u_mimo_detector_top/u_matched_filter_compute/(null)[0].value3__12/A[29:0] is not pipelined. Pipelining DSP48 input will improve performance.
Related violations: <none>

DPIP-1#604 Warning
Input pipelining  
DSP u_mimo_detector_top/u_matched_filter_compute/(null)[0].value3__12 input u_mimo_detector_top/u_matched_filter_compute/(null)[0].value3__12/B[17:0] is not pipelined. Pipelining DSP48 input will improve performance.
Related violations: <none>

DPIP-1#605 Warning
Input pipelining  
DSP u_mimo_detector_top/u_matched_filter_compute/(null)[0].value3__13 input u_mimo_detector_top/u_matched_filter_compute/(null)[0].value3__13/A[29:0] is not pipelined. Pipelining DSP48 input will improve performance.
Related violations: <none>

DPIP-1#606 Warning
Input pipelining  
DSP u_mimo_detector_top/u_matched_filter_compute/(null)[0].value3__13 input u_mimo_detector_top/u_matched_filter_compute/(null)[0].value3__13/B[17:0] is not pipelined. Pipelining DSP48 input will improve performance.
Related violations: <none>

DPIP-1#607 Warning
Input pipelining  
DSP u_mimo_detector_top/u_matched_filter_compute/(null)[0].value3__14 input u_mimo_detector_top/u_matched_filter_compute/(null)[0].value3__14/A[29:0] is not pipelined. Pipelining DSP48 input will improve performance.
Related violations: <none>

DPIP-1#608 Warning
Input pipelining  
DSP u_mimo_detector_top/u_matched_filter_compute/(null)[0].value3__14 input u_mimo_detector_top/u_matched_filter_compute/(null)[0].value3__14/B[17:0] is not pipelined. Pipelining DSP48 input will improve performance.
Related violations: <none>

DPIP-1#609 Warning
Input pipelining  
DSP u_mimo_detector_top/u_matched_filter_compute/(null)[0].value3__15 input u_mimo_detector_top/u_matched_filter_compute/(null)[0].value3__15/A[29:0] is not pipelined. Pipelining DSP48 input will improve performance.
Related violations: <none>

DPIP-1#610 Warning
Input pipelining  
DSP u_mimo_detector_top/u_matched_filter_compute/(null)[0].value3__15 input u_mimo_detector_top/u_matched_filter_compute/(null)[0].value3__15/B[17:0] is not pipelined. Pipelining DSP48 input will improve performance.
Related violations: <none>

DPIP-1#611 Warning
Input pipelining  
DSP u_mimo_detector_top/u_matched_filter_compute/(null)[0].value3__16 input u_mimo_detector_top/u_matched_filter_compute/(null)[0].value3__16/A[29:0] is not pipelined. Pipelining DSP48 input will improve performance.
Related violations: <none>

DPIP-1#612 Warning
Input pipelining  
DSP u_mimo_detector_top/u_matched_filter_compute/(null)[0].value3__16 input u_mimo_detector_top/u_matched_filter_compute/(null)[0].value3__16/B[17:0] is not pipelined. Pipelining DSP48 input will improve performance.
Related violations: <none>

DPIP-1#613 Warning
Input pipelining  
DSP u_mimo_detector_top/u_matched_filter_compute/(null)[0].value3__17 input u_mimo_detector_top/u_matched_filter_compute/(null)[0].value3__17/A[29:0] is not pipelined. Pipelining DSP48 input will improve performance.
Related violations: <none>

DPIP-1#614 Warning
Input pipelining  
DSP u_mimo_detector_top/u_matched_filter_compute/(null)[0].value3__17 input u_mimo_detector_top/u_matched_filter_compute/(null)[0].value3__17/B[17:0] is not pipelined. Pipelining DSP48 input will improve performance.
Related violations: <none>

DPIP-1#615 Warning
Input pipelining  
DSP u_mimo_detector_top/u_matched_filter_compute/(null)[0].value3__18 input u_mimo_detector_top/u_matched_filter_compute/(null)[0].value3__18/A[29:0] is not pipelined. Pipelining DSP48 input will improve performance.
Related violations: <none>

DPIP-1#616 Warning
Input pipelining  
DSP u_mimo_detector_top/u_matched_filter_compute/(null)[0].value3__18 input u_mimo_detector_top/u_matched_filter_compute/(null)[0].value3__18/B[17:0] is not pipelined. Pipelining DSP48 input will improve performance.
Related violations: <none>

DPIP-1#617 Warning
Input pipelining  
DSP u_mimo_detector_top/u_matched_filter_compute/(null)[0].value3__19 input u_mimo_detector_top/u_matched_filter_compute/(null)[0].value3__19/A[29:0] is not pipelined. Pipelining DSP48 input will improve performance.
Related violations: <none>

DPIP-1#618 Warning
Input pipelining  
DSP u_mimo_detector_top/u_matched_filter_compute/(null)[0].value3__19 input u_mimo_detector_top/u_matched_filter_compute/(null)[0].value3__19/B[17:0] is not pipelined. Pipelining DSP48 input will improve performance.
Related violations: <none>

DPIP-1#619 Warning
Input pipelining  
DSP u_mimo_detector_top/u_matched_filter_compute/(null)[0].value3__2 input u_mimo_detector_top/u_matched_filter_compute/(null)[0].value3__2/A[29:0] is not pipelined. Pipelining DSP48 input will improve performance.
Related violations: <none>

DPIP-1#620 Warning
Input pipelining  
DSP u_mimo_detector_top/u_matched_filter_compute/(null)[0].value3__2 input u_mimo_detector_top/u_matched_filter_compute/(null)[0].value3__2/B[17:0] is not pipelined. Pipelining DSP48 input will improve performance.
Related violations: <none>

DPIP-1#621 Warning
Input pipelining  
DSP u_mimo_detector_top/u_matched_filter_compute/(null)[0].value3__20 input u_mimo_detector_top/u_matched_filter_compute/(null)[0].value3__20/A[29:0] is not pipelined. Pipelining DSP48 input will improve performance.
Related violations: <none>

DPIP-1#622 Warning
Input pipelining  
DSP u_mimo_detector_top/u_matched_filter_compute/(null)[0].value3__20 input u_mimo_detector_top/u_matched_filter_compute/(null)[0].value3__20/B[17:0] is not pipelined. Pipelining DSP48 input will improve performance.
Related violations: <none>

DPIP-1#623 Warning
Input pipelining  
DSP u_mimo_detector_top/u_matched_filter_compute/(null)[0].value3__21 input u_mimo_detector_top/u_matched_filter_compute/(null)[0].value3__21/A[29:0] is not pipelined. Pipelining DSP48 input will improve performance.
Related violations: <none>

DPIP-1#624 Warning
Input pipelining  
DSP u_mimo_detector_top/u_matched_filter_compute/(null)[0].value3__21 input u_mimo_detector_top/u_matched_filter_compute/(null)[0].value3__21/B[17:0] is not pipelined. Pipelining DSP48 input will improve performance.
Related violations: <none>

DPIP-1#625 Warning
Input pipelining  
DSP u_mimo_detector_top/u_matched_filter_compute/(null)[0].value3__22 input u_mimo_detector_top/u_matched_filter_compute/(null)[0].value3__22/A[29:0] is not pipelined. Pipelining DSP48 input will improve performance.
Related violations: <none>

DPIP-1#626 Warning
Input pipelining  
DSP u_mimo_detector_top/u_matched_filter_compute/(null)[0].value3__22 input u_mimo_detector_top/u_matched_filter_compute/(null)[0].value3__22/B[17:0] is not pipelined. Pipelining DSP48 input will improve performance.
Related violations: <none>

DPIP-1#627 Warning
Input pipelining  
DSP u_mimo_detector_top/u_matched_filter_compute/(null)[0].value3__3 input u_mimo_detector_top/u_matched_filter_compute/(null)[0].value3__3/A[29:0] is not pipelined. Pipelining DSP48 input will improve performance.
Related violations: <none>

DPIP-1#628 Warning
Input pipelining  
DSP u_mimo_detector_top/u_matched_filter_compute/(null)[0].value3__3 input u_mimo_detector_top/u_matched_filter_compute/(null)[0].value3__3/B[17:0] is not pipelined. Pipelining DSP48 input will improve performance.
Related violations: <none>

DPIP-1#629 Warning
Input pipelining  
DSP u_mimo_detector_top/u_matched_filter_compute/(null)[0].value3__4 input u_mimo_detector_top/u_matched_filter_compute/(null)[0].value3__4/A[29:0] is not pipelined. Pipelining DSP48 input will improve performance.
Related violations: <none>

DPIP-1#630 Warning
Input pipelining  
DSP u_mimo_detector_top/u_matched_filter_compute/(null)[0].value3__4 input u_mimo_detector_top/u_matched_filter_compute/(null)[0].value3__4/B[17:0] is not pipelined. Pipelining DSP48 input will improve performance.
Related violations: <none>

DPIP-1#631 Warning
Input pipelining  
DSP u_mimo_detector_top/u_matched_filter_compute/(null)[0].value3__5 input u_mimo_detector_top/u_matched_filter_compute/(null)[0].value3__5/A[29:0] is not pipelined. Pipelining DSP48 input will improve performance.
Related violations: <none>

DPIP-1#632 Warning
Input pipelining  
DSP u_mimo_detector_top/u_matched_filter_compute/(null)[0].value3__5 input u_mimo_detector_top/u_matched_filter_compute/(null)[0].value3__5/B[17:0] is not pipelined. Pipelining DSP48 input will improve performance.
Related violations: <none>

DPIP-1#633 Warning
Input pipelining  
DSP u_mimo_detector_top/u_matched_filter_compute/(null)[0].value3__6 input u_mimo_detector_top/u_matched_filter_compute/(null)[0].value3__6/A[29:0] is not pipelined. Pipelining DSP48 input will improve performance.
Related violations: <none>

DPIP-1#634 Warning
Input pipelining  
DSP u_mimo_detector_top/u_matched_filter_compute/(null)[0].value3__6 input u_mimo_detector_top/u_matched_filter_compute/(null)[0].value3__6/B[17:0] is not pipelined. Pipelining DSP48 input will improve performance.
Related violations: <none>

DPIP-1#635 Warning
Input pipelining  
DSP u_mimo_detector_top/u_matched_filter_compute/(null)[0].value3__7 input u_mimo_detector_top/u_matched_filter_compute/(null)[0].value3__7/A[29:0] is not pipelined. Pipelining DSP48 input will improve performance.
Related violations: <none>

DPIP-1#636 Warning
Input pipelining  
DSP u_mimo_detector_top/u_matched_filter_compute/(null)[0].value3__7 input u_mimo_detector_top/u_matched_filter_compute/(null)[0].value3__7/B[17:0] is not pipelined. Pipelining DSP48 input will improve performance.
Related violations: <none>

DPIP-1#637 Warning
Input pipelining  
DSP u_mimo_detector_top/u_matched_filter_compute/(null)[0].value3__8 input u_mimo_detector_top/u_matched_filter_compute/(null)[0].value3__8/A[29:0] is not pipelined. Pipelining DSP48 input will improve performance.
Related violations: <none>

DPIP-1#638 Warning
Input pipelining  
DSP u_mimo_detector_top/u_matched_filter_compute/(null)[0].value3__8 input u_mimo_detector_top/u_matched_filter_compute/(null)[0].value3__8/B[17:0] is not pipelined. Pipelining DSP48 input will improve performance.
Related violations: <none>

DPIP-1#639 Warning
Input pipelining  
DSP u_mimo_detector_top/u_matched_filter_compute/(null)[0].value3__9 input u_mimo_detector_top/u_matched_filter_compute/(null)[0].value3__9/A[29:0] is not pipelined. Pipelining DSP48 input will improve performance.
Related violations: <none>

DPIP-1#640 Warning
Input pipelining  
DSP u_mimo_detector_top/u_matched_filter_compute/(null)[0].value3__9 input u_mimo_detector_top/u_matched_filter_compute/(null)[0].value3__9/B[17:0] is not pipelined. Pipelining DSP48 input will improve performance.
Related violations: <none>

DPIP-1#641 Warning
Input pipelining  
DSP u_mimo_detector_top/u_matched_filter_compute/(null)[0].value4 input u_mimo_detector_top/u_matched_filter_compute/(null)[0].value4/A[29:0] is not pipelined. Pipelining DSP48 input will improve performance.
Related violations: <none>

DPIP-1#642 Warning
Input pipelining  
DSP u_mimo_detector_top/u_matched_filter_compute/(null)[0].value4 input u_mimo_detector_top/u_matched_filter_compute/(null)[0].value4/B[17:0] is not pipelined. Pipelining DSP48 input will improve performance.
Related violations: <none>

DPIP-1#643 Warning
Input pipelining  
DSP u_mimo_detector_top/u_matched_filter_compute/(null)[0].value4__0 input u_mimo_detector_top/u_matched_filter_compute/(null)[0].value4__0/A[29:0] is not pipelined. Pipelining DSP48 input will improve performance.
Related violations: <none>

DPIP-1#644 Warning
Input pipelining  
DSP u_mimo_detector_top/u_matched_filter_compute/(null)[0].value4__0 input u_mimo_detector_top/u_matched_filter_compute/(null)[0].value4__0/B[17:0] is not pipelined. Pipelining DSP48 input will improve performance.
Related violations: <none>

DPIP-1#645 Warning
Input pipelining  
DSP u_mimo_detector_top/u_matched_filter_compute/(null)[0].value4__1 input u_mimo_detector_top/u_matched_filter_compute/(null)[0].value4__1/A[29:0] is not pipelined. Pipelining DSP48 input will improve performance.
Related violations: <none>

DPIP-1#646 Warning
Input pipelining  
DSP u_mimo_detector_top/u_matched_filter_compute/(null)[0].value4__1 input u_mimo_detector_top/u_matched_filter_compute/(null)[0].value4__1/B[17:0] is not pipelined. Pipelining DSP48 input will improve performance.
Related violations: <none>

DPIP-1#647 Warning
Input pipelining  
DSP u_mimo_detector_top/u_matched_filter_compute/(null)[0].value4__10 input u_mimo_detector_top/u_matched_filter_compute/(null)[0].value4__10/A[29:0] is not pipelined. Pipelining DSP48 input will improve performance.
Related violations: <none>

DPIP-1#648 Warning
Input pipelining  
DSP u_mimo_detector_top/u_matched_filter_compute/(null)[0].value4__10 input u_mimo_detector_top/u_matched_filter_compute/(null)[0].value4__10/B[17:0] is not pipelined. Pipelining DSP48 input will improve performance.
Related violations: <none>

DPIP-1#649 Warning
Input pipelining  
DSP u_mimo_detector_top/u_matched_filter_compute/(null)[0].value4__11 input u_mimo_detector_top/u_matched_filter_compute/(null)[0].value4__11/A[29:0] is not pipelined. Pipelining DSP48 input will improve performance.
Related violations: <none>

DPIP-1#650 Warning
Input pipelining  
DSP u_mimo_detector_top/u_matched_filter_compute/(null)[0].value4__11 input u_mimo_detector_top/u_matched_filter_compute/(null)[0].value4__11/B[17:0] is not pipelined. Pipelining DSP48 input will improve performance.
Related violations: <none>

DPIP-1#651 Warning
Input pipelining  
DSP u_mimo_detector_top/u_matched_filter_compute/(null)[0].value4__12 input u_mimo_detector_top/u_matched_filter_compute/(null)[0].value4__12/A[29:0] is not pipelined. Pipelining DSP48 input will improve performance.
Related violations: <none>

DPIP-1#652 Warning
Input pipelining  
DSP u_mimo_detector_top/u_matched_filter_compute/(null)[0].value4__12 input u_mimo_detector_top/u_matched_filter_compute/(null)[0].value4__12/B[17:0] is not pipelined. Pipelining DSP48 input will improve performance.
Related violations: <none>

DPIP-1#653 Warning
Input pipelining  
DSP u_mimo_detector_top/u_matched_filter_compute/(null)[0].value4__13 input u_mimo_detector_top/u_matched_filter_compute/(null)[0].value4__13/A[29:0] is not pipelined. Pipelining DSP48 input will improve performance.
Related violations: <none>

DPIP-1#654 Warning
Input pipelining  
DSP u_mimo_detector_top/u_matched_filter_compute/(null)[0].value4__13 input u_mimo_detector_top/u_matched_filter_compute/(null)[0].value4__13/B[17:0] is not pipelined. Pipelining DSP48 input will improve performance.
Related violations: <none>

DPIP-1#655 Warning
Input pipelining  
DSP u_mimo_detector_top/u_matched_filter_compute/(null)[0].value4__14 input u_mimo_detector_top/u_matched_filter_compute/(null)[0].value4__14/A[29:0] is not pipelined. Pipelining DSP48 input will improve performance.
Related violations: <none>

DPIP-1#656 Warning
Input pipelining  
DSP u_mimo_detector_top/u_matched_filter_compute/(null)[0].value4__14 input u_mimo_detector_top/u_matched_filter_compute/(null)[0].value4__14/B[17:0] is not pipelined. Pipelining DSP48 input will improve performance.
Related violations: <none>

DPIP-1#657 Warning
Input pipelining  
DSP u_mimo_detector_top/u_matched_filter_compute/(null)[0].value4__2 input u_mimo_detector_top/u_matched_filter_compute/(null)[0].value4__2/A[29:0] is not pipelined. Pipelining DSP48 input will improve performance.
Related violations: <none>

DPIP-1#658 Warning
Input pipelining  
DSP u_mimo_detector_top/u_matched_filter_compute/(null)[0].value4__2 input u_mimo_detector_top/u_matched_filter_compute/(null)[0].value4__2/B[17:0] is not pipelined. Pipelining DSP48 input will improve performance.
Related violations: <none>

DPIP-1#659 Warning
Input pipelining  
DSP u_mimo_detector_top/u_matched_filter_compute/(null)[0].value4__3 input u_mimo_detector_top/u_matched_filter_compute/(null)[0].value4__3/A[29:0] is not pipelined. Pipelining DSP48 input will improve performance.
Related violations: <none>

DPIP-1#660 Warning
Input pipelining  
DSP u_mimo_detector_top/u_matched_filter_compute/(null)[0].value4__3 input u_mimo_detector_top/u_matched_filter_compute/(null)[0].value4__3/B[17:0] is not pipelined. Pipelining DSP48 input will improve performance.
Related violations: <none>

DPIP-1#661 Warning
Input pipelining  
DSP u_mimo_detector_top/u_matched_filter_compute/(null)[0].value4__4 input u_mimo_detector_top/u_matched_filter_compute/(null)[0].value4__4/A[29:0] is not pipelined. Pipelining DSP48 input will improve performance.
Related violations: <none>

DPIP-1#662 Warning
Input pipelining  
DSP u_mimo_detector_top/u_matched_filter_compute/(null)[0].value4__4 input u_mimo_detector_top/u_matched_filter_compute/(null)[0].value4__4/B[17:0] is not pipelined. Pipelining DSP48 input will improve performance.
Related violations: <none>

DPIP-1#663 Warning
Input pipelining  
DSP u_mimo_detector_top/u_matched_filter_compute/(null)[0].value4__5 input u_mimo_detector_top/u_matched_filter_compute/(null)[0].value4__5/A[29:0] is not pipelined. Pipelining DSP48 input will improve performance.
Related violations: <none>

DPIP-1#664 Warning
Input pipelining  
DSP u_mimo_detector_top/u_matched_filter_compute/(null)[0].value4__5 input u_mimo_detector_top/u_matched_filter_compute/(null)[0].value4__5/B[17:0] is not pipelined. Pipelining DSP48 input will improve performance.
Related violations: <none>

DPIP-1#665 Warning
Input pipelining  
DSP u_mimo_detector_top/u_matched_filter_compute/(null)[0].value4__6 input u_mimo_detector_top/u_matched_filter_compute/(null)[0].value4__6/A[29:0] is not pipelined. Pipelining DSP48 input will improve performance.
Related violations: <none>

DPIP-1#666 Warning
Input pipelining  
DSP u_mimo_detector_top/u_matched_filter_compute/(null)[0].value4__6 input u_mimo_detector_top/u_matched_filter_compute/(null)[0].value4__6/B[17:0] is not pipelined. Pipelining DSP48 input will improve performance.
Related violations: <none>

DPIP-1#667 Warning
Input pipelining  
DSP u_mimo_detector_top/u_matched_filter_compute/(null)[0].value4__7 input u_mimo_detector_top/u_matched_filter_compute/(null)[0].value4__7/A[29:0] is not pipelined. Pipelining DSP48 input will improve performance.
Related violations: <none>

DPIP-1#668 Warning
Input pipelining  
DSP u_mimo_detector_top/u_matched_filter_compute/(null)[0].value4__7 input u_mimo_detector_top/u_matched_filter_compute/(null)[0].value4__7/B[17:0] is not pipelined. Pipelining DSP48 input will improve performance.
Related violations: <none>

DPIP-1#669 Warning
Input pipelining  
DSP u_mimo_detector_top/u_matched_filter_compute/(null)[0].value4__8 input u_mimo_detector_top/u_matched_filter_compute/(null)[0].value4__8/A[29:0] is not pipelined. Pipelining DSP48 input will improve performance.
Related violations: <none>

DPIP-1#670 Warning
Input pipelining  
DSP u_mimo_detector_top/u_matched_filter_compute/(null)[0].value4__8 input u_mimo_detector_top/u_matched_filter_compute/(null)[0].value4__8/B[17:0] is not pipelined. Pipelining DSP48 input will improve performance.
Related violations: <none>

DPIP-1#671 Warning
Input pipelining  
DSP u_mimo_detector_top/u_matched_filter_compute/(null)[0].value4__9 input u_mimo_detector_top/u_matched_filter_compute/(null)[0].value4__9/A[29:0] is not pipelined. Pipelining DSP48 input will improve performance.
Related violations: <none>

DPIP-1#672 Warning
Input pipelining  
DSP u_mimo_detector_top/u_matched_filter_compute/(null)[0].value4__9 input u_mimo_detector_top/u_matched_filter_compute/(null)[0].value4__9/B[17:0] is not pipelined. Pipelining DSP48 input will improve performance.
Related violations: <none>

DPOP-1#1 Warning
PREG Output pipelining  
DSP u_mimo_detector_top/u_gram_matrix_compute/(null)[0].(null)[0].value1 output u_mimo_detector_top/u_gram_matrix_compute/(null)[0].(null)[0].value1/P[47:0] is not pipelined (PREG=0). Pipelining the DSP48 output will improve performance and often saves power so it is suggested whenever possible to fully pipeline this function.  If this DSP48 function was inferred, it is suggested to describe an additional register stage after this function.  If the DSP48 was instantiated in the design, it is suggested to set the PREG attribute to 1.
Related violations: <none>

DPOP-1#2 Warning
PREG Output pipelining  
DSP u_mimo_detector_top/u_gram_matrix_compute/(null)[0].(null)[0].value1__0 output u_mimo_detector_top/u_gram_matrix_compute/(null)[0].(null)[0].value1__0/P[47:0] is not pipelined (PREG=0). Pipelining the DSP48 output will improve performance and often saves power so it is suggested whenever possible to fully pipeline this function.  If this DSP48 function was inferred, it is suggested to describe an additional register stage after this function.  If the DSP48 was instantiated in the design, it is suggested to set the PREG attribute to 1.
Related violations: <none>

DPOP-1#3 Warning
PREG Output pipelining  
DSP u_mimo_detector_top/u_gram_matrix_compute/(null)[0].(null)[0].value1__1 output u_mimo_detector_top/u_gram_matrix_compute/(null)[0].(null)[0].value1__1/P[47:0] is not pipelined (PREG=0). Pipelining the DSP48 output will improve performance and often saves power so it is suggested whenever possible to fully pipeline this function.  If this DSP48 function was inferred, it is suggested to describe an additional register stage after this function.  If the DSP48 was instantiated in the design, it is suggested to set the PREG attribute to 1.
Related violations: <none>

DPOP-1#4 Warning
PREG Output pipelining  
DSP u_mimo_detector_top/u_gram_matrix_compute/(null)[0].(null)[0].value1__10 output u_mimo_detector_top/u_gram_matrix_compute/(null)[0].(null)[0].value1__10/P[47:0] is not pipelined (PREG=0). Pipelining the DSP48 output will improve performance and often saves power so it is suggested whenever possible to fully pipeline this function.  If this DSP48 function was inferred, it is suggested to describe an additional register stage after this function.  If the DSP48 was instantiated in the design, it is suggested to set the PREG attribute to 1.
Related violations: <none>

DPOP-1#5 Warning
PREG Output pipelining  
DSP u_mimo_detector_top/u_gram_matrix_compute/(null)[0].(null)[0].value1__11 output u_mimo_detector_top/u_gram_matrix_compute/(null)[0].(null)[0].value1__11/P[47:0] is not pipelined (PREG=0). Pipelining the DSP48 output will improve performance and often saves power so it is suggested whenever possible to fully pipeline this function.  If this DSP48 function was inferred, it is suggested to describe an additional register stage after this function.  If the DSP48 was instantiated in the design, it is suggested to set the PREG attribute to 1.
Related violations: <none>

DPOP-1#6 Warning
PREG Output pipelining  
DSP u_mimo_detector_top/u_gram_matrix_compute/(null)[0].(null)[0].value1__12 output u_mimo_detector_top/u_gram_matrix_compute/(null)[0].(null)[0].value1__12/P[47:0] is not pipelined (PREG=0). Pipelining the DSP48 output will improve performance and often saves power so it is suggested whenever possible to fully pipeline this function.  If this DSP48 function was inferred, it is suggested to describe an additional register stage after this function.  If the DSP48 was instantiated in the design, it is suggested to set the PREG attribute to 1.
Related violations: <none>

DPOP-1#7 Warning
PREG Output pipelining  
DSP u_mimo_detector_top/u_gram_matrix_compute/(null)[0].(null)[0].value1__13 output u_mimo_detector_top/u_gram_matrix_compute/(null)[0].(null)[0].value1__13/P[47:0] is not pipelined (PREG=0). Pipelining the DSP48 output will improve performance and often saves power so it is suggested whenever possible to fully pipeline this function.  If this DSP48 function was inferred, it is suggested to describe an additional register stage after this function.  If the DSP48 was instantiated in the design, it is suggested to set the PREG attribute to 1.
Related violations: <none>

DPOP-1#8 Warning
PREG Output pipelining  
DSP u_mimo_detector_top/u_gram_matrix_compute/(null)[0].(null)[0].value1__14 output u_mimo_detector_top/u_gram_matrix_compute/(null)[0].(null)[0].value1__14/P[47:0] is not pipelined (PREG=0). Pipelining the DSP48 output will improve performance and often saves power so it is suggested whenever possible to fully pipeline this function.  If this DSP48 function was inferred, it is suggested to describe an additional register stage after this function.  If the DSP48 was instantiated in the design, it is suggested to set the PREG attribute to 1.
Related violations: <none>

DPOP-1#9 Warning
PREG Output pipelining  
DSP u_mimo_detector_top/u_gram_matrix_compute/(null)[0].(null)[0].value1__15 output u_mimo_detector_top/u_gram_matrix_compute/(null)[0].(null)[0].value1__15/P[47:0] is not pipelined (PREG=0). Pipelining the DSP48 output will improve performance and often saves power so it is suggested whenever possible to fully pipeline this function.  If this DSP48 function was inferred, it is suggested to describe an additional register stage after this function.  If the DSP48 was instantiated in the design, it is suggested to set the PREG attribute to 1.
Related violations: <none>

DPOP-1#10 Warning
PREG Output pipelining  
DSP u_mimo_detector_top/u_gram_matrix_compute/(null)[0].(null)[0].value1__16 output u_mimo_detector_top/u_gram_matrix_compute/(null)[0].(null)[0].value1__16/P[47:0] is not pipelined (PREG=0). Pipelining the DSP48 output will improve performance and often saves power so it is suggested whenever possible to fully pipeline this function.  If this DSP48 function was inferred, it is suggested to describe an additional register stage after this function.  If the DSP48 was instantiated in the design, it is suggested to set the PREG attribute to 1.
Related violations: <none>

DPOP-1#11 Warning
PREG Output pipelining  
DSP u_mimo_detector_top/u_gram_matrix_compute/(null)[0].(null)[0].value1__17 output u_mimo_detector_top/u_gram_matrix_compute/(null)[0].(null)[0].value1__17/P[47:0] is not pipelined (PREG=0). Pipelining the DSP48 output will improve performance and often saves power so it is suggested whenever possible to fully pipeline this function.  If this DSP48 function was inferred, it is suggested to describe an additional register stage after this function.  If the DSP48 was instantiated in the design, it is suggested to set the PREG attribute to 1.
Related violations: <none>

DPOP-1#12 Warning
PREG Output pipelining  
DSP u_mimo_detector_top/u_gram_matrix_compute/(null)[0].(null)[0].value1__18 output u_mimo_detector_top/u_gram_matrix_compute/(null)[0].(null)[0].value1__18/P[47:0] is not pipelined (PREG=0). Pipelining the DSP48 output will improve performance and often saves power so it is suggested whenever possible to fully pipeline this function.  If this DSP48 function was inferred, it is suggested to describe an additional register stage after this function.  If the DSP48 was instantiated in the design, it is suggested to set the PREG attribute to 1.
Related violations: <none>

DPOP-1#13 Warning
PREG Output pipelining  
DSP u_mimo_detector_top/u_gram_matrix_compute/(null)[0].(null)[0].value1__19 output u_mimo_detector_top/u_gram_matrix_compute/(null)[0].(null)[0].value1__19/P[47:0] is not pipelined (PREG=0). Pipelining the DSP48 output will improve performance and often saves power so it is suggested whenever possible to fully pipeline this function.  If this DSP48 function was inferred, it is suggested to describe an additional register stage after this function.  If the DSP48 was instantiated in the design, it is suggested to set the PREG attribute to 1.
Related violations: <none>

DPOP-1#14 Warning
PREG Output pipelining  
DSP u_mimo_detector_top/u_gram_matrix_compute/(null)[0].(null)[0].value1__2 output u_mimo_detector_top/u_gram_matrix_compute/(null)[0].(null)[0].value1__2/P[47:0] is not pipelined (PREG=0). Pipelining the DSP48 output will improve performance and often saves power so it is suggested whenever possible to fully pipeline this function.  If this DSP48 function was inferred, it is suggested to describe an additional register stage after this function.  If the DSP48 was instantiated in the design, it is suggested to set the PREG attribute to 1.
Related violations: <none>

DPOP-1#15 Warning
PREG Output pipelining  
DSP u_mimo_detector_top/u_gram_matrix_compute/(null)[0].(null)[0].value1__20 output u_mimo_detector_top/u_gram_matrix_compute/(null)[0].(null)[0].value1__20/P[47:0] is not pipelined (PREG=0). Pipelining the DSP48 output will improve performance and often saves power so it is suggested whenever possible to fully pipeline this function.  If this DSP48 function was inferred, it is suggested to describe an additional register stage after this function.  If the DSP48 was instantiated in the design, it is suggested to set the PREG attribute to 1.
Related violations: <none>

DPOP-1#16 Warning
PREG Output pipelining  
DSP u_mimo_detector_top/u_gram_matrix_compute/(null)[0].(null)[0].value1__21 output u_mimo_detector_top/u_gram_matrix_compute/(null)[0].(null)[0].value1__21/P[47:0] is not pipelined (PREG=0). Pipelining the DSP48 output will improve performance and often saves power so it is suggested whenever possible to fully pipeline this function.  If this DSP48 function was inferred, it is suggested to describe an additional register stage after this function.  If the DSP48 was instantiated in the design, it is suggested to set the PREG attribute to 1.
Related violations: <none>

DPOP-1#17 Warning
PREG Output pipelining  
DSP u_mimo_detector_top/u_gram_matrix_compute/(null)[0].(null)[0].value1__22 output u_mimo_detector_top/u_gram_matrix_compute/(null)[0].(null)[0].value1__22/P[47:0] is not pipelined (PREG=0). Pipelining the DSP48 output will improve performance and often saves power so it is suggested whenever possible to fully pipeline this function.  If this DSP48 function was inferred, it is suggested to describe an additional register stage after this function.  If the DSP48 was instantiated in the design, it is suggested to set the PREG attribute to 1.
Related violations: <none>

DPOP-1#18 Warning
PREG Output pipelining  
DSP u_mimo_detector_top/u_gram_matrix_compute/(null)[0].(null)[0].value1__23 output u_mimo_detector_top/u_gram_matrix_compute/(null)[0].(null)[0].value1__23/P[47:0] is not pipelined (PREG=0). Pipelining the DSP48 output will improve performance and often saves power so it is suggested whenever possible to fully pipeline this function.  If this DSP48 function was inferred, it is suggested to describe an additional register stage after this function.  If the DSP48 was instantiated in the design, it is suggested to set the PREG attribute to 1.
Related violations: <none>

DPOP-1#19 Warning
PREG Output pipelining  
DSP u_mimo_detector_top/u_gram_matrix_compute/(null)[0].(null)[0].value1__24 output u_mimo_detector_top/u_gram_matrix_compute/(null)[0].(null)[0].value1__24/P[47:0] is not pipelined (PREG=0). Pipelining the DSP48 output will improve performance and often saves power so it is suggested whenever possible to fully pipeline this function.  If this DSP48 function was inferred, it is suggested to describe an additional register stage after this function.  If the DSP48 was instantiated in the design, it is suggested to set the PREG attribute to 1.
Related violations: <none>

DPOP-1#20 Warning
PREG Output pipelining  
DSP u_mimo_detector_top/u_gram_matrix_compute/(null)[0].(null)[0].value1__25 output u_mimo_detector_top/u_gram_matrix_compute/(null)[0].(null)[0].value1__25/P[47:0] is not pipelined (PREG=0). Pipelining the DSP48 output will improve performance and often saves power so it is suggested whenever possible to fully pipeline this function.  If this DSP48 function was inferred, it is suggested to describe an additional register stage after this function.  If the DSP48 was instantiated in the design, it is suggested to set the PREG attribute to 1.
Related violations: <none>

DPOP-1#21 Warning
PREG Output pipelining  
DSP u_mimo_detector_top/u_gram_matrix_compute/(null)[0].(null)[0].value1__26 output u_mimo_detector_top/u_gram_matrix_compute/(null)[0].(null)[0].value1__26/P[47:0] is not pipelined (PREG=0). Pipelining the DSP48 output will improve performance and often saves power so it is suggested whenever possible to fully pipeline this function.  If this DSP48 function was inferred, it is suggested to describe an additional register stage after this function.  If the DSP48 was instantiated in the design, it is suggested to set the PREG attribute to 1.
Related violations: <none>

DPOP-1#22 Warning
PREG Output pipelining  
DSP u_mimo_detector_top/u_gram_matrix_compute/(null)[0].(null)[0].value1__27 output u_mimo_detector_top/u_gram_matrix_compute/(null)[0].(null)[0].value1__27/P[47:0] is not pipelined (PREG=0). Pipelining the DSP48 output will improve performance and often saves power so it is suggested whenever possible to fully pipeline this function.  If this DSP48 function was inferred, it is suggested to describe an additional register stage after this function.  If the DSP48 was instantiated in the design, it is suggested to set the PREG attribute to 1.
Related violations: <none>

DPOP-1#23 Warning
PREG Output pipelining  
DSP u_mimo_detector_top/u_gram_matrix_compute/(null)[0].(null)[0].value1__28 output u_mimo_detector_top/u_gram_matrix_compute/(null)[0].(null)[0].value1__28/P[47:0] is not pipelined (PREG=0). Pipelining the DSP48 output will improve performance and often saves power so it is suggested whenever possible to fully pipeline this function.  If this DSP48 function was inferred, it is suggested to describe an additional register stage after this function.  If the DSP48 was instantiated in the design, it is suggested to set the PREG attribute to 1.
Related violations: <none>

DPOP-1#24 Warning
PREG Output pipelining  
DSP u_mimo_detector_top/u_gram_matrix_compute/(null)[0].(null)[0].value1__29 output u_mimo_detector_top/u_gram_matrix_compute/(null)[0].(null)[0].value1__29/P[47:0] is not pipelined (PREG=0). Pipelining the DSP48 output will improve performance and often saves power so it is suggested whenever possible to fully pipeline this function.  If this DSP48 function was inferred, it is suggested to describe an additional register stage after this function.  If the DSP48 was instantiated in the design, it is suggested to set the PREG attribute to 1.
Related violations: <none>

DPOP-1#25 Warning
PREG Output pipelining  
DSP u_mimo_detector_top/u_gram_matrix_compute/(null)[0].(null)[0].value1__3 output u_mimo_detector_top/u_gram_matrix_compute/(null)[0].(null)[0].value1__3/P[47:0] is not pipelined (PREG=0). Pipelining the DSP48 output will improve performance and often saves power so it is suggested whenever possible to fully pipeline this function.  If this DSP48 function was inferred, it is suggested to describe an additional register stage after this function.  If the DSP48 was instantiated in the design, it is suggested to set the PREG attribute to 1.
Related violations: <none>

DPOP-1#26 Warning
PREG Output pipelining  
DSP u_mimo_detector_top/u_gram_matrix_compute/(null)[0].(null)[0].value1__30 output u_mimo_detector_top/u_gram_matrix_compute/(null)[0].(null)[0].value1__30/P[47:0] is not pipelined (PREG=0). Pipelining the DSP48 output will improve performance and often saves power so it is suggested whenever possible to fully pipeline this function.  If this DSP48 function was inferred, it is suggested to describe an additional register stage after this function.  If the DSP48 was instantiated in the design, it is suggested to set the PREG attribute to 1.
Related violations: <none>

DPOP-1#27 Warning
PREG Output pipelining  
DSP u_mimo_detector_top/u_gram_matrix_compute/(null)[0].(null)[0].value1__4 output u_mimo_detector_top/u_gram_matrix_compute/(null)[0].(null)[0].value1__4/P[47:0] is not pipelined (PREG=0). Pipelining the DSP48 output will improve performance and often saves power so it is suggested whenever possible to fully pipeline this function.  If this DSP48 function was inferred, it is suggested to describe an additional register stage after this function.  If the DSP48 was instantiated in the design, it is suggested to set the PREG attribute to 1.
Related violations: <none>

DPOP-1#28 Warning
PREG Output pipelining  
DSP u_mimo_detector_top/u_gram_matrix_compute/(null)[0].(null)[0].value1__5 output u_mimo_detector_top/u_gram_matrix_compute/(null)[0].(null)[0].value1__5/P[47:0] is not pipelined (PREG=0). Pipelining the DSP48 output will improve performance and often saves power so it is suggested whenever possible to fully pipeline this function.  If this DSP48 function was inferred, it is suggested to describe an additional register stage after this function.  If the DSP48 was instantiated in the design, it is suggested to set the PREG attribute to 1.
Related violations: <none>

DPOP-1#29 Warning
PREG Output pipelining  
DSP u_mimo_detector_top/u_gram_matrix_compute/(null)[0].(null)[0].value1__6 output u_mimo_detector_top/u_gram_matrix_compute/(null)[0].(null)[0].value1__6/P[47:0] is not pipelined (PREG=0). Pipelining the DSP48 output will improve performance and often saves power so it is suggested whenever possible to fully pipeline this function.  If this DSP48 function was inferred, it is suggested to describe an additional register stage after this function.  If the DSP48 was instantiated in the design, it is suggested to set the PREG attribute to 1.
Related violations: <none>

DPOP-1#30 Warning
PREG Output pipelining  
DSP u_mimo_detector_top/u_gram_matrix_compute/(null)[0].(null)[0].value1__7 output u_mimo_detector_top/u_gram_matrix_compute/(null)[0].(null)[0].value1__7/P[47:0] is not pipelined (PREG=0). Pipelining the DSP48 output will improve performance and often saves power so it is suggested whenever possible to fully pipeline this function.  If this DSP48 function was inferred, it is suggested to describe an additional register stage after this function.  If the DSP48 was instantiated in the design, it is suggested to set the PREG attribute to 1.
Related violations: <none>

DPOP-1#31 Warning
PREG Output pipelining  
DSP u_mimo_detector_top/u_gram_matrix_compute/(null)[0].(null)[0].value1__8 output u_mimo_detector_top/u_gram_matrix_compute/(null)[0].(null)[0].value1__8/P[47:0] is not pipelined (PREG=0). Pipelining the DSP48 output will improve performance and often saves power so it is suggested whenever possible to fully pipeline this function.  If this DSP48 function was inferred, it is suggested to describe an additional register stage after this function.  If the DSP48 was instantiated in the design, it is suggested to set the PREG attribute to 1.
Related violations: <none>

DPOP-1#32 Warning
PREG Output pipelining  
DSP u_mimo_detector_top/u_gram_matrix_compute/(null)[0].(null)[0].value1__9 output u_mimo_detector_top/u_gram_matrix_compute/(null)[0].(null)[0].value1__9/P[47:0] is not pipelined (PREG=0). Pipelining the DSP48 output will improve performance and often saves power so it is suggested whenever possible to fully pipeline this function.  If this DSP48 function was inferred, it is suggested to describe an additional register stage after this function.  If the DSP48 was instantiated in the design, it is suggested to set the PREG attribute to 1.
Related violations: <none>

DPOP-1#33 Warning
PREG Output pipelining  
DSP u_mimo_detector_top/u_gram_matrix_compute/(null)[0].(null)[0].value2 output u_mimo_detector_top/u_gram_matrix_compute/(null)[0].(null)[0].value2/P[47:0] is not pipelined (PREG=0). Pipelining the DSP48 output will improve performance and often saves power so it is suggested whenever possible to fully pipeline this function.  If this DSP48 function was inferred, it is suggested to describe an additional register stage after this function.  If the DSP48 was instantiated in the design, it is suggested to set the PREG attribute to 1.
Related violations: <none>

DPOP-1#34 Warning
PREG Output pipelining  
DSP u_mimo_detector_top/u_gram_matrix_compute/(null)[0].(null)[0].value2__1 output u_mimo_detector_top/u_gram_matrix_compute/(null)[0].(null)[0].value2__1/P[47:0] is not pipelined (PREG=0). Pipelining the DSP48 output will improve performance and often saves power so it is suggested whenever possible to fully pipeline this function.  If this DSP48 function was inferred, it is suggested to describe an additional register stage after this function.  If the DSP48 was instantiated in the design, it is suggested to set the PREG attribute to 1.
Related violations: <none>

DPOP-1#35 Warning
PREG Output pipelining  
DSP u_mimo_detector_top/u_gram_matrix_compute/(null)[0].(null)[0].value2__11 output u_mimo_detector_top/u_gram_matrix_compute/(null)[0].(null)[0].value2__11/P[47:0] is not pipelined (PREG=0). Pipelining the DSP48 output will improve performance and often saves power so it is suggested whenever possible to fully pipeline this function.  If this DSP48 function was inferred, it is suggested to describe an additional register stage after this function.  If the DSP48 was instantiated in the design, it is suggested to set the PREG attribute to 1.
Related violations: <none>

DPOP-1#36 Warning
PREG Output pipelining  
DSP u_mimo_detector_top/u_gram_matrix_compute/(null)[0].(null)[0].value2__13 output u_mimo_detector_top/u_gram_matrix_compute/(null)[0].(null)[0].value2__13/P[47:0] is not pipelined (PREG=0). Pipelining the DSP48 output will improve performance and often saves power so it is suggested whenever possible to fully pipeline this function.  If this DSP48 function was inferred, it is suggested to describe an additional register stage after this function.  If the DSP48 was instantiated in the design, it is suggested to set the PREG attribute to 1.
Related violations: <none>

DPOP-1#37 Warning
PREG Output pipelining  
DSP u_mimo_detector_top/u_gram_matrix_compute/(null)[0].(null)[0].value2__15 output u_mimo_detector_top/u_gram_matrix_compute/(null)[0].(null)[0].value2__15/P[47:0] is not pipelined (PREG=0). Pipelining the DSP48 output will improve performance and often saves power so it is suggested whenever possible to fully pipeline this function.  If this DSP48 function was inferred, it is suggested to describe an additional register stage after this function.  If the DSP48 was instantiated in the design, it is suggested to set the PREG attribute to 1.
Related violations: <none>

DPOP-1#38 Warning
PREG Output pipelining  
DSP u_mimo_detector_top/u_gram_matrix_compute/(null)[0].(null)[0].value2__17 output u_mimo_detector_top/u_gram_matrix_compute/(null)[0].(null)[0].value2__17/P[47:0] is not pipelined (PREG=0). Pipelining the DSP48 output will improve performance and often saves power so it is suggested whenever possible to fully pipeline this function.  If this DSP48 function was inferred, it is suggested to describe an additional register stage after this function.  If the DSP48 was instantiated in the design, it is suggested to set the PREG attribute to 1.
Related violations: <none>

DPOP-1#39 Warning
PREG Output pipelining  
DSP u_mimo_detector_top/u_gram_matrix_compute/(null)[0].(null)[0].value2__19 output u_mimo_detector_top/u_gram_matrix_compute/(null)[0].(null)[0].value2__19/P[47:0] is not pipelined (PREG=0). Pipelining the DSP48 output will improve performance and often saves power so it is suggested whenever possible to fully pipeline this function.  If this DSP48 function was inferred, it is suggested to describe an additional register stage after this function.  If the DSP48 was instantiated in the design, it is suggested to set the PREG attribute to 1.
Related violations: <none>

DPOP-1#40 Warning
PREG Output pipelining  
DSP u_mimo_detector_top/u_gram_matrix_compute/(null)[0].(null)[0].value2__21 output u_mimo_detector_top/u_gram_matrix_compute/(null)[0].(null)[0].value2__21/P[47:0] is not pipelined (PREG=0). Pipelining the DSP48 output will improve performance and often saves power so it is suggested whenever possible to fully pipeline this function.  If this DSP48 function was inferred, it is suggested to describe an additional register stage after this function.  If the DSP48 was instantiated in the design, it is suggested to set the PREG attribute to 1.
Related violations: <none>

DPOP-1#41 Warning
PREG Output pipelining  
DSP u_mimo_detector_top/u_gram_matrix_compute/(null)[0].(null)[0].value2__23 output u_mimo_detector_top/u_gram_matrix_compute/(null)[0].(null)[0].value2__23/P[47:0] is not pipelined (PREG=0). Pipelining the DSP48 output will improve performance and often saves power so it is suggested whenever possible to fully pipeline this function.  If this DSP48 function was inferred, it is suggested to describe an additional register stage after this function.  If the DSP48 was instantiated in the design, it is suggested to set the PREG attribute to 1.
Related violations: <none>

DPOP-1#42 Warning
PREG Output pipelining  
DSP u_mimo_detector_top/u_gram_matrix_compute/(null)[0].(null)[0].value2__25 output u_mimo_detector_top/u_gram_matrix_compute/(null)[0].(null)[0].value2__25/P[47:0] is not pipelined (PREG=0). Pipelining the DSP48 output will improve performance and often saves power so it is suggested whenever possible to fully pipeline this function.  If this DSP48 function was inferred, it is suggested to describe an additional register stage after this function.  If the DSP48 was instantiated in the design, it is suggested to set the PREG attribute to 1.
Related violations: <none>

DPOP-1#43 Warning
PREG Output pipelining  
DSP u_mimo_detector_top/u_gram_matrix_compute/(null)[0].(null)[0].value2__27 output u_mimo_detector_top/u_gram_matrix_compute/(null)[0].(null)[0].value2__27/P[47:0] is not pipelined (PREG=0). Pipelining the DSP48 output will improve performance and often saves power so it is suggested whenever possible to fully pipeline this function.  If this DSP48 function was inferred, it is suggested to describe an additional register stage after this function.  If the DSP48 was instantiated in the design, it is suggested to set the PREG attribute to 1.
Related violations: <none>

DPOP-1#44 Warning
PREG Output pipelining  
DSP u_mimo_detector_top/u_gram_matrix_compute/(null)[0].(null)[0].value2__29 output u_mimo_detector_top/u_gram_matrix_compute/(null)[0].(null)[0].value2__29/P[47:0] is not pipelined (PREG=0). Pipelining the DSP48 output will improve performance and often saves power so it is suggested whenever possible to fully pipeline this function.  If this DSP48 function was inferred, it is suggested to describe an additional register stage after this function.  If the DSP48 was instantiated in the design, it is suggested to set the PREG attribute to 1.
Related violations: <none>

DPOP-1#45 Warning
PREG Output pipelining  
DSP u_mimo_detector_top/u_gram_matrix_compute/(null)[0].(null)[0].value2__3 output u_mimo_detector_top/u_gram_matrix_compute/(null)[0].(null)[0].value2__3/P[47:0] is not pipelined (PREG=0). Pipelining the DSP48 output will improve performance and often saves power so it is suggested whenever possible to fully pipeline this function.  If this DSP48 function was inferred, it is suggested to describe an additional register stage after this function.  If the DSP48 was instantiated in the design, it is suggested to set the PREG attribute to 1.
Related violations: <none>

DPOP-1#46 Warning
PREG Output pipelining  
DSP u_mimo_detector_top/u_gram_matrix_compute/(null)[0].(null)[0].value2__31 output u_mimo_detector_top/u_gram_matrix_compute/(null)[0].(null)[0].value2__31/P[47:0] is not pipelined (PREG=0). Pipelining the DSP48 output will improve performance and often saves power so it is suggested whenever possible to fully pipeline this function.  If this DSP48 function was inferred, it is suggested to describe an additional register stage after this function.  If the DSP48 was instantiated in the design, it is suggested to set the PREG attribute to 1.
Related violations: <none>

DPOP-1#47 Warning
PREG Output pipelining  
DSP u_mimo_detector_top/u_gram_matrix_compute/(null)[0].(null)[0].value2__33 output u_mimo_detector_top/u_gram_matrix_compute/(null)[0].(null)[0].value2__33/P[47:0] is not pipelined (PREG=0). Pipelining the DSP48 output will improve performance and often saves power so it is suggested whenever possible to fully pipeline this function.  If this DSP48 function was inferred, it is suggested to describe an additional register stage after this function.  If the DSP48 was instantiated in the design, it is suggested to set the PREG attribute to 1.
Related violations: <none>

DPOP-1#48 Warning
PREG Output pipelining  
DSP u_mimo_detector_top/u_gram_matrix_compute/(null)[0].(null)[0].value2__35 output u_mimo_detector_top/u_gram_matrix_compute/(null)[0].(null)[0].value2__35/P[47:0] is not pipelined (PREG=0). Pipelining the DSP48 output will improve performance and often saves power so it is suggested whenever possible to fully pipeline this function.  If this DSP48 function was inferred, it is suggested to describe an additional register stage after this function.  If the DSP48 was instantiated in the design, it is suggested to set the PREG attribute to 1.
Related violations: <none>

DPOP-1#49 Warning
PREG Output pipelining  
DSP u_mimo_detector_top/u_gram_matrix_compute/(null)[0].(null)[0].value2__37 output u_mimo_detector_top/u_gram_matrix_compute/(null)[0].(null)[0].value2__37/P[47:0] is not pipelined (PREG=0). Pipelining the DSP48 output will improve performance and often saves power so it is suggested whenever possible to fully pipeline this function.  If this DSP48 function was inferred, it is suggested to describe an additional register stage after this function.  If the DSP48 was instantiated in the design, it is suggested to set the PREG attribute to 1.
Related violations: <none>

DPOP-1#50 Warning
PREG Output pipelining  
DSP u_mimo_detector_top/u_gram_matrix_compute/(null)[0].(null)[0].value2__39 output u_mimo_detector_top/u_gram_matrix_compute/(null)[0].(null)[0].value2__39/P[47:0] is not pipelined (PREG=0). Pipelining the DSP48 output will improve performance and often saves power so it is suggested whenever possible to fully pipeline this function.  If this DSP48 function was inferred, it is suggested to describe an additional register stage after this function.  If the DSP48 was instantiated in the design, it is suggested to set the PREG attribute to 1.
Related violations: <none>

DPOP-1#51 Warning
PREG Output pipelining  
DSP u_mimo_detector_top/u_gram_matrix_compute/(null)[0].(null)[0].value2__41 output u_mimo_detector_top/u_gram_matrix_compute/(null)[0].(null)[0].value2__41/P[47:0] is not pipelined (PREG=0). Pipelining the DSP48 output will improve performance and often saves power so it is suggested whenever possible to fully pipeline this function.  If this DSP48 function was inferred, it is suggested to describe an additional register stage after this function.  If the DSP48 was instantiated in the design, it is suggested to set the PREG attribute to 1.
Related violations: <none>

DPOP-1#52 Warning
PREG Output pipelining  
DSP u_mimo_detector_top/u_gram_matrix_compute/(null)[0].(null)[0].value2__43 output u_mimo_detector_top/u_gram_matrix_compute/(null)[0].(null)[0].value2__43/P[47:0] is not pipelined (PREG=0). Pipelining the DSP48 output will improve performance and often saves power so it is suggested whenever possible to fully pipeline this function.  If this DSP48 function was inferred, it is suggested to describe an additional register stage after this function.  If the DSP48 was instantiated in the design, it is suggested to set the PREG attribute to 1.
Related violations: <none>

DPOP-1#53 Warning
PREG Output pipelining  
DSP u_mimo_detector_top/u_gram_matrix_compute/(null)[0].(null)[0].value2__45 output u_mimo_detector_top/u_gram_matrix_compute/(null)[0].(null)[0].value2__45/P[47:0] is not pipelined (PREG=0). Pipelining the DSP48 output will improve performance and often saves power so it is suggested whenever possible to fully pipeline this function.  If this DSP48 function was inferred, it is suggested to describe an additional register stage after this function.  If the DSP48 was instantiated in the design, it is suggested to set the PREG attribute to 1.
Related violations: <none>

DPOP-1#54 Warning
PREG Output pipelining  
DSP u_mimo_detector_top/u_gram_matrix_compute/(null)[0].(null)[0].value2__47 output u_mimo_detector_top/u_gram_matrix_compute/(null)[0].(null)[0].value2__47/P[47:0] is not pipelined (PREG=0). Pipelining the DSP48 output will improve performance and often saves power so it is suggested whenever possible to fully pipeline this function.  If this DSP48 function was inferred, it is suggested to describe an additional register stage after this function.  If the DSP48 was instantiated in the design, it is suggested to set the PREG attribute to 1.
Related violations: <none>

DPOP-1#55 Warning
PREG Output pipelining  
DSP u_mimo_detector_top/u_gram_matrix_compute/(null)[0].(null)[0].value2__49 output u_mimo_detector_top/u_gram_matrix_compute/(null)[0].(null)[0].value2__49/P[47:0] is not pipelined (PREG=0). Pipelining the DSP48 output will improve performance and often saves power so it is suggested whenever possible to fully pipeline this function.  If this DSP48 function was inferred, it is suggested to describe an additional register stage after this function.  If the DSP48 was instantiated in the design, it is suggested to set the PREG attribute to 1.
Related violations: <none>

DPOP-1#56 Warning
PREG Output pipelining  
DSP u_mimo_detector_top/u_gram_matrix_compute/(null)[0].(null)[0].value2__5 output u_mimo_detector_top/u_gram_matrix_compute/(null)[0].(null)[0].value2__5/P[47:0] is not pipelined (PREG=0). Pipelining the DSP48 output will improve performance and often saves power so it is suggested whenever possible to fully pipeline this function.  If this DSP48 function was inferred, it is suggested to describe an additional register stage after this function.  If the DSP48 was instantiated in the design, it is suggested to set the PREG attribute to 1.
Related violations: <none>

DPOP-1#57 Warning
PREG Output pipelining  
DSP u_mimo_detector_top/u_gram_matrix_compute/(null)[0].(null)[0].value2__51 output u_mimo_detector_top/u_gram_matrix_compute/(null)[0].(null)[0].value2__51/P[47:0] is not pipelined (PREG=0). Pipelining the DSP48 output will improve performance and often saves power so it is suggested whenever possible to fully pipeline this function.  If this DSP48 function was inferred, it is suggested to describe an additional register stage after this function.  If the DSP48 was instantiated in the design, it is suggested to set the PREG attribute to 1.
Related violations: <none>

DPOP-1#58 Warning
PREG Output pipelining  
DSP u_mimo_detector_top/u_gram_matrix_compute/(null)[0].(null)[0].value2__53 output u_mimo_detector_top/u_gram_matrix_compute/(null)[0].(null)[0].value2__53/P[47:0] is not pipelined (PREG=0). Pipelining the DSP48 output will improve performance and often saves power so it is suggested whenever possible to fully pipeline this function.  If this DSP48 function was inferred, it is suggested to describe an additional register stage after this function.  If the DSP48 was instantiated in the design, it is suggested to set the PREG attribute to 1.
Related violations: <none>

DPOP-1#59 Warning
PREG Output pipelining  
DSP u_mimo_detector_top/u_gram_matrix_compute/(null)[0].(null)[0].value2__55 output u_mimo_detector_top/u_gram_matrix_compute/(null)[0].(null)[0].value2__55/P[47:0] is not pipelined (PREG=0). Pipelining the DSP48 output will improve performance and often saves power so it is suggested whenever possible to fully pipeline this function.  If this DSP48 function was inferred, it is suggested to describe an additional register stage after this function.  If the DSP48 was instantiated in the design, it is suggested to set the PREG attribute to 1.
Related violations: <none>

DPOP-1#60 Warning
PREG Output pipelining  
DSP u_mimo_detector_top/u_gram_matrix_compute/(null)[0].(null)[0].value2__57 output u_mimo_detector_top/u_gram_matrix_compute/(null)[0].(null)[0].value2__57/P[47:0] is not pipelined (PREG=0). Pipelining the DSP48 output will improve performance and often saves power so it is suggested whenever possible to fully pipeline this function.  If this DSP48 function was inferred, it is suggested to describe an additional register stage after this function.  If the DSP48 was instantiated in the design, it is suggested to set the PREG attribute to 1.
Related violations: <none>

DPOP-1#61 Warning
PREG Output pipelining  
DSP u_mimo_detector_top/u_gram_matrix_compute/(null)[0].(null)[0].value2__59 output u_mimo_detector_top/u_gram_matrix_compute/(null)[0].(null)[0].value2__59/P[47:0] is not pipelined (PREG=0). Pipelining the DSP48 output will improve performance and often saves power so it is suggested whenever possible to fully pipeline this function.  If this DSP48 function was inferred, it is suggested to describe an additional register stage after this function.  If the DSP48 was instantiated in the design, it is suggested to set the PREG attribute to 1.
Related violations: <none>

DPOP-1#62 Warning
PREG Output pipelining  
DSP u_mimo_detector_top/u_gram_matrix_compute/(null)[0].(null)[0].value2__61 output u_mimo_detector_top/u_gram_matrix_compute/(null)[0].(null)[0].value2__61/P[47:0] is not pipelined (PREG=0). Pipelining the DSP48 output will improve performance and often saves power so it is suggested whenever possible to fully pipeline this function.  If this DSP48 function was inferred, it is suggested to describe an additional register stage after this function.  If the DSP48 was instantiated in the design, it is suggested to set the PREG attribute to 1.
Related violations: <none>

DPOP-1#63 Warning
PREG Output pipelining  
DSP u_mimo_detector_top/u_gram_matrix_compute/(null)[0].(null)[0].value2__7 output u_mimo_detector_top/u_gram_matrix_compute/(null)[0].(null)[0].value2__7/P[47:0] is not pipelined (PREG=0). Pipelining the DSP48 output will improve performance and often saves power so it is suggested whenever possible to fully pipeline this function.  If this DSP48 function was inferred, it is suggested to describe an additional register stage after this function.  If the DSP48 was instantiated in the design, it is suggested to set the PREG attribute to 1.
Related violations: <none>

DPOP-1#64 Warning
PREG Output pipelining  
DSP u_mimo_detector_top/u_gram_matrix_compute/(null)[0].(null)[0].value2__9 output u_mimo_detector_top/u_gram_matrix_compute/(null)[0].(null)[0].value2__9/P[47:0] is not pipelined (PREG=0). Pipelining the DSP48 output will improve performance and often saves power so it is suggested whenever possible to fully pipeline this function.  If this DSP48 function was inferred, it is suggested to describe an additional register stage after this function.  If the DSP48 was instantiated in the design, it is suggested to set the PREG attribute to 1.
Related violations: <none>

DPOP-1#65 Warning
PREG Output pipelining  
DSP u_mimo_detector_top/u_gram_matrix_compute/(null)[0].(null)[0].value3 output u_mimo_detector_top/u_gram_matrix_compute/(null)[0].(null)[0].value3/P[47:0] is not pipelined (PREG=0). Pipelining the DSP48 output will improve performance and often saves power so it is suggested whenever possible to fully pipeline this function.  If this DSP48 function was inferred, it is suggested to describe an additional register stage after this function.  If the DSP48 was instantiated in the design, it is suggested to set the PREG attribute to 1.
Related violations: <none>

DPOP-1#66 Warning
PREG Output pipelining  
DSP u_mimo_detector_top/u_gram_matrix_compute/(null)[0].(null)[0].value3__1 output u_mimo_detector_top/u_gram_matrix_compute/(null)[0].(null)[0].value3__1/P[47:0] is not pipelined (PREG=0). Pipelining the DSP48 output will improve performance and often saves power so it is suggested whenever possible to fully pipeline this function.  If this DSP48 function was inferred, it is suggested to describe an additional register stage after this function.  If the DSP48 was instantiated in the design, it is suggested to set the PREG attribute to 1.
Related violations: <none>

DPOP-1#67 Warning
PREG Output pipelining  
DSP u_mimo_detector_top/u_gram_matrix_compute/(null)[0].(null)[0].value3__10 output u_mimo_detector_top/u_gram_matrix_compute/(null)[0].(null)[0].value3__10/P[47:0] is not pipelined (PREG=0). Pipelining the DSP48 output will improve performance and often saves power so it is suggested whenever possible to fully pipeline this function.  If this DSP48 function was inferred, it is suggested to describe an additional register stage after this function.  If the DSP48 was instantiated in the design, it is suggested to set the PREG attribute to 1.
Related violations: <none>

DPOP-1#68 Warning
PREG Output pipelining  
DSP u_mimo_detector_top/u_gram_matrix_compute/(null)[0].(null)[0].value3__11 output u_mimo_detector_top/u_gram_matrix_compute/(null)[0].(null)[0].value3__11/P[47:0] is not pipelined (PREG=0). Pipelining the DSP48 output will improve performance and often saves power so it is suggested whenever possible to fully pipeline this function.  If this DSP48 function was inferred, it is suggested to describe an additional register stage after this function.  If the DSP48 was instantiated in the design, it is suggested to set the PREG attribute to 1.
Related violations: <none>

DPOP-1#69 Warning
PREG Output pipelining  
DSP u_mimo_detector_top/u_gram_matrix_compute/(null)[0].(null)[0].value3__13 output u_mimo_detector_top/u_gram_matrix_compute/(null)[0].(null)[0].value3__13/P[47:0] is not pipelined (PREG=0). Pipelining the DSP48 output will improve performance and often saves power so it is suggested whenever possible to fully pipeline this function.  If this DSP48 function was inferred, it is suggested to describe an additional register stage after this function.  If the DSP48 was instantiated in the design, it is suggested to set the PREG attribute to 1.
Related violations: <none>

DPOP-1#70 Warning
PREG Output pipelining  
DSP u_mimo_detector_top/u_gram_matrix_compute/(null)[0].(null)[0].value3__14 output u_mimo_detector_top/u_gram_matrix_compute/(null)[0].(null)[0].value3__14/P[47:0] is not pipelined (PREG=0). Pipelining the DSP48 output will improve performance and often saves power so it is suggested whenever possible to fully pipeline this function.  If this DSP48 function was inferred, it is suggested to describe an additional register stage after this function.  If the DSP48 was instantiated in the design, it is suggested to set the PREG attribute to 1.
Related violations: <none>

DPOP-1#71 Warning
PREG Output pipelining  
DSP u_mimo_detector_top/u_gram_matrix_compute/(null)[0].(null)[0].value3__16 output u_mimo_detector_top/u_gram_matrix_compute/(null)[0].(null)[0].value3__16/P[47:0] is not pipelined (PREG=0). Pipelining the DSP48 output will improve performance and often saves power so it is suggested whenever possible to fully pipeline this function.  If this DSP48 function was inferred, it is suggested to describe an additional register stage after this function.  If the DSP48 was instantiated in the design, it is suggested to set the PREG attribute to 1.
Related violations: <none>

DPOP-1#72 Warning
PREG Output pipelining  
DSP u_mimo_detector_top/u_gram_matrix_compute/(null)[0].(null)[0].value3__17 output u_mimo_detector_top/u_gram_matrix_compute/(null)[0].(null)[0].value3__17/P[47:0] is not pipelined (PREG=0). Pipelining the DSP48 output will improve performance and often saves power so it is suggested whenever possible to fully pipeline this function.  If this DSP48 function was inferred, it is suggested to describe an additional register stage after this function.  If the DSP48 was instantiated in the design, it is suggested to set the PREG attribute to 1.
Related violations: <none>

DPOP-1#73 Warning
PREG Output pipelining  
DSP u_mimo_detector_top/u_gram_matrix_compute/(null)[0].(null)[0].value3__19 output u_mimo_detector_top/u_gram_matrix_compute/(null)[0].(null)[0].value3__19/P[47:0] is not pipelined (PREG=0). Pipelining the DSP48 output will improve performance and often saves power so it is suggested whenever possible to fully pipeline this function.  If this DSP48 function was inferred, it is suggested to describe an additional register stage after this function.  If the DSP48 was instantiated in the design, it is suggested to set the PREG attribute to 1.
Related violations: <none>

DPOP-1#74 Warning
PREG Output pipelining  
DSP u_mimo_detector_top/u_gram_matrix_compute/(null)[0].(null)[0].value3__2 output u_mimo_detector_top/u_gram_matrix_compute/(null)[0].(null)[0].value3__2/P[47:0] is not pipelined (PREG=0). Pipelining the DSP48 output will improve performance and often saves power so it is suggested whenever possible to fully pipeline this function.  If this DSP48 function was inferred, it is suggested to describe an additional register stage after this function.  If the DSP48 was instantiated in the design, it is suggested to set the PREG attribute to 1.
Related violations: <none>

DPOP-1#75 Warning
PREG Output pipelining  
DSP u_mimo_detector_top/u_gram_matrix_compute/(null)[0].(null)[0].value3__20 output u_mimo_detector_top/u_gram_matrix_compute/(null)[0].(null)[0].value3__20/P[47:0] is not pipelined (PREG=0). Pipelining the DSP48 output will improve performance and often saves power so it is suggested whenever possible to fully pipeline this function.  If this DSP48 function was inferred, it is suggested to describe an additional register stage after this function.  If the DSP48 was instantiated in the design, it is suggested to set the PREG attribute to 1.
Related violations: <none>

DPOP-1#76 Warning
PREG Output pipelining  
DSP u_mimo_detector_top/u_gram_matrix_compute/(null)[0].(null)[0].value3__22 output u_mimo_detector_top/u_gram_matrix_compute/(null)[0].(null)[0].value3__22/P[47:0] is not pipelined (PREG=0). Pipelining the DSP48 output will improve performance and often saves power so it is suggested whenever possible to fully pipeline this function.  If this DSP48 function was inferred, it is suggested to describe an additional register stage after this function.  If the DSP48 was instantiated in the design, it is suggested to set the PREG attribute to 1.
Related violations: <none>

DPOP-1#77 Warning
PREG Output pipelining  
DSP u_mimo_detector_top/u_gram_matrix_compute/(null)[0].(null)[0].value3__23 output u_mimo_detector_top/u_gram_matrix_compute/(null)[0].(null)[0].value3__23/P[47:0] is not pipelined (PREG=0). Pipelining the DSP48 output will improve performance and often saves power so it is suggested whenever possible to fully pipeline this function.  If this DSP48 function was inferred, it is suggested to describe an additional register stage after this function.  If the DSP48 was instantiated in the design, it is suggested to set the PREG attribute to 1.
Related violations: <none>

DPOP-1#78 Warning
PREG Output pipelining  
DSP u_mimo_detector_top/u_gram_matrix_compute/(null)[0].(null)[0].value3__25 output u_mimo_detector_top/u_gram_matrix_compute/(null)[0].(null)[0].value3__25/P[47:0] is not pipelined (PREG=0). Pipelining the DSP48 output will improve performance and often saves power so it is suggested whenever possible to fully pipeline this function.  If this DSP48 function was inferred, it is suggested to describe an additional register stage after this function.  If the DSP48 was instantiated in the design, it is suggested to set the PREG attribute to 1.
Related violations: <none>

DPOP-1#79 Warning
PREG Output pipelining  
DSP u_mimo_detector_top/u_gram_matrix_compute/(null)[0].(null)[0].value3__26 output u_mimo_detector_top/u_gram_matrix_compute/(null)[0].(null)[0].value3__26/P[47:0] is not pipelined (PREG=0). Pipelining the DSP48 output will improve performance and often saves power so it is suggested whenever possible to fully pipeline this function.  If this DSP48 function was inferred, it is suggested to describe an additional register stage after this function.  If the DSP48 was instantiated in the design, it is suggested to set the PREG attribute to 1.
Related violations: <none>

DPOP-1#80 Warning
PREG Output pipelining  
DSP u_mimo_detector_top/u_gram_matrix_compute/(null)[0].(null)[0].value3__28 output u_mimo_detector_top/u_gram_matrix_compute/(null)[0].(null)[0].value3__28/P[47:0] is not pipelined (PREG=0). Pipelining the DSP48 output will improve performance and often saves power so it is suggested whenever possible to fully pipeline this function.  If this DSP48 function was inferred, it is suggested to describe an additional register stage after this function.  If the DSP48 was instantiated in the design, it is suggested to set the PREG attribute to 1.
Related violations: <none>

DPOP-1#81 Warning
PREG Output pipelining  
DSP u_mimo_detector_top/u_gram_matrix_compute/(null)[0].(null)[0].value3__29 output u_mimo_detector_top/u_gram_matrix_compute/(null)[0].(null)[0].value3__29/P[47:0] is not pipelined (PREG=0). Pipelining the DSP48 output will improve performance and often saves power so it is suggested whenever possible to fully pipeline this function.  If this DSP48 function was inferred, it is suggested to describe an additional register stage after this function.  If the DSP48 was instantiated in the design, it is suggested to set the PREG attribute to 1.
Related violations: <none>

DPOP-1#82 Warning
PREG Output pipelining  
DSP u_mimo_detector_top/u_gram_matrix_compute/(null)[0].(null)[0].value3__31 output u_mimo_detector_top/u_gram_matrix_compute/(null)[0].(null)[0].value3__31/P[47:0] is not pipelined (PREG=0). Pipelining the DSP48 output will improve performance and often saves power so it is suggested whenever possible to fully pipeline this function.  If this DSP48 function was inferred, it is suggested to describe an additional register stage after this function.  If the DSP48 was instantiated in the design, it is suggested to set the PREG attribute to 1.
Related violations: <none>

DPOP-1#83 Warning
PREG Output pipelining  
DSP u_mimo_detector_top/u_gram_matrix_compute/(null)[0].(null)[0].value3__32 output u_mimo_detector_top/u_gram_matrix_compute/(null)[0].(null)[0].value3__32/P[47:0] is not pipelined (PREG=0). Pipelining the DSP48 output will improve performance and often saves power so it is suggested whenever possible to fully pipeline this function.  If this DSP48 function was inferred, it is suggested to describe an additional register stage after this function.  If the DSP48 was instantiated in the design, it is suggested to set the PREG attribute to 1.
Related violations: <none>

DPOP-1#84 Warning
PREG Output pipelining  
DSP u_mimo_detector_top/u_gram_matrix_compute/(null)[0].(null)[0].value3__34 output u_mimo_detector_top/u_gram_matrix_compute/(null)[0].(null)[0].value3__34/P[47:0] is not pipelined (PREG=0). Pipelining the DSP48 output will improve performance and often saves power so it is suggested whenever possible to fully pipeline this function.  If this DSP48 function was inferred, it is suggested to describe an additional register stage after this function.  If the DSP48 was instantiated in the design, it is suggested to set the PREG attribute to 1.
Related violations: <none>

DPOP-1#85 Warning
PREG Output pipelining  
DSP u_mimo_detector_top/u_gram_matrix_compute/(null)[0].(null)[0].value3__35 output u_mimo_detector_top/u_gram_matrix_compute/(null)[0].(null)[0].value3__35/P[47:0] is not pipelined (PREG=0). Pipelining the DSP48 output will improve performance and often saves power so it is suggested whenever possible to fully pipeline this function.  If this DSP48 function was inferred, it is suggested to describe an additional register stage after this function.  If the DSP48 was instantiated in the design, it is suggested to set the PREG attribute to 1.
Related violations: <none>

DPOP-1#86 Warning
PREG Output pipelining  
DSP u_mimo_detector_top/u_gram_matrix_compute/(null)[0].(null)[0].value3__37 output u_mimo_detector_top/u_gram_matrix_compute/(null)[0].(null)[0].value3__37/P[47:0] is not pipelined (PREG=0). Pipelining the DSP48 output will improve performance and often saves power so it is suggested whenever possible to fully pipeline this function.  If this DSP48 function was inferred, it is suggested to describe an additional register stage after this function.  If the DSP48 was instantiated in the design, it is suggested to set the PREG attribute to 1.
Related violations: <none>

DPOP-1#87 Warning
PREG Output pipelining  
DSP u_mimo_detector_top/u_gram_matrix_compute/(null)[0].(null)[0].value3__38 output u_mimo_detector_top/u_gram_matrix_compute/(null)[0].(null)[0].value3__38/P[47:0] is not pipelined (PREG=0). Pipelining the DSP48 output will improve performance and often saves power so it is suggested whenever possible to fully pipeline this function.  If this DSP48 function was inferred, it is suggested to describe an additional register stage after this function.  If the DSP48 was instantiated in the design, it is suggested to set the PREG attribute to 1.
Related violations: <none>

DPOP-1#88 Warning
PREG Output pipelining  
DSP u_mimo_detector_top/u_gram_matrix_compute/(null)[0].(null)[0].value3__4 output u_mimo_detector_top/u_gram_matrix_compute/(null)[0].(null)[0].value3__4/P[47:0] is not pipelined (PREG=0). Pipelining the DSP48 output will improve performance and often saves power so it is suggested whenever possible to fully pipeline this function.  If this DSP48 function was inferred, it is suggested to describe an additional register stage after this function.  If the DSP48 was instantiated in the design, it is suggested to set the PREG attribute to 1.
Related violations: <none>

DPOP-1#89 Warning
PREG Output pipelining  
DSP u_mimo_detector_top/u_gram_matrix_compute/(null)[0].(null)[0].value3__40 output u_mimo_detector_top/u_gram_matrix_compute/(null)[0].(null)[0].value3__40/P[47:0] is not pipelined (PREG=0). Pipelining the DSP48 output will improve performance and often saves power so it is suggested whenever possible to fully pipeline this function.  If this DSP48 function was inferred, it is suggested to describe an additional register stage after this function.  If the DSP48 was instantiated in the design, it is suggested to set the PREG attribute to 1.
Related violations: <none>

DPOP-1#90 Warning
PREG Output pipelining  
DSP u_mimo_detector_top/u_gram_matrix_compute/(null)[0].(null)[0].value3__41 output u_mimo_detector_top/u_gram_matrix_compute/(null)[0].(null)[0].value3__41/P[47:0] is not pipelined (PREG=0). Pipelining the DSP48 output will improve performance and often saves power so it is suggested whenever possible to fully pipeline this function.  If this DSP48 function was inferred, it is suggested to describe an additional register stage after this function.  If the DSP48 was instantiated in the design, it is suggested to set the PREG attribute to 1.
Related violations: <none>

DPOP-1#91 Warning
PREG Output pipelining  
DSP u_mimo_detector_top/u_gram_matrix_compute/(null)[0].(null)[0].value3__43 output u_mimo_detector_top/u_gram_matrix_compute/(null)[0].(null)[0].value3__43/P[47:0] is not pipelined (PREG=0). Pipelining the DSP48 output will improve performance and often saves power so it is suggested whenever possible to fully pipeline this function.  If this DSP48 function was inferred, it is suggested to describe an additional register stage after this function.  If the DSP48 was instantiated in the design, it is suggested to set the PREG attribute to 1.
Related violations: <none>

DPOP-1#92 Warning
PREG Output pipelining  
DSP u_mimo_detector_top/u_gram_matrix_compute/(null)[0].(null)[0].value3__44 output u_mimo_detector_top/u_gram_matrix_compute/(null)[0].(null)[0].value3__44/P[47:0] is not pipelined (PREG=0). Pipelining the DSP48 output will improve performance and often saves power so it is suggested whenever possible to fully pipeline this function.  If this DSP48 function was inferred, it is suggested to describe an additional register stage after this function.  If the DSP48 was instantiated in the design, it is suggested to set the PREG attribute to 1.
Related violations: <none>

DPOP-1#93 Warning
PREG Output pipelining  
DSP u_mimo_detector_top/u_gram_matrix_compute/(null)[0].(null)[0].value3__46 output u_mimo_detector_top/u_gram_matrix_compute/(null)[0].(null)[0].value3__46/P[47:0] is not pipelined (PREG=0). Pipelining the DSP48 output will improve performance and often saves power so it is suggested whenever possible to fully pipeline this function.  If this DSP48 function was inferred, it is suggested to describe an additional register stage after this function.  If the DSP48 was instantiated in the design, it is suggested to set the PREG attribute to 1.
Related violations: <none>

DPOP-1#94 Warning
PREG Output pipelining  
DSP u_mimo_detector_top/u_gram_matrix_compute/(null)[0].(null)[0].value3__47 output u_mimo_detector_top/u_gram_matrix_compute/(null)[0].(null)[0].value3__47/P[47:0] is not pipelined (PREG=0). Pipelining the DSP48 output will improve performance and often saves power so it is suggested whenever possible to fully pipeline this function.  If this DSP48 function was inferred, it is suggested to describe an additional register stage after this function.  If the DSP48 was instantiated in the design, it is suggested to set the PREG attribute to 1.
Related violations: <none>

DPOP-1#95 Warning
PREG Output pipelining  
DSP u_mimo_detector_top/u_gram_matrix_compute/(null)[0].(null)[0].value3__49 output u_mimo_detector_top/u_gram_matrix_compute/(null)[0].(null)[0].value3__49/P[47:0] is not pipelined (PREG=0). Pipelining the DSP48 output will improve performance and often saves power so it is suggested whenever possible to fully pipeline this function.  If this DSP48 function was inferred, it is suggested to describe an additional register stage after this function.  If the DSP48 was instantiated in the design, it is suggested to set the PREG attribute to 1.
Related violations: <none>

DPOP-1#96 Warning
PREG Output pipelining  
DSP u_mimo_detector_top/u_gram_matrix_compute/(null)[0].(null)[0].value3__5 output u_mimo_detector_top/u_gram_matrix_compute/(null)[0].(null)[0].value3__5/P[47:0] is not pipelined (PREG=0). Pipelining the DSP48 output will improve performance and often saves power so it is suggested whenever possible to fully pipeline this function.  If this DSP48 function was inferred, it is suggested to describe an additional register stage after this function.  If the DSP48 was instantiated in the design, it is suggested to set the PREG attribute to 1.
Related violations: <none>

DPOP-1#97 Warning
PREG Output pipelining  
DSP u_mimo_detector_top/u_gram_matrix_compute/(null)[0].(null)[0].value3__50 output u_mimo_detector_top/u_gram_matrix_compute/(null)[0].(null)[0].value3__50/P[47:0] is not pipelined (PREG=0). Pipelining the DSP48 output will improve performance and often saves power so it is suggested whenever possible to fully pipeline this function.  If this DSP48 function was inferred, it is suggested to describe an additional register stage after this function.  If the DSP48 was instantiated in the design, it is suggested to set the PREG attribute to 1.
Related violations: <none>

DPOP-1#98 Warning
PREG Output pipelining  
DSP u_mimo_detector_top/u_gram_matrix_compute/(null)[0].(null)[0].value3__52 output u_mimo_detector_top/u_gram_matrix_compute/(null)[0].(null)[0].value3__52/P[47:0] is not pipelined (PREG=0). Pipelining the DSP48 output will improve performance and often saves power so it is suggested whenever possible to fully pipeline this function.  If this DSP48 function was inferred, it is suggested to describe an additional register stage after this function.  If the DSP48 was instantiated in the design, it is suggested to set the PREG attribute to 1.
Related violations: <none>

DPOP-1#99 Warning
PREG Output pipelining  
DSP u_mimo_detector_top/u_gram_matrix_compute/(null)[0].(null)[0].value3__53 output u_mimo_detector_top/u_gram_matrix_compute/(null)[0].(null)[0].value3__53/P[47:0] is not pipelined (PREG=0). Pipelining the DSP48 output will improve performance and often saves power so it is suggested whenever possible to fully pipeline this function.  If this DSP48 function was inferred, it is suggested to describe an additional register stage after this function.  If the DSP48 was instantiated in the design, it is suggested to set the PREG attribute to 1.
Related violations: <none>

DPOP-1#100 Warning
PREG Output pipelining  
DSP u_mimo_detector_top/u_gram_matrix_compute/(null)[0].(null)[0].value3__55 output u_mimo_detector_top/u_gram_matrix_compute/(null)[0].(null)[0].value3__55/P[47:0] is not pipelined (PREG=0). Pipelining the DSP48 output will improve performance and often saves power so it is suggested whenever possible to fully pipeline this function.  If this DSP48 function was inferred, it is suggested to describe an additional register stage after this function.  If the DSP48 was instantiated in the design, it is suggested to set the PREG attribute to 1.
Related violations: <none>

DPOP-1#101 Warning
PREG Output pipelining  
DSP u_mimo_detector_top/u_gram_matrix_compute/(null)[0].(null)[0].value3__56 output u_mimo_detector_top/u_gram_matrix_compute/(null)[0].(null)[0].value3__56/P[47:0] is not pipelined (PREG=0). Pipelining the DSP48 output will improve performance and often saves power so it is suggested whenever possible to fully pipeline this function.  If this DSP48 function was inferred, it is suggested to describe an additional register stage after this function.  If the DSP48 was instantiated in the design, it is suggested to set the PREG attribute to 1.
Related violations: <none>

DPOP-1#102 Warning
PREG Output pipelining  
DSP u_mimo_detector_top/u_gram_matrix_compute/(null)[0].(null)[0].value3__58 output u_mimo_detector_top/u_gram_matrix_compute/(null)[0].(null)[0].value3__58/P[47:0] is not pipelined (PREG=0). Pipelining the DSP48 output will improve performance and often saves power so it is suggested whenever possible to fully pipeline this function.  If this DSP48 function was inferred, it is suggested to describe an additional register stage after this function.  If the DSP48 was instantiated in the design, it is suggested to set the PREG attribute to 1.
Related violations: <none>

DPOP-1#103 Warning
PREG Output pipelining  
DSP u_mimo_detector_top/u_gram_matrix_compute/(null)[0].(null)[0].value3__59 output u_mimo_detector_top/u_gram_matrix_compute/(null)[0].(null)[0].value3__59/P[47:0] is not pipelined (PREG=0). Pipelining the DSP48 output will improve performance and often saves power so it is suggested whenever possible to fully pipeline this function.  If this DSP48 function was inferred, it is suggested to describe an additional register stage after this function.  If the DSP48 was instantiated in the design, it is suggested to set the PREG attribute to 1.
Related violations: <none>

DPOP-1#104 Warning
PREG Output pipelining  
DSP u_mimo_detector_top/u_gram_matrix_compute/(null)[0].(null)[0].value3__61 output u_mimo_detector_top/u_gram_matrix_compute/(null)[0].(null)[0].value3__61/P[47:0] is not pipelined (PREG=0). Pipelining the DSP48 output will improve performance and often saves power so it is suggested whenever possible to fully pipeline this function.  If this DSP48 function was inferred, it is suggested to describe an additional register stage after this function.  If the DSP48 was instantiated in the design, it is suggested to set the PREG attribute to 1.
Related violations: <none>

DPOP-1#105 Warning
PREG Output pipelining  
DSP u_mimo_detector_top/u_gram_matrix_compute/(null)[0].(null)[0].value3__62 output u_mimo_detector_top/u_gram_matrix_compute/(null)[0].(null)[0].value3__62/P[47:0] is not pipelined (PREG=0). Pipelining the DSP48 output will improve performance and often saves power so it is suggested whenever possible to fully pipeline this function.  If this DSP48 function was inferred, it is suggested to describe an additional register stage after this function.  If the DSP48 was instantiated in the design, it is suggested to set the PREG attribute to 1.
Related violations: <none>

DPOP-1#106 Warning
PREG Output pipelining  
DSP u_mimo_detector_top/u_gram_matrix_compute/(null)[0].(null)[0].value3__64 output u_mimo_detector_top/u_gram_matrix_compute/(null)[0].(null)[0].value3__64/P[47:0] is not pipelined (PREG=0). Pipelining the DSP48 output will improve performance and often saves power so it is suggested whenever possible to fully pipeline this function.  If this DSP48 function was inferred, it is suggested to describe an additional register stage after this function.  If the DSP48 was instantiated in the design, it is suggested to set the PREG attribute to 1.
Related violations: <none>

DPOP-1#107 Warning
PREG Output pipelining  
DSP u_mimo_detector_top/u_gram_matrix_compute/(null)[0].(null)[0].value3__65 output u_mimo_detector_top/u_gram_matrix_compute/(null)[0].(null)[0].value3__65/P[47:0] is not pipelined (PREG=0). Pipelining the DSP48 output will improve performance and often saves power so it is suggested whenever possible to fully pipeline this function.  If this DSP48 function was inferred, it is suggested to describe an additional register stage after this function.  If the DSP48 was instantiated in the design, it is suggested to set the PREG attribute to 1.
Related violations: <none>

DPOP-1#108 Warning
PREG Output pipelining  
DSP u_mimo_detector_top/u_gram_matrix_compute/(null)[0].(null)[0].value3__67 output u_mimo_detector_top/u_gram_matrix_compute/(null)[0].(null)[0].value3__67/P[47:0] is not pipelined (PREG=0). Pipelining the DSP48 output will improve performance and often saves power so it is suggested whenever possible to fully pipeline this function.  If this DSP48 function was inferred, it is suggested to describe an additional register stage after this function.  If the DSP48 was instantiated in the design, it is suggested to set the PREG attribute to 1.
Related violations: <none>

DPOP-1#109 Warning
PREG Output pipelining  
DSP u_mimo_detector_top/u_gram_matrix_compute/(null)[0].(null)[0].value3__68 output u_mimo_detector_top/u_gram_matrix_compute/(null)[0].(null)[0].value3__68/P[47:0] is not pipelined (PREG=0). Pipelining the DSP48 output will improve performance and often saves power so it is suggested whenever possible to fully pipeline this function.  If this DSP48 function was inferred, it is suggested to describe an additional register stage after this function.  If the DSP48 was instantiated in the design, it is suggested to set the PREG attribute to 1.
Related violations: <none>

DPOP-1#110 Warning
PREG Output pipelining  
DSP u_mimo_detector_top/u_gram_matrix_compute/(null)[0].(null)[0].value3__7 output u_mimo_detector_top/u_gram_matrix_compute/(null)[0].(null)[0].value3__7/P[47:0] is not pipelined (PREG=0). Pipelining the DSP48 output will improve performance and often saves power so it is suggested whenever possible to fully pipeline this function.  If this DSP48 function was inferred, it is suggested to describe an additional register stage after this function.  If the DSP48 was instantiated in the design, it is suggested to set the PREG attribute to 1.
Related violations: <none>

DPOP-1#111 Warning
PREG Output pipelining  
DSP u_mimo_detector_top/u_gram_matrix_compute/(null)[0].(null)[0].value3__70 output u_mimo_detector_top/u_gram_matrix_compute/(null)[0].(null)[0].value3__70/P[47:0] is not pipelined (PREG=0). Pipelining the DSP48 output will improve performance and often saves power so it is suggested whenever possible to fully pipeline this function.  If this DSP48 function was inferred, it is suggested to describe an additional register stage after this function.  If the DSP48 was instantiated in the design, it is suggested to set the PREG attribute to 1.
Related violations: <none>

DPOP-1#112 Warning
PREG Output pipelining  
DSP u_mimo_detector_top/u_gram_matrix_compute/(null)[0].(null)[0].value3__71 output u_mimo_detector_top/u_gram_matrix_compute/(null)[0].(null)[0].value3__71/P[47:0] is not pipelined (PREG=0). Pipelining the DSP48 output will improve performance and often saves power so it is suggested whenever possible to fully pipeline this function.  If this DSP48 function was inferred, it is suggested to describe an additional register stage after this function.  If the DSP48 was instantiated in the design, it is suggested to set the PREG attribute to 1.
Related violations: <none>

DPOP-1#113 Warning
PREG Output pipelining  
DSP u_mimo_detector_top/u_gram_matrix_compute/(null)[0].(null)[0].value3__73 output u_mimo_detector_top/u_gram_matrix_compute/(null)[0].(null)[0].value3__73/P[47:0] is not pipelined (PREG=0). Pipelining the DSP48 output will improve performance and often saves power so it is suggested whenever possible to fully pipeline this function.  If this DSP48 function was inferred, it is suggested to describe an additional register stage after this function.  If the DSP48 was instantiated in the design, it is suggested to set the PREG attribute to 1.
Related violations: <none>

DPOP-1#114 Warning
PREG Output pipelining  
DSP u_mimo_detector_top/u_gram_matrix_compute/(null)[0].(null)[0].value3__74 output u_mimo_detector_top/u_gram_matrix_compute/(null)[0].(null)[0].value3__74/P[47:0] is not pipelined (PREG=0). Pipelining the DSP48 output will improve performance and often saves power so it is suggested whenever possible to fully pipeline this function.  If this DSP48 function was inferred, it is suggested to describe an additional register stage after this function.  If the DSP48 was instantiated in the design, it is suggested to set the PREG attribute to 1.
Related violations: <none>

DPOP-1#115 Warning
PREG Output pipelining  
DSP u_mimo_detector_top/u_gram_matrix_compute/(null)[0].(null)[0].value3__76 output u_mimo_detector_top/u_gram_matrix_compute/(null)[0].(null)[0].value3__76/P[47:0] is not pipelined (PREG=0). Pipelining the DSP48 output will improve performance and often saves power so it is suggested whenever possible to fully pipeline this function.  If this DSP48 function was inferred, it is suggested to describe an additional register stage after this function.  If the DSP48 was instantiated in the design, it is suggested to set the PREG attribute to 1.
Related violations: <none>

DPOP-1#116 Warning
PREG Output pipelining  
DSP u_mimo_detector_top/u_gram_matrix_compute/(null)[0].(null)[0].value3__77 output u_mimo_detector_top/u_gram_matrix_compute/(null)[0].(null)[0].value3__77/P[47:0] is not pipelined (PREG=0). Pipelining the DSP48 output will improve performance and often saves power so it is suggested whenever possible to fully pipeline this function.  If this DSP48 function was inferred, it is suggested to describe an additional register stage after this function.  If the DSP48 was instantiated in the design, it is suggested to set the PREG attribute to 1.
Related violations: <none>

DPOP-1#117 Warning
PREG Output pipelining  
DSP u_mimo_detector_top/u_gram_matrix_compute/(null)[0].(null)[0].value3__79 output u_mimo_detector_top/u_gram_matrix_compute/(null)[0].(null)[0].value3__79/P[47:0] is not pipelined (PREG=0). Pipelining the DSP48 output will improve performance and often saves power so it is suggested whenever possible to fully pipeline this function.  If this DSP48 function was inferred, it is suggested to describe an additional register stage after this function.  If the DSP48 was instantiated in the design, it is suggested to set the PREG attribute to 1.
Related violations: <none>

DPOP-1#118 Warning
PREG Output pipelining  
DSP u_mimo_detector_top/u_gram_matrix_compute/(null)[0].(null)[0].value3__8 output u_mimo_detector_top/u_gram_matrix_compute/(null)[0].(null)[0].value3__8/P[47:0] is not pipelined (PREG=0). Pipelining the DSP48 output will improve performance and often saves power so it is suggested whenever possible to fully pipeline this function.  If this DSP48 function was inferred, it is suggested to describe an additional register stage after this function.  If the DSP48 was instantiated in the design, it is suggested to set the PREG attribute to 1.
Related violations: <none>

DPOP-1#119 Warning
PREG Output pipelining  
DSP u_mimo_detector_top/u_gram_matrix_compute/(null)[0].(null)[0].value3__80 output u_mimo_detector_top/u_gram_matrix_compute/(null)[0].(null)[0].value3__80/P[47:0] is not pipelined (PREG=0). Pipelining the DSP48 output will improve performance and often saves power so it is suggested whenever possible to fully pipeline this function.  If this DSP48 function was inferred, it is suggested to describe an additional register stage after this function.  If the DSP48 was instantiated in the design, it is suggested to set the PREG attribute to 1.
Related violations: <none>

DPOP-1#120 Warning
PREG Output pipelining  
DSP u_mimo_detector_top/u_gram_matrix_compute/(null)[0].(null)[0].value3__82 output u_mimo_detector_top/u_gram_matrix_compute/(null)[0].(null)[0].value3__82/P[47:0] is not pipelined (PREG=0). Pipelining the DSP48 output will improve performance and often saves power so it is suggested whenever possible to fully pipeline this function.  If this DSP48 function was inferred, it is suggested to describe an additional register stage after this function.  If the DSP48 was instantiated in the design, it is suggested to set the PREG attribute to 1.
Related violations: <none>

DPOP-1#121 Warning
PREG Output pipelining  
DSP u_mimo_detector_top/u_gram_matrix_compute/(null)[0].(null)[0].value3__83 output u_mimo_detector_top/u_gram_matrix_compute/(null)[0].(null)[0].value3__83/P[47:0] is not pipelined (PREG=0). Pipelining the DSP48 output will improve performance and often saves power so it is suggested whenever possible to fully pipeline this function.  If this DSP48 function was inferred, it is suggested to describe an additional register stage after this function.  If the DSP48 was instantiated in the design, it is suggested to set the PREG attribute to 1.
Related violations: <none>

DPOP-1#122 Warning
PREG Output pipelining  
DSP u_mimo_detector_top/u_gram_matrix_compute/(null)[0].(null)[0].value3__85 output u_mimo_detector_top/u_gram_matrix_compute/(null)[0].(null)[0].value3__85/P[47:0] is not pipelined (PREG=0). Pipelining the DSP48 output will improve performance and often saves power so it is suggested whenever possible to fully pipeline this function.  If this DSP48 function was inferred, it is suggested to describe an additional register stage after this function.  If the DSP48 was instantiated in the design, it is suggested to set the PREG attribute to 1.
Related violations: <none>

DPOP-1#123 Warning
PREG Output pipelining  
DSP u_mimo_detector_top/u_gram_matrix_compute/(null)[0].(null)[0].value3__86 output u_mimo_detector_top/u_gram_matrix_compute/(null)[0].(null)[0].value3__86/P[47:0] is not pipelined (PREG=0). Pipelining the DSP48 output will improve performance and often saves power so it is suggested whenever possible to fully pipeline this function.  If this DSP48 function was inferred, it is suggested to describe an additional register stage after this function.  If the DSP48 was instantiated in the design, it is suggested to set the PREG attribute to 1.
Related violations: <none>

DPOP-1#124 Warning
PREG Output pipelining  
DSP u_mimo_detector_top/u_gram_matrix_compute/(null)[0].(null)[0].value3__88 output u_mimo_detector_top/u_gram_matrix_compute/(null)[0].(null)[0].value3__88/P[47:0] is not pipelined (PREG=0). Pipelining the DSP48 output will improve performance and often saves power so it is suggested whenever possible to fully pipeline this function.  If this DSP48 function was inferred, it is suggested to describe an additional register stage after this function.  If the DSP48 was instantiated in the design, it is suggested to set the PREG attribute to 1.
Related violations: <none>

DPOP-1#125 Warning
PREG Output pipelining  
DSP u_mimo_detector_top/u_gram_matrix_compute/(null)[0].(null)[0].value3__89 output u_mimo_detector_top/u_gram_matrix_compute/(null)[0].(null)[0].value3__89/P[47:0] is not pipelined (PREG=0). Pipelining the DSP48 output will improve performance and often saves power so it is suggested whenever possible to fully pipeline this function.  If this DSP48 function was inferred, it is suggested to describe an additional register stage after this function.  If the DSP48 was instantiated in the design, it is suggested to set the PREG attribute to 1.
Related violations: <none>

DPOP-1#126 Warning
PREG Output pipelining  
DSP u_mimo_detector_top/u_gram_matrix_compute/(null)[0].(null)[0].value3__91 output u_mimo_detector_top/u_gram_matrix_compute/(null)[0].(null)[0].value3__91/P[47:0] is not pipelined (PREG=0). Pipelining the DSP48 output will improve performance and often saves power so it is suggested whenever possible to fully pipeline this function.  If this DSP48 function was inferred, it is suggested to describe an additional register stage after this function.  If the DSP48 was instantiated in the design, it is suggested to set the PREG attribute to 1.
Related violations: <none>

DPOP-1#127 Warning
PREG Output pipelining  
DSP u_mimo_detector_top/u_gram_matrix_compute/(null)[0].(null)[0].value3__92 output u_mimo_detector_top/u_gram_matrix_compute/(null)[0].(null)[0].value3__92/P[47:0] is not pipelined (PREG=0). Pipelining the DSP48 output will improve performance and often saves power so it is suggested whenever possible to fully pipeline this function.  If this DSP48 function was inferred, it is suggested to describe an additional register stage after this function.  If the DSP48 was instantiated in the design, it is suggested to set the PREG attribute to 1.
Related violations: <none>

DPOP-1#128 Warning
PREG Output pipelining  
DSP u_mimo_detector_top/u_gram_matrix_compute/(null)[0].(null)[0].value3__94 output u_mimo_detector_top/u_gram_matrix_compute/(null)[0].(null)[0].value3__94/P[47:0] is not pipelined (PREG=0). Pipelining the DSP48 output will improve performance and often saves power so it is suggested whenever possible to fully pipeline this function.  If this DSP48 function was inferred, it is suggested to describe an additional register stage after this function.  If the DSP48 was instantiated in the design, it is suggested to set the PREG attribute to 1.
Related violations: <none>

DPOP-1#129 Warning
PREG Output pipelining  
DSP u_mimo_detector_top/u_gs_solver/p_0_out output u_mimo_detector_top/u_gs_solver/p_0_out/P[47:0] is not pipelined (PREG=0). Pipelining the DSP48 output will improve performance and often saves power so it is suggested whenever possible to fully pipeline this function.  If this DSP48 function was inferred, it is suggested to describe an additional register stage after this function.  If the DSP48 was instantiated in the design, it is suggested to set the PREG attribute to 1.
Related violations: <none>

DPOP-1#130 Warning
PREG Output pipelining  
DSP u_mimo_detector_top/u_gs_solver/p_1_out output u_mimo_detector_top/u_gs_solver/p_1_out/P[47:0] is not pipelined (PREG=0). Pipelining the DSP48 output will improve performance and often saves power so it is suggested whenever possible to fully pipeline this function.  If this DSP48 function was inferred, it is suggested to describe an additional register stage after this function.  If the DSP48 was instantiated in the design, it is suggested to set the PREG attribute to 1.
Related violations: <none>

DPOP-1#131 Warning
PREG Output pipelining  
DSP u_mimo_detector_top/u_gs_solver/p_1_out__0 output u_mimo_detector_top/u_gs_solver/p_1_out__0/P[47:0] is not pipelined (PREG=0). Pipelining the DSP48 output will improve performance and often saves power so it is suggested whenever possible to fully pipeline this function.  If this DSP48 function was inferred, it is suggested to describe an additional register stage after this function.  If the DSP48 was instantiated in the design, it is suggested to set the PREG attribute to 1.
Related violations: <none>

DPOP-1#132 Warning
PREG Output pipelining  
DSP u_mimo_detector_top/u_gs_solver/p_1_out__0__0 output u_mimo_detector_top/u_gs_solver/p_1_out__0__0/P[47:0] is not pipelined (PREG=0). Pipelining the DSP48 output will improve performance and often saves power so it is suggested whenever possible to fully pipeline this function.  If this DSP48 function was inferred, it is suggested to describe an additional register stage after this function.  If the DSP48 was instantiated in the design, it is suggested to set the PREG attribute to 1.
Related violations: <none>

DPOP-1#133 Warning
PREG Output pipelining  
DSP u_mimo_detector_top/u_gs_solver/p_1_out__0__1 output u_mimo_detector_top/u_gs_solver/p_1_out__0__1/P[47:0] is not pipelined (PREG=0). Pipelining the DSP48 output will improve performance and often saves power so it is suggested whenever possible to fully pipeline this function.  If this DSP48 function was inferred, it is suggested to describe an additional register stage after this function.  If the DSP48 was instantiated in the design, it is suggested to set the PREG attribute to 1.
Related violations: <none>

DPOP-1#134 Warning
PREG Output pipelining  
DSP u_mimo_detector_top/u_gs_solver/p_1_out__0__2 output u_mimo_detector_top/u_gs_solver/p_1_out__0__2/P[47:0] is not pipelined (PREG=0). Pipelining the DSP48 output will improve performance and often saves power so it is suggested whenever possible to fully pipeline this function.  If this DSP48 function was inferred, it is suggested to describe an additional register stage after this function.  If the DSP48 was instantiated in the design, it is suggested to set the PREG attribute to 1.
Related violations: <none>

DPOP-1#135 Warning
PREG Output pipelining  
DSP u_mimo_detector_top/u_gs_solver/p_1_out__1 output u_mimo_detector_top/u_gs_solver/p_1_out__1/P[47:0] is not pipelined (PREG=0). Pipelining the DSP48 output will improve performance and often saves power so it is suggested whenever possible to fully pipeline this function.  If this DSP48 function was inferred, it is suggested to describe an additional register stage after this function.  If the DSP48 was instantiated in the design, it is suggested to set the PREG attribute to 1.
Related violations: <none>

DPOP-1#136 Warning
PREG Output pipelining  
DSP u_mimo_detector_top/u_gs_solver/p_1_out__1__0 output u_mimo_detector_top/u_gs_solver/p_1_out__1__0/P[47:0] is not pipelined (PREG=0). Pipelining the DSP48 output will improve performance and often saves power so it is suggested whenever possible to fully pipeline this function.  If this DSP48 function was inferred, it is suggested to describe an additional register stage after this function.  If the DSP48 was instantiated in the design, it is suggested to set the PREG attribute to 1.
Related violations: <none>

DPOP-1#137 Warning
PREG Output pipelining  
DSP u_mimo_detector_top/u_gs_solver/p_1_out__2 output u_mimo_detector_top/u_gs_solver/p_1_out__2/P[47:0] is not pipelined (PREG=0). Pipelining the DSP48 output will improve performance and often saves power so it is suggested whenever possible to fully pipeline this function.  If this DSP48 function was inferred, it is suggested to describe an additional register stage after this function.  If the DSP48 was instantiated in the design, it is suggested to set the PREG attribute to 1.
Related violations: <none>

DPOP-1#138 Warning
PREG Output pipelining  
DSP u_mimo_detector_top/u_gs_solver/p_1_out__2__0 output u_mimo_detector_top/u_gs_solver/p_1_out__2__0/P[47:0] is not pipelined (PREG=0). Pipelining the DSP48 output will improve performance and often saves power so it is suggested whenever possible to fully pipeline this function.  If this DSP48 function was inferred, it is suggested to describe an additional register stage after this function.  If the DSP48 was instantiated in the design, it is suggested to set the PREG attribute to 1.
Related violations: <none>

DPOP-1#139 Warning
PREG Output pipelining  
DSP u_mimo_detector_top/u_gs_solver/p_1_out__3 output u_mimo_detector_top/u_gs_solver/p_1_out__3/P[47:0] is not pipelined (PREG=0). Pipelining the DSP48 output will improve performance and often saves power so it is suggested whenever possible to fully pipeline this function.  If this DSP48 function was inferred, it is suggested to describe an additional register stage after this function.  If the DSP48 was instantiated in the design, it is suggested to set the PREG attribute to 1.
Related violations: <none>

DPOP-1#140 Warning
PREG Output pipelining  
DSP u_mimo_detector_top/u_gs_solver/p_1_out__4 output u_mimo_detector_top/u_gs_solver/p_1_out__4/P[47:0] is not pipelined (PREG=0). Pipelining the DSP48 output will improve performance and often saves power so it is suggested whenever possible to fully pipeline this function.  If this DSP48 function was inferred, it is suggested to describe an additional register stage after this function.  If the DSP48 was instantiated in the design, it is suggested to set the PREG attribute to 1.
Related violations: <none>

DPOP-1#141 Warning
PREG Output pipelining  
DSP u_mimo_detector_top/u_gs_solver/p_1_out__5 output u_mimo_detector_top/u_gs_solver/p_1_out__5/P[47:0] is not pipelined (PREG=0). Pipelining the DSP48 output will improve performance and often saves power so it is suggested whenever possible to fully pipeline this function.  If this DSP48 function was inferred, it is suggested to describe an additional register stage after this function.  If the DSP48 was instantiated in the design, it is suggested to set the PREG attribute to 1.
Related violations: <none>

DPOP-1#142 Warning
PREG Output pipelining  
DSP u_mimo_detector_top/u_gs_solver/p_1_out__6 output u_mimo_detector_top/u_gs_solver/p_1_out__6/P[47:0] is not pipelined (PREG=0). Pipelining the DSP48 output will improve performance and often saves power so it is suggested whenever possible to fully pipeline this function.  If this DSP48 function was inferred, it is suggested to describe an additional register stage after this function.  If the DSP48 was instantiated in the design, it is suggested to set the PREG attribute to 1.
Related violations: <none>

DPOP-1#143 Warning
PREG Output pipelining  
DSP u_mimo_detector_top/u_gs_solver/p_1_out__7 output u_mimo_detector_top/u_gs_solver/p_1_out__7/P[47:0] is not pipelined (PREG=0). Pipelining the DSP48 output will improve performance and often saves power so it is suggested whenever possible to fully pipeline this function.  If this DSP48 function was inferred, it is suggested to describe an additional register stage after this function.  If the DSP48 was instantiated in the design, it is suggested to set the PREG attribute to 1.
Related violations: <none>

DPOP-1#144 Warning
PREG Output pipelining  
DSP u_mimo_detector_top/u_gs_solver/p_1_out__8 output u_mimo_detector_top/u_gs_solver/p_1_out__8/P[47:0] is not pipelined (PREG=0). Pipelining the DSP48 output will improve performance and often saves power so it is suggested whenever possible to fully pipeline this function.  If this DSP48 function was inferred, it is suggested to describe an additional register stage after this function.  If the DSP48 was instantiated in the design, it is suggested to set the PREG attribute to 1.
Related violations: <none>

DPOP-1#145 Warning
PREG Output pipelining  
DSP u_mimo_detector_top/u_matched_filter_compute/(null)[0].value1 output u_mimo_detector_top/u_matched_filter_compute/(null)[0].value1/P[47:0] is not pipelined (PREG=0). Pipelining the DSP48 output will improve performance and often saves power so it is suggested whenever possible to fully pipeline this function.  If this DSP48 function was inferred, it is suggested to describe an additional register stage after this function.  If the DSP48 was instantiated in the design, it is suggested to set the PREG attribute to 1.
Related violations: <none>

DPOP-1#146 Warning
PREG Output pipelining  
DSP u_mimo_detector_top/u_matched_filter_compute/(null)[0].value1__0 output u_mimo_detector_top/u_matched_filter_compute/(null)[0].value1__0/P[47:0] is not pipelined (PREG=0). Pipelining the DSP48 output will improve performance and often saves power so it is suggested whenever possible to fully pipeline this function.  If this DSP48 function was inferred, it is suggested to describe an additional register stage after this function.  If the DSP48 was instantiated in the design, it is suggested to set the PREG attribute to 1.
Related violations: <none>

DPOP-1#147 Warning
PREG Output pipelining  
DSP u_mimo_detector_top/u_matched_filter_compute/(null)[0].value1__1 output u_mimo_detector_top/u_matched_filter_compute/(null)[0].value1__1/P[47:0] is not pipelined (PREG=0). Pipelining the DSP48 output will improve performance and often saves power so it is suggested whenever possible to fully pipeline this function.  If this DSP48 function was inferred, it is suggested to describe an additional register stage after this function.  If the DSP48 was instantiated in the design, it is suggested to set the PREG attribute to 1.
Related violations: <none>

DPOP-1#148 Warning
PREG Output pipelining  
DSP u_mimo_detector_top/u_matched_filter_compute/(null)[0].value1__2 output u_mimo_detector_top/u_matched_filter_compute/(null)[0].value1__2/P[47:0] is not pipelined (PREG=0). Pipelining the DSP48 output will improve performance and often saves power so it is suggested whenever possible to fully pipeline this function.  If this DSP48 function was inferred, it is suggested to describe an additional register stage after this function.  If the DSP48 was instantiated in the design, it is suggested to set the PREG attribute to 1.
Related violations: <none>

DPOP-1#149 Warning
PREG Output pipelining  
DSP u_mimo_detector_top/u_matched_filter_compute/(null)[0].value1__3 output u_mimo_detector_top/u_matched_filter_compute/(null)[0].value1__3/P[47:0] is not pipelined (PREG=0). Pipelining the DSP48 output will improve performance and often saves power so it is suggested whenever possible to fully pipeline this function.  If this DSP48 function was inferred, it is suggested to describe an additional register stage after this function.  If the DSP48 was instantiated in the design, it is suggested to set the PREG attribute to 1.
Related violations: <none>

DPOP-1#150 Warning
PREG Output pipelining  
DSP u_mimo_detector_top/u_matched_filter_compute/(null)[0].value1__4 output u_mimo_detector_top/u_matched_filter_compute/(null)[0].value1__4/P[47:0] is not pipelined (PREG=0). Pipelining the DSP48 output will improve performance and often saves power so it is suggested whenever possible to fully pipeline this function.  If this DSP48 function was inferred, it is suggested to describe an additional register stage after this function.  If the DSP48 was instantiated in the design, it is suggested to set the PREG attribute to 1.
Related violations: <none>

DPOP-1#151 Warning
PREG Output pipelining  
DSP u_mimo_detector_top/u_matched_filter_compute/(null)[0].value1__5 output u_mimo_detector_top/u_matched_filter_compute/(null)[0].value1__5/P[47:0] is not pipelined (PREG=0). Pipelining the DSP48 output will improve performance and often saves power so it is suggested whenever possible to fully pipeline this function.  If this DSP48 function was inferred, it is suggested to describe an additional register stage after this function.  If the DSP48 was instantiated in the design, it is suggested to set the PREG attribute to 1.
Related violations: <none>

DPOP-1#152 Warning
PREG Output pipelining  
DSP u_mimo_detector_top/u_matched_filter_compute/(null)[0].value1__6 output u_mimo_detector_top/u_matched_filter_compute/(null)[0].value1__6/P[47:0] is not pipelined (PREG=0). Pipelining the DSP48 output will improve performance and often saves power so it is suggested whenever possible to fully pipeline this function.  If this DSP48 function was inferred, it is suggested to describe an additional register stage after this function.  If the DSP48 was instantiated in the design, it is suggested to set the PREG attribute to 1.
Related violations: <none>

DPOP-1#153 Warning
PREG Output pipelining  
DSP u_mimo_detector_top/u_matched_filter_compute/(null)[0].value2 output u_mimo_detector_top/u_matched_filter_compute/(null)[0].value2/P[47:0] is not pipelined (PREG=0). Pipelining the DSP48 output will improve performance and often saves power so it is suggested whenever possible to fully pipeline this function.  If this DSP48 function was inferred, it is suggested to describe an additional register stage after this function.  If the DSP48 was instantiated in the design, it is suggested to set the PREG attribute to 1.
Related violations: <none>

DPOP-1#154 Warning
PREG Output pipelining  
DSP u_mimo_detector_top/u_matched_filter_compute/(null)[0].value2__1 output u_mimo_detector_top/u_matched_filter_compute/(null)[0].value2__1/P[47:0] is not pipelined (PREG=0). Pipelining the DSP48 output will improve performance and often saves power so it is suggested whenever possible to fully pipeline this function.  If this DSP48 function was inferred, it is suggested to describe an additional register stage after this function.  If the DSP48 was instantiated in the design, it is suggested to set the PREG attribute to 1.
Related violations: <none>

DPOP-1#155 Warning
PREG Output pipelining  
DSP u_mimo_detector_top/u_matched_filter_compute/(null)[0].value2__11 output u_mimo_detector_top/u_matched_filter_compute/(null)[0].value2__11/P[47:0] is not pipelined (PREG=0). Pipelining the DSP48 output will improve performance and often saves power so it is suggested whenever possible to fully pipeline this function.  If this DSP48 function was inferred, it is suggested to describe an additional register stage after this function.  If the DSP48 was instantiated in the design, it is suggested to set the PREG attribute to 1.
Related violations: <none>

DPOP-1#156 Warning
PREG Output pipelining  
DSP u_mimo_detector_top/u_matched_filter_compute/(null)[0].value2__13 output u_mimo_detector_top/u_matched_filter_compute/(null)[0].value2__13/P[47:0] is not pipelined (PREG=0). Pipelining the DSP48 output will improve performance and often saves power so it is suggested whenever possible to fully pipeline this function.  If this DSP48 function was inferred, it is suggested to describe an additional register stage after this function.  If the DSP48 was instantiated in the design, it is suggested to set the PREG attribute to 1.
Related violations: <none>

DPOP-1#157 Warning
PREG Output pipelining  
DSP u_mimo_detector_top/u_matched_filter_compute/(null)[0].value2__3 output u_mimo_detector_top/u_matched_filter_compute/(null)[0].value2__3/P[47:0] is not pipelined (PREG=0). Pipelining the DSP48 output will improve performance and often saves power so it is suggested whenever possible to fully pipeline this function.  If this DSP48 function was inferred, it is suggested to describe an additional register stage after this function.  If the DSP48 was instantiated in the design, it is suggested to set the PREG attribute to 1.
Related violations: <none>

DPOP-1#158 Warning
PREG Output pipelining  
DSP u_mimo_detector_top/u_matched_filter_compute/(null)[0].value2__5 output u_mimo_detector_top/u_matched_filter_compute/(null)[0].value2__5/P[47:0] is not pipelined (PREG=0). Pipelining the DSP48 output will improve performance and often saves power so it is suggested whenever possible to fully pipeline this function.  If this DSP48 function was inferred, it is suggested to describe an additional register stage after this function.  If the DSP48 was instantiated in the design, it is suggested to set the PREG attribute to 1.
Related violations: <none>

DPOP-1#159 Warning
PREG Output pipelining  
DSP u_mimo_detector_top/u_matched_filter_compute/(null)[0].value2__7 output u_mimo_detector_top/u_matched_filter_compute/(null)[0].value2__7/P[47:0] is not pipelined (PREG=0). Pipelining the DSP48 output will improve performance and often saves power so it is suggested whenever possible to fully pipeline this function.  If this DSP48 function was inferred, it is suggested to describe an additional register stage after this function.  If the DSP48 was instantiated in the design, it is suggested to set the PREG attribute to 1.
Related violations: <none>

DPOP-1#160 Warning
PREG Output pipelining  
DSP u_mimo_detector_top/u_matched_filter_compute/(null)[0].value2__9 output u_mimo_detector_top/u_matched_filter_compute/(null)[0].value2__9/P[47:0] is not pipelined (PREG=0). Pipelining the DSP48 output will improve performance and often saves power so it is suggested whenever possible to fully pipeline this function.  If this DSP48 function was inferred, it is suggested to describe an additional register stage after this function.  If the DSP48 was instantiated in the design, it is suggested to set the PREG attribute to 1.
Related violations: <none>

DPOP-1#161 Warning
PREG Output pipelining  
DSP u_mimo_detector_top/u_matched_filter_compute/(null)[0].value3 output u_mimo_detector_top/u_matched_filter_compute/(null)[0].value3/P[47:0] is not pipelined (PREG=0). Pipelining the DSP48 output will improve performance and often saves power so it is suggested whenever possible to fully pipeline this function.  If this DSP48 function was inferred, it is suggested to describe an additional register stage after this function.  If the DSP48 was instantiated in the design, it is suggested to set the PREG attribute to 1.
Related violations: <none>

DPOP-1#162 Warning
PREG Output pipelining  
DSP u_mimo_detector_top/u_matched_filter_compute/(null)[0].value3__1 output u_mimo_detector_top/u_matched_filter_compute/(null)[0].value3__1/P[47:0] is not pipelined (PREG=0). Pipelining the DSP48 output will improve performance and often saves power so it is suggested whenever possible to fully pipeline this function.  If this DSP48 function was inferred, it is suggested to describe an additional register stage after this function.  If the DSP48 was instantiated in the design, it is suggested to set the PREG attribute to 1.
Related violations: <none>

DPOP-1#163 Warning
PREG Output pipelining  
DSP u_mimo_detector_top/u_matched_filter_compute/(null)[0].value3__10 output u_mimo_detector_top/u_matched_filter_compute/(null)[0].value3__10/P[47:0] is not pipelined (PREG=0). Pipelining the DSP48 output will improve performance and often saves power so it is suggested whenever possible to fully pipeline this function.  If this DSP48 function was inferred, it is suggested to describe an additional register stage after this function.  If the DSP48 was instantiated in the design, it is suggested to set the PREG attribute to 1.
Related violations: <none>

DPOP-1#164 Warning
PREG Output pipelining  
DSP u_mimo_detector_top/u_matched_filter_compute/(null)[0].value3__11 output u_mimo_detector_top/u_matched_filter_compute/(null)[0].value3__11/P[47:0] is not pipelined (PREG=0). Pipelining the DSP48 output will improve performance and often saves power so it is suggested whenever possible to fully pipeline this function.  If this DSP48 function was inferred, it is suggested to describe an additional register stage after this function.  If the DSP48 was instantiated in the design, it is suggested to set the PREG attribute to 1.
Related violations: <none>

DPOP-1#165 Warning
PREG Output pipelining  
DSP u_mimo_detector_top/u_matched_filter_compute/(null)[0].value3__13 output u_mimo_detector_top/u_matched_filter_compute/(null)[0].value3__13/P[47:0] is not pipelined (PREG=0). Pipelining the DSP48 output will improve performance and often saves power so it is suggested whenever possible to fully pipeline this function.  If this DSP48 function was inferred, it is suggested to describe an additional register stage after this function.  If the DSP48 was instantiated in the design, it is suggested to set the PREG attribute to 1.
Related violations: <none>

DPOP-1#166 Warning
PREG Output pipelining  
DSP u_mimo_detector_top/u_matched_filter_compute/(null)[0].value3__14 output u_mimo_detector_top/u_matched_filter_compute/(null)[0].value3__14/P[47:0] is not pipelined (PREG=0). Pipelining the DSP48 output will improve performance and often saves power so it is suggested whenever possible to fully pipeline this function.  If this DSP48 function was inferred, it is suggested to describe an additional register stage after this function.  If the DSP48 was instantiated in the design, it is suggested to set the PREG attribute to 1.
Related violations: <none>

DPOP-1#167 Warning
PREG Output pipelining  
DSP u_mimo_detector_top/u_matched_filter_compute/(null)[0].value3__16 output u_mimo_detector_top/u_matched_filter_compute/(null)[0].value3__16/P[47:0] is not pipelined (PREG=0). Pipelining the DSP48 output will improve performance and often saves power so it is suggested whenever possible to fully pipeline this function.  If this DSP48 function was inferred, it is suggested to describe an additional register stage after this function.  If the DSP48 was instantiated in the design, it is suggested to set the PREG attribute to 1.
Related violations: <none>

DPOP-1#168 Warning
PREG Output pipelining  
DSP u_mimo_detector_top/u_matched_filter_compute/(null)[0].value3__17 output u_mimo_detector_top/u_matched_filter_compute/(null)[0].value3__17/P[47:0] is not pipelined (PREG=0). Pipelining the DSP48 output will improve performance and often saves power so it is suggested whenever possible to fully pipeline this function.  If this DSP48 function was inferred, it is suggested to describe an additional register stage after this function.  If the DSP48 was instantiated in the design, it is suggested to set the PREG attribute to 1.
Related violations: <none>

DPOP-1#169 Warning
PREG Output pipelining  
DSP u_mimo_detector_top/u_matched_filter_compute/(null)[0].value3__19 output u_mimo_detector_top/u_matched_filter_compute/(null)[0].value3__19/P[47:0] is not pipelined (PREG=0). Pipelining the DSP48 output will improve performance and often saves power so it is suggested whenever possible to fully pipeline this function.  If this DSP48 function was inferred, it is suggested to describe an additional register stage after this function.  If the DSP48 was instantiated in the design, it is suggested to set the PREG attribute to 1.
Related violations: <none>

DPOP-1#170 Warning
PREG Output pipelining  
DSP u_mimo_detector_top/u_matched_filter_compute/(null)[0].value3__2 output u_mimo_detector_top/u_matched_filter_compute/(null)[0].value3__2/P[47:0] is not pipelined (PREG=0). Pipelining the DSP48 output will improve performance and often saves power so it is suggested whenever possible to fully pipeline this function.  If this DSP48 function was inferred, it is suggested to describe an additional register stage after this function.  If the DSP48 was instantiated in the design, it is suggested to set the PREG attribute to 1.
Related violations: <none>

DPOP-1#171 Warning
PREG Output pipelining  
DSP u_mimo_detector_top/u_matched_filter_compute/(null)[0].value3__20 output u_mimo_detector_top/u_matched_filter_compute/(null)[0].value3__20/P[47:0] is not pipelined (PREG=0). Pipelining the DSP48 output will improve performance and often saves power so it is suggested whenever possible to fully pipeline this function.  If this DSP48 function was inferred, it is suggested to describe an additional register stage after this function.  If the DSP48 was instantiated in the design, it is suggested to set the PREG attribute to 1.
Related violations: <none>

DPOP-1#172 Warning
PREG Output pipelining  
DSP u_mimo_detector_top/u_matched_filter_compute/(null)[0].value3__22 output u_mimo_detector_top/u_matched_filter_compute/(null)[0].value3__22/P[47:0] is not pipelined (PREG=0). Pipelining the DSP48 output will improve performance and often saves power so it is suggested whenever possible to fully pipeline this function.  If this DSP48 function was inferred, it is suggested to describe an additional register stage after this function.  If the DSP48 was instantiated in the design, it is suggested to set the PREG attribute to 1.
Related violations: <none>

DPOP-1#173 Warning
PREG Output pipelining  
DSP u_mimo_detector_top/u_matched_filter_compute/(null)[0].value3__4 output u_mimo_detector_top/u_matched_filter_compute/(null)[0].value3__4/P[47:0] is not pipelined (PREG=0). Pipelining the DSP48 output will improve performance and often saves power so it is suggested whenever possible to fully pipeline this function.  If this DSP48 function was inferred, it is suggested to describe an additional register stage after this function.  If the DSP48 was instantiated in the design, it is suggested to set the PREG attribute to 1.
Related violations: <none>

DPOP-1#174 Warning
PREG Output pipelining  
DSP u_mimo_detector_top/u_matched_filter_compute/(null)[0].value3__5 output u_mimo_detector_top/u_matched_filter_compute/(null)[0].value3__5/P[47:0] is not pipelined (PREG=0). Pipelining the DSP48 output will improve performance and often saves power so it is suggested whenever possible to fully pipeline this function.  If this DSP48 function was inferred, it is suggested to describe an additional register stage after this function.  If the DSP48 was instantiated in the design, it is suggested to set the PREG attribute to 1.
Related violations: <none>

DPOP-1#175 Warning
PREG Output pipelining  
DSP u_mimo_detector_top/u_matched_filter_compute/(null)[0].value3__7 output u_mimo_detector_top/u_matched_filter_compute/(null)[0].value3__7/P[47:0] is not pipelined (PREG=0). Pipelining the DSP48 output will improve performance and often saves power so it is suggested whenever possible to fully pipeline this function.  If this DSP48 function was inferred, it is suggested to describe an additional register stage after this function.  If the DSP48 was instantiated in the design, it is suggested to set the PREG attribute to 1.
Related violations: <none>

DPOP-1#176 Warning
PREG Output pipelining  
DSP u_mimo_detector_top/u_matched_filter_compute/(null)[0].value3__8 output u_mimo_detector_top/u_matched_filter_compute/(null)[0].value3__8/P[47:0] is not pipelined (PREG=0). Pipelining the DSP48 output will improve performance and often saves power so it is suggested whenever possible to fully pipeline this function.  If this DSP48 function was inferred, it is suggested to describe an additional register stage after this function.  If the DSP48 was instantiated in the design, it is suggested to set the PREG attribute to 1.
Related violations: <none>

DPOP-2#1 Warning
MREG Output pipelining  
DSP u_mimo_detector_top/u_gram_matrix_compute/(null)[0].(null)[0].value1 multiplier stage u_mimo_detector_top/u_gram_matrix_compute/(null)[0].(null)[0].value1/P[47:0] is not pipelined (MREG=0). Pipelining the multiplier function will improve performance and will save significant power so it is suggested whenever possible to fully pipeline this function.  If this multiplier was inferred, it is suggested to describe an additional register stage after this function.  If there is no registered adder/accumulator following the multiply function, two pipeline stages are suggested to allow both the MREG and PREG registers to be used.  If the DSP48 was instantiated in the design, it is suggested to set both the MREG and PREG attributes to 1 when performing multiply functions.
Related violations: <none>

DPOP-2#2 Warning
MREG Output pipelining  
DSP u_mimo_detector_top/u_gram_matrix_compute/(null)[0].(null)[0].value1__0 multiplier stage u_mimo_detector_top/u_gram_matrix_compute/(null)[0].(null)[0].value1__0/P[47:0] is not pipelined (MREG=0). Pipelining the multiplier function will improve performance and will save significant power so it is suggested whenever possible to fully pipeline this function.  If this multiplier was inferred, it is suggested to describe an additional register stage after this function.  If there is no registered adder/accumulator following the multiply function, two pipeline stages are suggested to allow both the MREG and PREG registers to be used.  If the DSP48 was instantiated in the design, it is suggested to set both the MREG and PREG attributes to 1 when performing multiply functions.
Related violations: <none>

DPOP-2#3 Warning
MREG Output pipelining  
DSP u_mimo_detector_top/u_gram_matrix_compute/(null)[0].(null)[0].value1__1 multiplier stage u_mimo_detector_top/u_gram_matrix_compute/(null)[0].(null)[0].value1__1/P[47:0] is not pipelined (MREG=0). Pipelining the multiplier function will improve performance and will save significant power so it is suggested whenever possible to fully pipeline this function.  If this multiplier was inferred, it is suggested to describe an additional register stage after this function.  If there is no registered adder/accumulator following the multiply function, two pipeline stages are suggested to allow both the MREG and PREG registers to be used.  If the DSP48 was instantiated in the design, it is suggested to set both the MREG and PREG attributes to 1 when performing multiply functions.
Related violations: <none>

DPOP-2#4 Warning
MREG Output pipelining  
DSP u_mimo_detector_top/u_gram_matrix_compute/(null)[0].(null)[0].value1__10 multiplier stage u_mimo_detector_top/u_gram_matrix_compute/(null)[0].(null)[0].value1__10/P[47:0] is not pipelined (MREG=0). Pipelining the multiplier function will improve performance and will save significant power so it is suggested whenever possible to fully pipeline this function.  If this multiplier was inferred, it is suggested to describe an additional register stage after this function.  If there is no registered adder/accumulator following the multiply function, two pipeline stages are suggested to allow both the MREG and PREG registers to be used.  If the DSP48 was instantiated in the design, it is suggested to set both the MREG and PREG attributes to 1 when performing multiply functions.
Related violations: <none>

DPOP-2#5 Warning
MREG Output pipelining  
DSP u_mimo_detector_top/u_gram_matrix_compute/(null)[0].(null)[0].value1__11 multiplier stage u_mimo_detector_top/u_gram_matrix_compute/(null)[0].(null)[0].value1__11/P[47:0] is not pipelined (MREG=0). Pipelining the multiplier function will improve performance and will save significant power so it is suggested whenever possible to fully pipeline this function.  If this multiplier was inferred, it is suggested to describe an additional register stage after this function.  If there is no registered adder/accumulator following the multiply function, two pipeline stages are suggested to allow both the MREG and PREG registers to be used.  If the DSP48 was instantiated in the design, it is suggested to set both the MREG and PREG attributes to 1 when performing multiply functions.
Related violations: <none>

DPOP-2#6 Warning
MREG Output pipelining  
DSP u_mimo_detector_top/u_gram_matrix_compute/(null)[0].(null)[0].value1__12 multiplier stage u_mimo_detector_top/u_gram_matrix_compute/(null)[0].(null)[0].value1__12/P[47:0] is not pipelined (MREG=0). Pipelining the multiplier function will improve performance and will save significant power so it is suggested whenever possible to fully pipeline this function.  If this multiplier was inferred, it is suggested to describe an additional register stage after this function.  If there is no registered adder/accumulator following the multiply function, two pipeline stages are suggested to allow both the MREG and PREG registers to be used.  If the DSP48 was instantiated in the design, it is suggested to set both the MREG and PREG attributes to 1 when performing multiply functions.
Related violations: <none>

DPOP-2#7 Warning
MREG Output pipelining  
DSP u_mimo_detector_top/u_gram_matrix_compute/(null)[0].(null)[0].value1__13 multiplier stage u_mimo_detector_top/u_gram_matrix_compute/(null)[0].(null)[0].value1__13/P[47:0] is not pipelined (MREG=0). Pipelining the multiplier function will improve performance and will save significant power so it is suggested whenever possible to fully pipeline this function.  If this multiplier was inferred, it is suggested to describe an additional register stage after this function.  If there is no registered adder/accumulator following the multiply function, two pipeline stages are suggested to allow both the MREG and PREG registers to be used.  If the DSP48 was instantiated in the design, it is suggested to set both the MREG and PREG attributes to 1 when performing multiply functions.
Related violations: <none>

DPOP-2#8 Warning
MREG Output pipelining  
DSP u_mimo_detector_top/u_gram_matrix_compute/(null)[0].(null)[0].value1__14 multiplier stage u_mimo_detector_top/u_gram_matrix_compute/(null)[0].(null)[0].value1__14/P[47:0] is not pipelined (MREG=0). Pipelining the multiplier function will improve performance and will save significant power so it is suggested whenever possible to fully pipeline this function.  If this multiplier was inferred, it is suggested to describe an additional register stage after this function.  If there is no registered adder/accumulator following the multiply function, two pipeline stages are suggested to allow both the MREG and PREG registers to be used.  If the DSP48 was instantiated in the design, it is suggested to set both the MREG and PREG attributes to 1 when performing multiply functions.
Related violations: <none>

DPOP-2#9 Warning
MREG Output pipelining  
DSP u_mimo_detector_top/u_gram_matrix_compute/(null)[0].(null)[0].value1__15 multiplier stage u_mimo_detector_top/u_gram_matrix_compute/(null)[0].(null)[0].value1__15/P[47:0] is not pipelined (MREG=0). Pipelining the multiplier function will improve performance and will save significant power so it is suggested whenever possible to fully pipeline this function.  If this multiplier was inferred, it is suggested to describe an additional register stage after this function.  If there is no registered adder/accumulator following the multiply function, two pipeline stages are suggested to allow both the MREG and PREG registers to be used.  If the DSP48 was instantiated in the design, it is suggested to set both the MREG and PREG attributes to 1 when performing multiply functions.
Related violations: <none>

DPOP-2#10 Warning
MREG Output pipelining  
DSP u_mimo_detector_top/u_gram_matrix_compute/(null)[0].(null)[0].value1__16 multiplier stage u_mimo_detector_top/u_gram_matrix_compute/(null)[0].(null)[0].value1__16/P[47:0] is not pipelined (MREG=0). Pipelining the multiplier function will improve performance and will save significant power so it is suggested whenever possible to fully pipeline this function.  If this multiplier was inferred, it is suggested to describe an additional register stage after this function.  If there is no registered adder/accumulator following the multiply function, two pipeline stages are suggested to allow both the MREG and PREG registers to be used.  If the DSP48 was instantiated in the design, it is suggested to set both the MREG and PREG attributes to 1 when performing multiply functions.
Related violations: <none>

DPOP-2#11 Warning
MREG Output pipelining  
DSP u_mimo_detector_top/u_gram_matrix_compute/(null)[0].(null)[0].value1__17 multiplier stage u_mimo_detector_top/u_gram_matrix_compute/(null)[0].(null)[0].value1__17/P[47:0] is not pipelined (MREG=0). Pipelining the multiplier function will improve performance and will save significant power so it is suggested whenever possible to fully pipeline this function.  If this multiplier was inferred, it is suggested to describe an additional register stage after this function.  If there is no registered adder/accumulator following the multiply function, two pipeline stages are suggested to allow both the MREG and PREG registers to be used.  If the DSP48 was instantiated in the design, it is suggested to set both the MREG and PREG attributes to 1 when performing multiply functions.
Related violations: <none>

DPOP-2#12 Warning
MREG Output pipelining  
DSP u_mimo_detector_top/u_gram_matrix_compute/(null)[0].(null)[0].value1__18 multiplier stage u_mimo_detector_top/u_gram_matrix_compute/(null)[0].(null)[0].value1__18/P[47:0] is not pipelined (MREG=0). Pipelining the multiplier function will improve performance and will save significant power so it is suggested whenever possible to fully pipeline this function.  If this multiplier was inferred, it is suggested to describe an additional register stage after this function.  If there is no registered adder/accumulator following the multiply function, two pipeline stages are suggested to allow both the MREG and PREG registers to be used.  If the DSP48 was instantiated in the design, it is suggested to set both the MREG and PREG attributes to 1 when performing multiply functions.
Related violations: <none>

DPOP-2#13 Warning
MREG Output pipelining  
DSP u_mimo_detector_top/u_gram_matrix_compute/(null)[0].(null)[0].value1__19 multiplier stage u_mimo_detector_top/u_gram_matrix_compute/(null)[0].(null)[0].value1__19/P[47:0] is not pipelined (MREG=0). Pipelining the multiplier function will improve performance and will save significant power so it is suggested whenever possible to fully pipeline this function.  If this multiplier was inferred, it is suggested to describe an additional register stage after this function.  If there is no registered adder/accumulator following the multiply function, two pipeline stages are suggested to allow both the MREG and PREG registers to be used.  If the DSP48 was instantiated in the design, it is suggested to set both the MREG and PREG attributes to 1 when performing multiply functions.
Related violations: <none>

DPOP-2#14 Warning
MREG Output pipelining  
DSP u_mimo_detector_top/u_gram_matrix_compute/(null)[0].(null)[0].value1__2 multiplier stage u_mimo_detector_top/u_gram_matrix_compute/(null)[0].(null)[0].value1__2/P[47:0] is not pipelined (MREG=0). Pipelining the multiplier function will improve performance and will save significant power so it is suggested whenever possible to fully pipeline this function.  If this multiplier was inferred, it is suggested to describe an additional register stage after this function.  If there is no registered adder/accumulator following the multiply function, two pipeline stages are suggested to allow both the MREG and PREG registers to be used.  If the DSP48 was instantiated in the design, it is suggested to set both the MREG and PREG attributes to 1 when performing multiply functions.
Related violations: <none>

DPOP-2#15 Warning
MREG Output pipelining  
DSP u_mimo_detector_top/u_gram_matrix_compute/(null)[0].(null)[0].value1__20 multiplier stage u_mimo_detector_top/u_gram_matrix_compute/(null)[0].(null)[0].value1__20/P[47:0] is not pipelined (MREG=0). Pipelining the multiplier function will improve performance and will save significant power so it is suggested whenever possible to fully pipeline this function.  If this multiplier was inferred, it is suggested to describe an additional register stage after this function.  If there is no registered adder/accumulator following the multiply function, two pipeline stages are suggested to allow both the MREG and PREG registers to be used.  If the DSP48 was instantiated in the design, it is suggested to set both the MREG and PREG attributes to 1 when performing multiply functions.
Related violations: <none>

DPOP-2#16 Warning
MREG Output pipelining  
DSP u_mimo_detector_top/u_gram_matrix_compute/(null)[0].(null)[0].value1__21 multiplier stage u_mimo_detector_top/u_gram_matrix_compute/(null)[0].(null)[0].value1__21/P[47:0] is not pipelined (MREG=0). Pipelining the multiplier function will improve performance and will save significant power so it is suggested whenever possible to fully pipeline this function.  If this multiplier was inferred, it is suggested to describe an additional register stage after this function.  If there is no registered adder/accumulator following the multiply function, two pipeline stages are suggested to allow both the MREG and PREG registers to be used.  If the DSP48 was instantiated in the design, it is suggested to set both the MREG and PREG attributes to 1 when performing multiply functions.
Related violations: <none>

DPOP-2#17 Warning
MREG Output pipelining  
DSP u_mimo_detector_top/u_gram_matrix_compute/(null)[0].(null)[0].value1__22 multiplier stage u_mimo_detector_top/u_gram_matrix_compute/(null)[0].(null)[0].value1__22/P[47:0] is not pipelined (MREG=0). Pipelining the multiplier function will improve performance and will save significant power so it is suggested whenever possible to fully pipeline this function.  If this multiplier was inferred, it is suggested to describe an additional register stage after this function.  If there is no registered adder/accumulator following the multiply function, two pipeline stages are suggested to allow both the MREG and PREG registers to be used.  If the DSP48 was instantiated in the design, it is suggested to set both the MREG and PREG attributes to 1 when performing multiply functions.
Related violations: <none>

DPOP-2#18 Warning
MREG Output pipelining  
DSP u_mimo_detector_top/u_gram_matrix_compute/(null)[0].(null)[0].value1__23 multiplier stage u_mimo_detector_top/u_gram_matrix_compute/(null)[0].(null)[0].value1__23/P[47:0] is not pipelined (MREG=0). Pipelining the multiplier function will improve performance and will save significant power so it is suggested whenever possible to fully pipeline this function.  If this multiplier was inferred, it is suggested to describe an additional register stage after this function.  If there is no registered adder/accumulator following the multiply function, two pipeline stages are suggested to allow both the MREG and PREG registers to be used.  If the DSP48 was instantiated in the design, it is suggested to set both the MREG and PREG attributes to 1 when performing multiply functions.
Related violations: <none>

DPOP-2#19 Warning
MREG Output pipelining  
DSP u_mimo_detector_top/u_gram_matrix_compute/(null)[0].(null)[0].value1__24 multiplier stage u_mimo_detector_top/u_gram_matrix_compute/(null)[0].(null)[0].value1__24/P[47:0] is not pipelined (MREG=0). Pipelining the multiplier function will improve performance and will save significant power so it is suggested whenever possible to fully pipeline this function.  If this multiplier was inferred, it is suggested to describe an additional register stage after this function.  If there is no registered adder/accumulator following the multiply function, two pipeline stages are suggested to allow both the MREG and PREG registers to be used.  If the DSP48 was instantiated in the design, it is suggested to set both the MREG and PREG attributes to 1 when performing multiply functions.
Related violations: <none>

DPOP-2#20 Warning
MREG Output pipelining  
DSP u_mimo_detector_top/u_gram_matrix_compute/(null)[0].(null)[0].value1__25 multiplier stage u_mimo_detector_top/u_gram_matrix_compute/(null)[0].(null)[0].value1__25/P[47:0] is not pipelined (MREG=0). Pipelining the multiplier function will improve performance and will save significant power so it is suggested whenever possible to fully pipeline this function.  If this multiplier was inferred, it is suggested to describe an additional register stage after this function.  If there is no registered adder/accumulator following the multiply function, two pipeline stages are suggested to allow both the MREG and PREG registers to be used.  If the DSP48 was instantiated in the design, it is suggested to set both the MREG and PREG attributes to 1 when performing multiply functions.
Related violations: <none>

DPOP-2#21 Warning
MREG Output pipelining  
DSP u_mimo_detector_top/u_gram_matrix_compute/(null)[0].(null)[0].value1__26 multiplier stage u_mimo_detector_top/u_gram_matrix_compute/(null)[0].(null)[0].value1__26/P[47:0] is not pipelined (MREG=0). Pipelining the multiplier function will improve performance and will save significant power so it is suggested whenever possible to fully pipeline this function.  If this multiplier was inferred, it is suggested to describe an additional register stage after this function.  If there is no registered adder/accumulator following the multiply function, two pipeline stages are suggested to allow both the MREG and PREG registers to be used.  If the DSP48 was instantiated in the design, it is suggested to set both the MREG and PREG attributes to 1 when performing multiply functions.
Related violations: <none>

DPOP-2#22 Warning
MREG Output pipelining  
DSP u_mimo_detector_top/u_gram_matrix_compute/(null)[0].(null)[0].value1__27 multiplier stage u_mimo_detector_top/u_gram_matrix_compute/(null)[0].(null)[0].value1__27/P[47:0] is not pipelined (MREG=0). Pipelining the multiplier function will improve performance and will save significant power so it is suggested whenever possible to fully pipeline this function.  If this multiplier was inferred, it is suggested to describe an additional register stage after this function.  If there is no registered adder/accumulator following the multiply function, two pipeline stages are suggested to allow both the MREG and PREG registers to be used.  If the DSP48 was instantiated in the design, it is suggested to set both the MREG and PREG attributes to 1 when performing multiply functions.
Related violations: <none>

DPOP-2#23 Warning
MREG Output pipelining  
DSP u_mimo_detector_top/u_gram_matrix_compute/(null)[0].(null)[0].value1__28 multiplier stage u_mimo_detector_top/u_gram_matrix_compute/(null)[0].(null)[0].value1__28/P[47:0] is not pipelined (MREG=0). Pipelining the multiplier function will improve performance and will save significant power so it is suggested whenever possible to fully pipeline this function.  If this multiplier was inferred, it is suggested to describe an additional register stage after this function.  If there is no registered adder/accumulator following the multiply function, two pipeline stages are suggested to allow both the MREG and PREG registers to be used.  If the DSP48 was instantiated in the design, it is suggested to set both the MREG and PREG attributes to 1 when performing multiply functions.
Related violations: <none>

DPOP-2#24 Warning
MREG Output pipelining  
DSP u_mimo_detector_top/u_gram_matrix_compute/(null)[0].(null)[0].value1__29 multiplier stage u_mimo_detector_top/u_gram_matrix_compute/(null)[0].(null)[0].value1__29/P[47:0] is not pipelined (MREG=0). Pipelining the multiplier function will improve performance and will save significant power so it is suggested whenever possible to fully pipeline this function.  If this multiplier was inferred, it is suggested to describe an additional register stage after this function.  If there is no registered adder/accumulator following the multiply function, two pipeline stages are suggested to allow both the MREG and PREG registers to be used.  If the DSP48 was instantiated in the design, it is suggested to set both the MREG and PREG attributes to 1 when performing multiply functions.
Related violations: <none>

DPOP-2#25 Warning
MREG Output pipelining  
DSP u_mimo_detector_top/u_gram_matrix_compute/(null)[0].(null)[0].value1__3 multiplier stage u_mimo_detector_top/u_gram_matrix_compute/(null)[0].(null)[0].value1__3/P[47:0] is not pipelined (MREG=0). Pipelining the multiplier function will improve performance and will save significant power so it is suggested whenever possible to fully pipeline this function.  If this multiplier was inferred, it is suggested to describe an additional register stage after this function.  If there is no registered adder/accumulator following the multiply function, two pipeline stages are suggested to allow both the MREG and PREG registers to be used.  If the DSP48 was instantiated in the design, it is suggested to set both the MREG and PREG attributes to 1 when performing multiply functions.
Related violations: <none>

DPOP-2#26 Warning
MREG Output pipelining  
DSP u_mimo_detector_top/u_gram_matrix_compute/(null)[0].(null)[0].value1__30 multiplier stage u_mimo_detector_top/u_gram_matrix_compute/(null)[0].(null)[0].value1__30/P[47:0] is not pipelined (MREG=0). Pipelining the multiplier function will improve performance and will save significant power so it is suggested whenever possible to fully pipeline this function.  If this multiplier was inferred, it is suggested to describe an additional register stage after this function.  If there is no registered adder/accumulator following the multiply function, two pipeline stages are suggested to allow both the MREG and PREG registers to be used.  If the DSP48 was instantiated in the design, it is suggested to set both the MREG and PREG attributes to 1 when performing multiply functions.
Related violations: <none>

DPOP-2#27 Warning
MREG Output pipelining  
DSP u_mimo_detector_top/u_gram_matrix_compute/(null)[0].(null)[0].value1__4 multiplier stage u_mimo_detector_top/u_gram_matrix_compute/(null)[0].(null)[0].value1__4/P[47:0] is not pipelined (MREG=0). Pipelining the multiplier function will improve performance and will save significant power so it is suggested whenever possible to fully pipeline this function.  If this multiplier was inferred, it is suggested to describe an additional register stage after this function.  If there is no registered adder/accumulator following the multiply function, two pipeline stages are suggested to allow both the MREG and PREG registers to be used.  If the DSP48 was instantiated in the design, it is suggested to set both the MREG and PREG attributes to 1 when performing multiply functions.
Related violations: <none>

DPOP-2#28 Warning
MREG Output pipelining  
DSP u_mimo_detector_top/u_gram_matrix_compute/(null)[0].(null)[0].value1__5 multiplier stage u_mimo_detector_top/u_gram_matrix_compute/(null)[0].(null)[0].value1__5/P[47:0] is not pipelined (MREG=0). Pipelining the multiplier function will improve performance and will save significant power so it is suggested whenever possible to fully pipeline this function.  If this multiplier was inferred, it is suggested to describe an additional register stage after this function.  If there is no registered adder/accumulator following the multiply function, two pipeline stages are suggested to allow both the MREG and PREG registers to be used.  If the DSP48 was instantiated in the design, it is suggested to set both the MREG and PREG attributes to 1 when performing multiply functions.
Related violations: <none>

DPOP-2#29 Warning
MREG Output pipelining  
DSP u_mimo_detector_top/u_gram_matrix_compute/(null)[0].(null)[0].value1__6 multiplier stage u_mimo_detector_top/u_gram_matrix_compute/(null)[0].(null)[0].value1__6/P[47:0] is not pipelined (MREG=0). Pipelining the multiplier function will improve performance and will save significant power so it is suggested whenever possible to fully pipeline this function.  If this multiplier was inferred, it is suggested to describe an additional register stage after this function.  If there is no registered adder/accumulator following the multiply function, two pipeline stages are suggested to allow both the MREG and PREG registers to be used.  If the DSP48 was instantiated in the design, it is suggested to set both the MREG and PREG attributes to 1 when performing multiply functions.
Related violations: <none>

DPOP-2#30 Warning
MREG Output pipelining  
DSP u_mimo_detector_top/u_gram_matrix_compute/(null)[0].(null)[0].value1__7 multiplier stage u_mimo_detector_top/u_gram_matrix_compute/(null)[0].(null)[0].value1__7/P[47:0] is not pipelined (MREG=0). Pipelining the multiplier function will improve performance and will save significant power so it is suggested whenever possible to fully pipeline this function.  If this multiplier was inferred, it is suggested to describe an additional register stage after this function.  If there is no registered adder/accumulator following the multiply function, two pipeline stages are suggested to allow both the MREG and PREG registers to be used.  If the DSP48 was instantiated in the design, it is suggested to set both the MREG and PREG attributes to 1 when performing multiply functions.
Related violations: <none>

DPOP-2#31 Warning
MREG Output pipelining  
DSP u_mimo_detector_top/u_gram_matrix_compute/(null)[0].(null)[0].value1__8 multiplier stage u_mimo_detector_top/u_gram_matrix_compute/(null)[0].(null)[0].value1__8/P[47:0] is not pipelined (MREG=0). Pipelining the multiplier function will improve performance and will save significant power so it is suggested whenever possible to fully pipeline this function.  If this multiplier was inferred, it is suggested to describe an additional register stage after this function.  If there is no registered adder/accumulator following the multiply function, two pipeline stages are suggested to allow both the MREG and PREG registers to be used.  If the DSP48 was instantiated in the design, it is suggested to set both the MREG and PREG attributes to 1 when performing multiply functions.
Related violations: <none>

DPOP-2#32 Warning
MREG Output pipelining  
DSP u_mimo_detector_top/u_gram_matrix_compute/(null)[0].(null)[0].value1__9 multiplier stage u_mimo_detector_top/u_gram_matrix_compute/(null)[0].(null)[0].value1__9/P[47:0] is not pipelined (MREG=0). Pipelining the multiplier function will improve performance and will save significant power so it is suggested whenever possible to fully pipeline this function.  If this multiplier was inferred, it is suggested to describe an additional register stage after this function.  If there is no registered adder/accumulator following the multiply function, two pipeline stages are suggested to allow both the MREG and PREG registers to be used.  If the DSP48 was instantiated in the design, it is suggested to set both the MREG and PREG attributes to 1 when performing multiply functions.
Related violations: <none>

DPOP-2#33 Warning
MREG Output pipelining  
DSP u_mimo_detector_top/u_gram_matrix_compute/(null)[0].(null)[0].value2 multiplier stage u_mimo_detector_top/u_gram_matrix_compute/(null)[0].(null)[0].value2/P[47:0] is not pipelined (MREG=0). Pipelining the multiplier function will improve performance and will save significant power so it is suggested whenever possible to fully pipeline this function.  If this multiplier was inferred, it is suggested to describe an additional register stage after this function.  If there is no registered adder/accumulator following the multiply function, two pipeline stages are suggested to allow both the MREG and PREG registers to be used.  If the DSP48 was instantiated in the design, it is suggested to set both the MREG and PREG attributes to 1 when performing multiply functions.
Related violations: <none>

DPOP-2#34 Warning
MREG Output pipelining  
DSP u_mimo_detector_top/u_gram_matrix_compute/(null)[0].(null)[0].value2__1 multiplier stage u_mimo_detector_top/u_gram_matrix_compute/(null)[0].(null)[0].value2__1/P[47:0] is not pipelined (MREG=0). Pipelining the multiplier function will improve performance and will save significant power so it is suggested whenever possible to fully pipeline this function.  If this multiplier was inferred, it is suggested to describe an additional register stage after this function.  If there is no registered adder/accumulator following the multiply function, two pipeline stages are suggested to allow both the MREG and PREG registers to be used.  If the DSP48 was instantiated in the design, it is suggested to set both the MREG and PREG attributes to 1 when performing multiply functions.
Related violations: <none>

DPOP-2#35 Warning
MREG Output pipelining  
DSP u_mimo_detector_top/u_gram_matrix_compute/(null)[0].(null)[0].value2__11 multiplier stage u_mimo_detector_top/u_gram_matrix_compute/(null)[0].(null)[0].value2__11/P[47:0] is not pipelined (MREG=0). Pipelining the multiplier function will improve performance and will save significant power so it is suggested whenever possible to fully pipeline this function.  If this multiplier was inferred, it is suggested to describe an additional register stage after this function.  If there is no registered adder/accumulator following the multiply function, two pipeline stages are suggested to allow both the MREG and PREG registers to be used.  If the DSP48 was instantiated in the design, it is suggested to set both the MREG and PREG attributes to 1 when performing multiply functions.
Related violations: <none>

DPOP-2#36 Warning
MREG Output pipelining  
DSP u_mimo_detector_top/u_gram_matrix_compute/(null)[0].(null)[0].value2__13 multiplier stage u_mimo_detector_top/u_gram_matrix_compute/(null)[0].(null)[0].value2__13/P[47:0] is not pipelined (MREG=0). Pipelining the multiplier function will improve performance and will save significant power so it is suggested whenever possible to fully pipeline this function.  If this multiplier was inferred, it is suggested to describe an additional register stage after this function.  If there is no registered adder/accumulator following the multiply function, two pipeline stages are suggested to allow both the MREG and PREG registers to be used.  If the DSP48 was instantiated in the design, it is suggested to set both the MREG and PREG attributes to 1 when performing multiply functions.
Related violations: <none>

DPOP-2#37 Warning
MREG Output pipelining  
DSP u_mimo_detector_top/u_gram_matrix_compute/(null)[0].(null)[0].value2__15 multiplier stage u_mimo_detector_top/u_gram_matrix_compute/(null)[0].(null)[0].value2__15/P[47:0] is not pipelined (MREG=0). Pipelining the multiplier function will improve performance and will save significant power so it is suggested whenever possible to fully pipeline this function.  If this multiplier was inferred, it is suggested to describe an additional register stage after this function.  If there is no registered adder/accumulator following the multiply function, two pipeline stages are suggested to allow both the MREG and PREG registers to be used.  If the DSP48 was instantiated in the design, it is suggested to set both the MREG and PREG attributes to 1 when performing multiply functions.
Related violations: <none>

DPOP-2#38 Warning
MREG Output pipelining  
DSP u_mimo_detector_top/u_gram_matrix_compute/(null)[0].(null)[0].value2__17 multiplier stage u_mimo_detector_top/u_gram_matrix_compute/(null)[0].(null)[0].value2__17/P[47:0] is not pipelined (MREG=0). Pipelining the multiplier function will improve performance and will save significant power so it is suggested whenever possible to fully pipeline this function.  If this multiplier was inferred, it is suggested to describe an additional register stage after this function.  If there is no registered adder/accumulator following the multiply function, two pipeline stages are suggested to allow both the MREG and PREG registers to be used.  If the DSP48 was instantiated in the design, it is suggested to set both the MREG and PREG attributes to 1 when performing multiply functions.
Related violations: <none>

DPOP-2#39 Warning
MREG Output pipelining  
DSP u_mimo_detector_top/u_gram_matrix_compute/(null)[0].(null)[0].value2__19 multiplier stage u_mimo_detector_top/u_gram_matrix_compute/(null)[0].(null)[0].value2__19/P[47:0] is not pipelined (MREG=0). Pipelining the multiplier function will improve performance and will save significant power so it is suggested whenever possible to fully pipeline this function.  If this multiplier was inferred, it is suggested to describe an additional register stage after this function.  If there is no registered adder/accumulator following the multiply function, two pipeline stages are suggested to allow both the MREG and PREG registers to be used.  If the DSP48 was instantiated in the design, it is suggested to set both the MREG and PREG attributes to 1 when performing multiply functions.
Related violations: <none>

DPOP-2#40 Warning
MREG Output pipelining  
DSP u_mimo_detector_top/u_gram_matrix_compute/(null)[0].(null)[0].value2__21 multiplier stage u_mimo_detector_top/u_gram_matrix_compute/(null)[0].(null)[0].value2__21/P[47:0] is not pipelined (MREG=0). Pipelining the multiplier function will improve performance and will save significant power so it is suggested whenever possible to fully pipeline this function.  If this multiplier was inferred, it is suggested to describe an additional register stage after this function.  If there is no registered adder/accumulator following the multiply function, two pipeline stages are suggested to allow both the MREG and PREG registers to be used.  If the DSP48 was instantiated in the design, it is suggested to set both the MREG and PREG attributes to 1 when performing multiply functions.
Related violations: <none>

DPOP-2#41 Warning
MREG Output pipelining  
DSP u_mimo_detector_top/u_gram_matrix_compute/(null)[0].(null)[0].value2__23 multiplier stage u_mimo_detector_top/u_gram_matrix_compute/(null)[0].(null)[0].value2__23/P[47:0] is not pipelined (MREG=0). Pipelining the multiplier function will improve performance and will save significant power so it is suggested whenever possible to fully pipeline this function.  If this multiplier was inferred, it is suggested to describe an additional register stage after this function.  If there is no registered adder/accumulator following the multiply function, two pipeline stages are suggested to allow both the MREG and PREG registers to be used.  If the DSP48 was instantiated in the design, it is suggested to set both the MREG and PREG attributes to 1 when performing multiply functions.
Related violations: <none>

DPOP-2#42 Warning
MREG Output pipelining  
DSP u_mimo_detector_top/u_gram_matrix_compute/(null)[0].(null)[0].value2__25 multiplier stage u_mimo_detector_top/u_gram_matrix_compute/(null)[0].(null)[0].value2__25/P[47:0] is not pipelined (MREG=0). Pipelining the multiplier function will improve performance and will save significant power so it is suggested whenever possible to fully pipeline this function.  If this multiplier was inferred, it is suggested to describe an additional register stage after this function.  If there is no registered adder/accumulator following the multiply function, two pipeline stages are suggested to allow both the MREG and PREG registers to be used.  If the DSP48 was instantiated in the design, it is suggested to set both the MREG and PREG attributes to 1 when performing multiply functions.
Related violations: <none>

DPOP-2#43 Warning
MREG Output pipelining  
DSP u_mimo_detector_top/u_gram_matrix_compute/(null)[0].(null)[0].value2__27 multiplier stage u_mimo_detector_top/u_gram_matrix_compute/(null)[0].(null)[0].value2__27/P[47:0] is not pipelined (MREG=0). Pipelining the multiplier function will improve performance and will save significant power so it is suggested whenever possible to fully pipeline this function.  If this multiplier was inferred, it is suggested to describe an additional register stage after this function.  If there is no registered adder/accumulator following the multiply function, two pipeline stages are suggested to allow both the MREG and PREG registers to be used.  If the DSP48 was instantiated in the design, it is suggested to set both the MREG and PREG attributes to 1 when performing multiply functions.
Related violations: <none>

DPOP-2#44 Warning
MREG Output pipelining  
DSP u_mimo_detector_top/u_gram_matrix_compute/(null)[0].(null)[0].value2__29 multiplier stage u_mimo_detector_top/u_gram_matrix_compute/(null)[0].(null)[0].value2__29/P[47:0] is not pipelined (MREG=0). Pipelining the multiplier function will improve performance and will save significant power so it is suggested whenever possible to fully pipeline this function.  If this multiplier was inferred, it is suggested to describe an additional register stage after this function.  If there is no registered adder/accumulator following the multiply function, two pipeline stages are suggested to allow both the MREG and PREG registers to be used.  If the DSP48 was instantiated in the design, it is suggested to set both the MREG and PREG attributes to 1 when performing multiply functions.
Related violations: <none>

DPOP-2#45 Warning
MREG Output pipelining  
DSP u_mimo_detector_top/u_gram_matrix_compute/(null)[0].(null)[0].value2__3 multiplier stage u_mimo_detector_top/u_gram_matrix_compute/(null)[0].(null)[0].value2__3/P[47:0] is not pipelined (MREG=0). Pipelining the multiplier function will improve performance and will save significant power so it is suggested whenever possible to fully pipeline this function.  If this multiplier was inferred, it is suggested to describe an additional register stage after this function.  If there is no registered adder/accumulator following the multiply function, two pipeline stages are suggested to allow both the MREG and PREG registers to be used.  If the DSP48 was instantiated in the design, it is suggested to set both the MREG and PREG attributes to 1 when performing multiply functions.
Related violations: <none>

DPOP-2#46 Warning
MREG Output pipelining  
DSP u_mimo_detector_top/u_gram_matrix_compute/(null)[0].(null)[0].value2__31 multiplier stage u_mimo_detector_top/u_gram_matrix_compute/(null)[0].(null)[0].value2__31/P[47:0] is not pipelined (MREG=0). Pipelining the multiplier function will improve performance and will save significant power so it is suggested whenever possible to fully pipeline this function.  If this multiplier was inferred, it is suggested to describe an additional register stage after this function.  If there is no registered adder/accumulator following the multiply function, two pipeline stages are suggested to allow both the MREG and PREG registers to be used.  If the DSP48 was instantiated in the design, it is suggested to set both the MREG and PREG attributes to 1 when performing multiply functions.
Related violations: <none>

DPOP-2#47 Warning
MREG Output pipelining  
DSP u_mimo_detector_top/u_gram_matrix_compute/(null)[0].(null)[0].value2__33 multiplier stage u_mimo_detector_top/u_gram_matrix_compute/(null)[0].(null)[0].value2__33/P[47:0] is not pipelined (MREG=0). Pipelining the multiplier function will improve performance and will save significant power so it is suggested whenever possible to fully pipeline this function.  If this multiplier was inferred, it is suggested to describe an additional register stage after this function.  If there is no registered adder/accumulator following the multiply function, two pipeline stages are suggested to allow both the MREG and PREG registers to be used.  If the DSP48 was instantiated in the design, it is suggested to set both the MREG and PREG attributes to 1 when performing multiply functions.
Related violations: <none>

DPOP-2#48 Warning
MREG Output pipelining  
DSP u_mimo_detector_top/u_gram_matrix_compute/(null)[0].(null)[0].value2__35 multiplier stage u_mimo_detector_top/u_gram_matrix_compute/(null)[0].(null)[0].value2__35/P[47:0] is not pipelined (MREG=0). Pipelining the multiplier function will improve performance and will save significant power so it is suggested whenever possible to fully pipeline this function.  If this multiplier was inferred, it is suggested to describe an additional register stage after this function.  If there is no registered adder/accumulator following the multiply function, two pipeline stages are suggested to allow both the MREG and PREG registers to be used.  If the DSP48 was instantiated in the design, it is suggested to set both the MREG and PREG attributes to 1 when performing multiply functions.
Related violations: <none>

DPOP-2#49 Warning
MREG Output pipelining  
DSP u_mimo_detector_top/u_gram_matrix_compute/(null)[0].(null)[0].value2__37 multiplier stage u_mimo_detector_top/u_gram_matrix_compute/(null)[0].(null)[0].value2__37/P[47:0] is not pipelined (MREG=0). Pipelining the multiplier function will improve performance and will save significant power so it is suggested whenever possible to fully pipeline this function.  If this multiplier was inferred, it is suggested to describe an additional register stage after this function.  If there is no registered adder/accumulator following the multiply function, two pipeline stages are suggested to allow both the MREG and PREG registers to be used.  If the DSP48 was instantiated in the design, it is suggested to set both the MREG and PREG attributes to 1 when performing multiply functions.
Related violations: <none>

DPOP-2#50 Warning
MREG Output pipelining  
DSP u_mimo_detector_top/u_gram_matrix_compute/(null)[0].(null)[0].value2__39 multiplier stage u_mimo_detector_top/u_gram_matrix_compute/(null)[0].(null)[0].value2__39/P[47:0] is not pipelined (MREG=0). Pipelining the multiplier function will improve performance and will save significant power so it is suggested whenever possible to fully pipeline this function.  If this multiplier was inferred, it is suggested to describe an additional register stage after this function.  If there is no registered adder/accumulator following the multiply function, two pipeline stages are suggested to allow both the MREG and PREG registers to be used.  If the DSP48 was instantiated in the design, it is suggested to set both the MREG and PREG attributes to 1 when performing multiply functions.
Related violations: <none>

DPOP-2#51 Warning
MREG Output pipelining  
DSP u_mimo_detector_top/u_gram_matrix_compute/(null)[0].(null)[0].value2__41 multiplier stage u_mimo_detector_top/u_gram_matrix_compute/(null)[0].(null)[0].value2__41/P[47:0] is not pipelined (MREG=0). Pipelining the multiplier function will improve performance and will save significant power so it is suggested whenever possible to fully pipeline this function.  If this multiplier was inferred, it is suggested to describe an additional register stage after this function.  If there is no registered adder/accumulator following the multiply function, two pipeline stages are suggested to allow both the MREG and PREG registers to be used.  If the DSP48 was instantiated in the design, it is suggested to set both the MREG and PREG attributes to 1 when performing multiply functions.
Related violations: <none>

DPOP-2#52 Warning
MREG Output pipelining  
DSP u_mimo_detector_top/u_gram_matrix_compute/(null)[0].(null)[0].value2__43 multiplier stage u_mimo_detector_top/u_gram_matrix_compute/(null)[0].(null)[0].value2__43/P[47:0] is not pipelined (MREG=0). Pipelining the multiplier function will improve performance and will save significant power so it is suggested whenever possible to fully pipeline this function.  If this multiplier was inferred, it is suggested to describe an additional register stage after this function.  If there is no registered adder/accumulator following the multiply function, two pipeline stages are suggested to allow both the MREG and PREG registers to be used.  If the DSP48 was instantiated in the design, it is suggested to set both the MREG and PREG attributes to 1 when performing multiply functions.
Related violations: <none>

DPOP-2#53 Warning
MREG Output pipelining  
DSP u_mimo_detector_top/u_gram_matrix_compute/(null)[0].(null)[0].value2__45 multiplier stage u_mimo_detector_top/u_gram_matrix_compute/(null)[0].(null)[0].value2__45/P[47:0] is not pipelined (MREG=0). Pipelining the multiplier function will improve performance and will save significant power so it is suggested whenever possible to fully pipeline this function.  If this multiplier was inferred, it is suggested to describe an additional register stage after this function.  If there is no registered adder/accumulator following the multiply function, two pipeline stages are suggested to allow both the MREG and PREG registers to be used.  If the DSP48 was instantiated in the design, it is suggested to set both the MREG and PREG attributes to 1 when performing multiply functions.
Related violations: <none>

DPOP-2#54 Warning
MREG Output pipelining  
DSP u_mimo_detector_top/u_gram_matrix_compute/(null)[0].(null)[0].value2__47 multiplier stage u_mimo_detector_top/u_gram_matrix_compute/(null)[0].(null)[0].value2__47/P[47:0] is not pipelined (MREG=0). Pipelining the multiplier function will improve performance and will save significant power so it is suggested whenever possible to fully pipeline this function.  If this multiplier was inferred, it is suggested to describe an additional register stage after this function.  If there is no registered adder/accumulator following the multiply function, two pipeline stages are suggested to allow both the MREG and PREG registers to be used.  If the DSP48 was instantiated in the design, it is suggested to set both the MREG and PREG attributes to 1 when performing multiply functions.
Related violations: <none>

DPOP-2#55 Warning
MREG Output pipelining  
DSP u_mimo_detector_top/u_gram_matrix_compute/(null)[0].(null)[0].value2__49 multiplier stage u_mimo_detector_top/u_gram_matrix_compute/(null)[0].(null)[0].value2__49/P[47:0] is not pipelined (MREG=0). Pipelining the multiplier function will improve performance and will save significant power so it is suggested whenever possible to fully pipeline this function.  If this multiplier was inferred, it is suggested to describe an additional register stage after this function.  If there is no registered adder/accumulator following the multiply function, two pipeline stages are suggested to allow both the MREG and PREG registers to be used.  If the DSP48 was instantiated in the design, it is suggested to set both the MREG and PREG attributes to 1 when performing multiply functions.
Related violations: <none>

DPOP-2#56 Warning
MREG Output pipelining  
DSP u_mimo_detector_top/u_gram_matrix_compute/(null)[0].(null)[0].value2__5 multiplier stage u_mimo_detector_top/u_gram_matrix_compute/(null)[0].(null)[0].value2__5/P[47:0] is not pipelined (MREG=0). Pipelining the multiplier function will improve performance and will save significant power so it is suggested whenever possible to fully pipeline this function.  If this multiplier was inferred, it is suggested to describe an additional register stage after this function.  If there is no registered adder/accumulator following the multiply function, two pipeline stages are suggested to allow both the MREG and PREG registers to be used.  If the DSP48 was instantiated in the design, it is suggested to set both the MREG and PREG attributes to 1 when performing multiply functions.
Related violations: <none>

DPOP-2#57 Warning
MREG Output pipelining  
DSP u_mimo_detector_top/u_gram_matrix_compute/(null)[0].(null)[0].value2__51 multiplier stage u_mimo_detector_top/u_gram_matrix_compute/(null)[0].(null)[0].value2__51/P[47:0] is not pipelined (MREG=0). Pipelining the multiplier function will improve performance and will save significant power so it is suggested whenever possible to fully pipeline this function.  If this multiplier was inferred, it is suggested to describe an additional register stage after this function.  If there is no registered adder/accumulator following the multiply function, two pipeline stages are suggested to allow both the MREG and PREG registers to be used.  If the DSP48 was instantiated in the design, it is suggested to set both the MREG and PREG attributes to 1 when performing multiply functions.
Related violations: <none>

DPOP-2#58 Warning
MREG Output pipelining  
DSP u_mimo_detector_top/u_gram_matrix_compute/(null)[0].(null)[0].value2__53 multiplier stage u_mimo_detector_top/u_gram_matrix_compute/(null)[0].(null)[0].value2__53/P[47:0] is not pipelined (MREG=0). Pipelining the multiplier function will improve performance and will save significant power so it is suggested whenever possible to fully pipeline this function.  If this multiplier was inferred, it is suggested to describe an additional register stage after this function.  If there is no registered adder/accumulator following the multiply function, two pipeline stages are suggested to allow both the MREG and PREG registers to be used.  If the DSP48 was instantiated in the design, it is suggested to set both the MREG and PREG attributes to 1 when performing multiply functions.
Related violations: <none>

DPOP-2#59 Warning
MREG Output pipelining  
DSP u_mimo_detector_top/u_gram_matrix_compute/(null)[0].(null)[0].value2__55 multiplier stage u_mimo_detector_top/u_gram_matrix_compute/(null)[0].(null)[0].value2__55/P[47:0] is not pipelined (MREG=0). Pipelining the multiplier function will improve performance and will save significant power so it is suggested whenever possible to fully pipeline this function.  If this multiplier was inferred, it is suggested to describe an additional register stage after this function.  If there is no registered adder/accumulator following the multiply function, two pipeline stages are suggested to allow both the MREG and PREG registers to be used.  If the DSP48 was instantiated in the design, it is suggested to set both the MREG and PREG attributes to 1 when performing multiply functions.
Related violations: <none>

DPOP-2#60 Warning
MREG Output pipelining  
DSP u_mimo_detector_top/u_gram_matrix_compute/(null)[0].(null)[0].value2__57 multiplier stage u_mimo_detector_top/u_gram_matrix_compute/(null)[0].(null)[0].value2__57/P[47:0] is not pipelined (MREG=0). Pipelining the multiplier function will improve performance and will save significant power so it is suggested whenever possible to fully pipeline this function.  If this multiplier was inferred, it is suggested to describe an additional register stage after this function.  If there is no registered adder/accumulator following the multiply function, two pipeline stages are suggested to allow both the MREG and PREG registers to be used.  If the DSP48 was instantiated in the design, it is suggested to set both the MREG and PREG attributes to 1 when performing multiply functions.
Related violations: <none>

DPOP-2#61 Warning
MREG Output pipelining  
DSP u_mimo_detector_top/u_gram_matrix_compute/(null)[0].(null)[0].value2__59 multiplier stage u_mimo_detector_top/u_gram_matrix_compute/(null)[0].(null)[0].value2__59/P[47:0] is not pipelined (MREG=0). Pipelining the multiplier function will improve performance and will save significant power so it is suggested whenever possible to fully pipeline this function.  If this multiplier was inferred, it is suggested to describe an additional register stage after this function.  If there is no registered adder/accumulator following the multiply function, two pipeline stages are suggested to allow both the MREG and PREG registers to be used.  If the DSP48 was instantiated in the design, it is suggested to set both the MREG and PREG attributes to 1 when performing multiply functions.
Related violations: <none>

DPOP-2#62 Warning
MREG Output pipelining  
DSP u_mimo_detector_top/u_gram_matrix_compute/(null)[0].(null)[0].value2__61 multiplier stage u_mimo_detector_top/u_gram_matrix_compute/(null)[0].(null)[0].value2__61/P[47:0] is not pipelined (MREG=0). Pipelining the multiplier function will improve performance and will save significant power so it is suggested whenever possible to fully pipeline this function.  If this multiplier was inferred, it is suggested to describe an additional register stage after this function.  If there is no registered adder/accumulator following the multiply function, two pipeline stages are suggested to allow both the MREG and PREG registers to be used.  If the DSP48 was instantiated in the design, it is suggested to set both the MREG and PREG attributes to 1 when performing multiply functions.
Related violations: <none>

DPOP-2#63 Warning
MREG Output pipelining  
DSP u_mimo_detector_top/u_gram_matrix_compute/(null)[0].(null)[0].value2__7 multiplier stage u_mimo_detector_top/u_gram_matrix_compute/(null)[0].(null)[0].value2__7/P[47:0] is not pipelined (MREG=0). Pipelining the multiplier function will improve performance and will save significant power so it is suggested whenever possible to fully pipeline this function.  If this multiplier was inferred, it is suggested to describe an additional register stage after this function.  If there is no registered adder/accumulator following the multiply function, two pipeline stages are suggested to allow both the MREG and PREG registers to be used.  If the DSP48 was instantiated in the design, it is suggested to set both the MREG and PREG attributes to 1 when performing multiply functions.
Related violations: <none>

DPOP-2#64 Warning
MREG Output pipelining  
DSP u_mimo_detector_top/u_gram_matrix_compute/(null)[0].(null)[0].value2__9 multiplier stage u_mimo_detector_top/u_gram_matrix_compute/(null)[0].(null)[0].value2__9/P[47:0] is not pipelined (MREG=0). Pipelining the multiplier function will improve performance and will save significant power so it is suggested whenever possible to fully pipeline this function.  If this multiplier was inferred, it is suggested to describe an additional register stage after this function.  If there is no registered adder/accumulator following the multiply function, two pipeline stages are suggested to allow both the MREG and PREG registers to be used.  If the DSP48 was instantiated in the design, it is suggested to set both the MREG and PREG attributes to 1 when performing multiply functions.
Related violations: <none>

DPOP-2#65 Warning
MREG Output pipelining  
DSP u_mimo_detector_top/u_gram_matrix_compute/(null)[0].(null)[0].value3 multiplier stage u_mimo_detector_top/u_gram_matrix_compute/(null)[0].(null)[0].value3/P[47:0] is not pipelined (MREG=0). Pipelining the multiplier function will improve performance and will save significant power so it is suggested whenever possible to fully pipeline this function.  If this multiplier was inferred, it is suggested to describe an additional register stage after this function.  If there is no registered adder/accumulator following the multiply function, two pipeline stages are suggested to allow both the MREG and PREG registers to be used.  If the DSP48 was instantiated in the design, it is suggested to set both the MREG and PREG attributes to 1 when performing multiply functions.
Related violations: <none>

DPOP-2#66 Warning
MREG Output pipelining  
DSP u_mimo_detector_top/u_gram_matrix_compute/(null)[0].(null)[0].value3__1 multiplier stage u_mimo_detector_top/u_gram_matrix_compute/(null)[0].(null)[0].value3__1/P[47:0] is not pipelined (MREG=0). Pipelining the multiplier function will improve performance and will save significant power so it is suggested whenever possible to fully pipeline this function.  If this multiplier was inferred, it is suggested to describe an additional register stage after this function.  If there is no registered adder/accumulator following the multiply function, two pipeline stages are suggested to allow both the MREG and PREG registers to be used.  If the DSP48 was instantiated in the design, it is suggested to set both the MREG and PREG attributes to 1 when performing multiply functions.
Related violations: <none>

DPOP-2#67 Warning
MREG Output pipelining  
DSP u_mimo_detector_top/u_gram_matrix_compute/(null)[0].(null)[0].value3__10 multiplier stage u_mimo_detector_top/u_gram_matrix_compute/(null)[0].(null)[0].value3__10/P[47:0] is not pipelined (MREG=0). Pipelining the multiplier function will improve performance and will save significant power so it is suggested whenever possible to fully pipeline this function.  If this multiplier was inferred, it is suggested to describe an additional register stage after this function.  If there is no registered adder/accumulator following the multiply function, two pipeline stages are suggested to allow both the MREG and PREG registers to be used.  If the DSP48 was instantiated in the design, it is suggested to set both the MREG and PREG attributes to 1 when performing multiply functions.
Related violations: <none>

DPOP-2#68 Warning
MREG Output pipelining  
DSP u_mimo_detector_top/u_gram_matrix_compute/(null)[0].(null)[0].value3__11 multiplier stage u_mimo_detector_top/u_gram_matrix_compute/(null)[0].(null)[0].value3__11/P[47:0] is not pipelined (MREG=0). Pipelining the multiplier function will improve performance and will save significant power so it is suggested whenever possible to fully pipeline this function.  If this multiplier was inferred, it is suggested to describe an additional register stage after this function.  If there is no registered adder/accumulator following the multiply function, two pipeline stages are suggested to allow both the MREG and PREG registers to be used.  If the DSP48 was instantiated in the design, it is suggested to set both the MREG and PREG attributes to 1 when performing multiply functions.
Related violations: <none>

DPOP-2#69 Warning
MREG Output pipelining  
DSP u_mimo_detector_top/u_gram_matrix_compute/(null)[0].(null)[0].value3__13 multiplier stage u_mimo_detector_top/u_gram_matrix_compute/(null)[0].(null)[0].value3__13/P[47:0] is not pipelined (MREG=0). Pipelining the multiplier function will improve performance and will save significant power so it is suggested whenever possible to fully pipeline this function.  If this multiplier was inferred, it is suggested to describe an additional register stage after this function.  If there is no registered adder/accumulator following the multiply function, two pipeline stages are suggested to allow both the MREG and PREG registers to be used.  If the DSP48 was instantiated in the design, it is suggested to set both the MREG and PREG attributes to 1 when performing multiply functions.
Related violations: <none>

DPOP-2#70 Warning
MREG Output pipelining  
DSP u_mimo_detector_top/u_gram_matrix_compute/(null)[0].(null)[0].value3__14 multiplier stage u_mimo_detector_top/u_gram_matrix_compute/(null)[0].(null)[0].value3__14/P[47:0] is not pipelined (MREG=0). Pipelining the multiplier function will improve performance and will save significant power so it is suggested whenever possible to fully pipeline this function.  If this multiplier was inferred, it is suggested to describe an additional register stage after this function.  If there is no registered adder/accumulator following the multiply function, two pipeline stages are suggested to allow both the MREG and PREG registers to be used.  If the DSP48 was instantiated in the design, it is suggested to set both the MREG and PREG attributes to 1 when performing multiply functions.
Related violations: <none>

DPOP-2#71 Warning
MREG Output pipelining  
DSP u_mimo_detector_top/u_gram_matrix_compute/(null)[0].(null)[0].value3__16 multiplier stage u_mimo_detector_top/u_gram_matrix_compute/(null)[0].(null)[0].value3__16/P[47:0] is not pipelined (MREG=0). Pipelining the multiplier function will improve performance and will save significant power so it is suggested whenever possible to fully pipeline this function.  If this multiplier was inferred, it is suggested to describe an additional register stage after this function.  If there is no registered adder/accumulator following the multiply function, two pipeline stages are suggested to allow both the MREG and PREG registers to be used.  If the DSP48 was instantiated in the design, it is suggested to set both the MREG and PREG attributes to 1 when performing multiply functions.
Related violations: <none>

DPOP-2#72 Warning
MREG Output pipelining  
DSP u_mimo_detector_top/u_gram_matrix_compute/(null)[0].(null)[0].value3__17 multiplier stage u_mimo_detector_top/u_gram_matrix_compute/(null)[0].(null)[0].value3__17/P[47:0] is not pipelined (MREG=0). Pipelining the multiplier function will improve performance and will save significant power so it is suggested whenever possible to fully pipeline this function.  If this multiplier was inferred, it is suggested to describe an additional register stage after this function.  If there is no registered adder/accumulator following the multiply function, two pipeline stages are suggested to allow both the MREG and PREG registers to be used.  If the DSP48 was instantiated in the design, it is suggested to set both the MREG and PREG attributes to 1 when performing multiply functions.
Related violations: <none>

DPOP-2#73 Warning
MREG Output pipelining  
DSP u_mimo_detector_top/u_gram_matrix_compute/(null)[0].(null)[0].value3__19 multiplier stage u_mimo_detector_top/u_gram_matrix_compute/(null)[0].(null)[0].value3__19/P[47:0] is not pipelined (MREG=0). Pipelining the multiplier function will improve performance and will save significant power so it is suggested whenever possible to fully pipeline this function.  If this multiplier was inferred, it is suggested to describe an additional register stage after this function.  If there is no registered adder/accumulator following the multiply function, two pipeline stages are suggested to allow both the MREG and PREG registers to be used.  If the DSP48 was instantiated in the design, it is suggested to set both the MREG and PREG attributes to 1 when performing multiply functions.
Related violations: <none>

DPOP-2#74 Warning
MREG Output pipelining  
DSP u_mimo_detector_top/u_gram_matrix_compute/(null)[0].(null)[0].value3__2 multiplier stage u_mimo_detector_top/u_gram_matrix_compute/(null)[0].(null)[0].value3__2/P[47:0] is not pipelined (MREG=0). Pipelining the multiplier function will improve performance and will save significant power so it is suggested whenever possible to fully pipeline this function.  If this multiplier was inferred, it is suggested to describe an additional register stage after this function.  If there is no registered adder/accumulator following the multiply function, two pipeline stages are suggested to allow both the MREG and PREG registers to be used.  If the DSP48 was instantiated in the design, it is suggested to set both the MREG and PREG attributes to 1 when performing multiply functions.
Related violations: <none>

DPOP-2#75 Warning
MREG Output pipelining  
DSP u_mimo_detector_top/u_gram_matrix_compute/(null)[0].(null)[0].value3__20 multiplier stage u_mimo_detector_top/u_gram_matrix_compute/(null)[0].(null)[0].value3__20/P[47:0] is not pipelined (MREG=0). Pipelining the multiplier function will improve performance and will save significant power so it is suggested whenever possible to fully pipeline this function.  If this multiplier was inferred, it is suggested to describe an additional register stage after this function.  If there is no registered adder/accumulator following the multiply function, two pipeline stages are suggested to allow both the MREG and PREG registers to be used.  If the DSP48 was instantiated in the design, it is suggested to set both the MREG and PREG attributes to 1 when performing multiply functions.
Related violations: <none>

DPOP-2#76 Warning
MREG Output pipelining  
DSP u_mimo_detector_top/u_gram_matrix_compute/(null)[0].(null)[0].value3__22 multiplier stage u_mimo_detector_top/u_gram_matrix_compute/(null)[0].(null)[0].value3__22/P[47:0] is not pipelined (MREG=0). Pipelining the multiplier function will improve performance and will save significant power so it is suggested whenever possible to fully pipeline this function.  If this multiplier was inferred, it is suggested to describe an additional register stage after this function.  If there is no registered adder/accumulator following the multiply function, two pipeline stages are suggested to allow both the MREG and PREG registers to be used.  If the DSP48 was instantiated in the design, it is suggested to set both the MREG and PREG attributes to 1 when performing multiply functions.
Related violations: <none>

DPOP-2#77 Warning
MREG Output pipelining  
DSP u_mimo_detector_top/u_gram_matrix_compute/(null)[0].(null)[0].value3__23 multiplier stage u_mimo_detector_top/u_gram_matrix_compute/(null)[0].(null)[0].value3__23/P[47:0] is not pipelined (MREG=0). Pipelining the multiplier function will improve performance and will save significant power so it is suggested whenever possible to fully pipeline this function.  If this multiplier was inferred, it is suggested to describe an additional register stage after this function.  If there is no registered adder/accumulator following the multiply function, two pipeline stages are suggested to allow both the MREG and PREG registers to be used.  If the DSP48 was instantiated in the design, it is suggested to set both the MREG and PREG attributes to 1 when performing multiply functions.
Related violations: <none>

DPOP-2#78 Warning
MREG Output pipelining  
DSP u_mimo_detector_top/u_gram_matrix_compute/(null)[0].(null)[0].value3__25 multiplier stage u_mimo_detector_top/u_gram_matrix_compute/(null)[0].(null)[0].value3__25/P[47:0] is not pipelined (MREG=0). Pipelining the multiplier function will improve performance and will save significant power so it is suggested whenever possible to fully pipeline this function.  If this multiplier was inferred, it is suggested to describe an additional register stage after this function.  If there is no registered adder/accumulator following the multiply function, two pipeline stages are suggested to allow both the MREG and PREG registers to be used.  If the DSP48 was instantiated in the design, it is suggested to set both the MREG and PREG attributes to 1 when performing multiply functions.
Related violations: <none>

DPOP-2#79 Warning
MREG Output pipelining  
DSP u_mimo_detector_top/u_gram_matrix_compute/(null)[0].(null)[0].value3__26 multiplier stage u_mimo_detector_top/u_gram_matrix_compute/(null)[0].(null)[0].value3__26/P[47:0] is not pipelined (MREG=0). Pipelining the multiplier function will improve performance and will save significant power so it is suggested whenever possible to fully pipeline this function.  If this multiplier was inferred, it is suggested to describe an additional register stage after this function.  If there is no registered adder/accumulator following the multiply function, two pipeline stages are suggested to allow both the MREG and PREG registers to be used.  If the DSP48 was instantiated in the design, it is suggested to set both the MREG and PREG attributes to 1 when performing multiply functions.
Related violations: <none>

DPOP-2#80 Warning
MREG Output pipelining  
DSP u_mimo_detector_top/u_gram_matrix_compute/(null)[0].(null)[0].value3__28 multiplier stage u_mimo_detector_top/u_gram_matrix_compute/(null)[0].(null)[0].value3__28/P[47:0] is not pipelined (MREG=0). Pipelining the multiplier function will improve performance and will save significant power so it is suggested whenever possible to fully pipeline this function.  If this multiplier was inferred, it is suggested to describe an additional register stage after this function.  If there is no registered adder/accumulator following the multiply function, two pipeline stages are suggested to allow both the MREG and PREG registers to be used.  If the DSP48 was instantiated in the design, it is suggested to set both the MREG and PREG attributes to 1 when performing multiply functions.
Related violations: <none>

DPOP-2#81 Warning
MREG Output pipelining  
DSP u_mimo_detector_top/u_gram_matrix_compute/(null)[0].(null)[0].value3__29 multiplier stage u_mimo_detector_top/u_gram_matrix_compute/(null)[0].(null)[0].value3__29/P[47:0] is not pipelined (MREG=0). Pipelining the multiplier function will improve performance and will save significant power so it is suggested whenever possible to fully pipeline this function.  If this multiplier was inferred, it is suggested to describe an additional register stage after this function.  If there is no registered adder/accumulator following the multiply function, two pipeline stages are suggested to allow both the MREG and PREG registers to be used.  If the DSP48 was instantiated in the design, it is suggested to set both the MREG and PREG attributes to 1 when performing multiply functions.
Related violations: <none>

DPOP-2#82 Warning
MREG Output pipelining  
DSP u_mimo_detector_top/u_gram_matrix_compute/(null)[0].(null)[0].value3__31 multiplier stage u_mimo_detector_top/u_gram_matrix_compute/(null)[0].(null)[0].value3__31/P[47:0] is not pipelined (MREG=0). Pipelining the multiplier function will improve performance and will save significant power so it is suggested whenever possible to fully pipeline this function.  If this multiplier was inferred, it is suggested to describe an additional register stage after this function.  If there is no registered adder/accumulator following the multiply function, two pipeline stages are suggested to allow both the MREG and PREG registers to be used.  If the DSP48 was instantiated in the design, it is suggested to set both the MREG and PREG attributes to 1 when performing multiply functions.
Related violations: <none>

DPOP-2#83 Warning
MREG Output pipelining  
DSP u_mimo_detector_top/u_gram_matrix_compute/(null)[0].(null)[0].value3__32 multiplier stage u_mimo_detector_top/u_gram_matrix_compute/(null)[0].(null)[0].value3__32/P[47:0] is not pipelined (MREG=0). Pipelining the multiplier function will improve performance and will save significant power so it is suggested whenever possible to fully pipeline this function.  If this multiplier was inferred, it is suggested to describe an additional register stage after this function.  If there is no registered adder/accumulator following the multiply function, two pipeline stages are suggested to allow both the MREG and PREG registers to be used.  If the DSP48 was instantiated in the design, it is suggested to set both the MREG and PREG attributes to 1 when performing multiply functions.
Related violations: <none>

DPOP-2#84 Warning
MREG Output pipelining  
DSP u_mimo_detector_top/u_gram_matrix_compute/(null)[0].(null)[0].value3__34 multiplier stage u_mimo_detector_top/u_gram_matrix_compute/(null)[0].(null)[0].value3__34/P[47:0] is not pipelined (MREG=0). Pipelining the multiplier function will improve performance and will save significant power so it is suggested whenever possible to fully pipeline this function.  If this multiplier was inferred, it is suggested to describe an additional register stage after this function.  If there is no registered adder/accumulator following the multiply function, two pipeline stages are suggested to allow both the MREG and PREG registers to be used.  If the DSP48 was instantiated in the design, it is suggested to set both the MREG and PREG attributes to 1 when performing multiply functions.
Related violations: <none>

DPOP-2#85 Warning
MREG Output pipelining  
DSP u_mimo_detector_top/u_gram_matrix_compute/(null)[0].(null)[0].value3__35 multiplier stage u_mimo_detector_top/u_gram_matrix_compute/(null)[0].(null)[0].value3__35/P[47:0] is not pipelined (MREG=0). Pipelining the multiplier function will improve performance and will save significant power so it is suggested whenever possible to fully pipeline this function.  If this multiplier was inferred, it is suggested to describe an additional register stage after this function.  If there is no registered adder/accumulator following the multiply function, two pipeline stages are suggested to allow both the MREG and PREG registers to be used.  If the DSP48 was instantiated in the design, it is suggested to set both the MREG and PREG attributes to 1 when performing multiply functions.
Related violations: <none>

DPOP-2#86 Warning
MREG Output pipelining  
DSP u_mimo_detector_top/u_gram_matrix_compute/(null)[0].(null)[0].value3__37 multiplier stage u_mimo_detector_top/u_gram_matrix_compute/(null)[0].(null)[0].value3__37/P[47:0] is not pipelined (MREG=0). Pipelining the multiplier function will improve performance and will save significant power so it is suggested whenever possible to fully pipeline this function.  If this multiplier was inferred, it is suggested to describe an additional register stage after this function.  If there is no registered adder/accumulator following the multiply function, two pipeline stages are suggested to allow both the MREG and PREG registers to be used.  If the DSP48 was instantiated in the design, it is suggested to set both the MREG and PREG attributes to 1 when performing multiply functions.
Related violations: <none>

DPOP-2#87 Warning
MREG Output pipelining  
DSP u_mimo_detector_top/u_gram_matrix_compute/(null)[0].(null)[0].value3__38 multiplier stage u_mimo_detector_top/u_gram_matrix_compute/(null)[0].(null)[0].value3__38/P[47:0] is not pipelined (MREG=0). Pipelining the multiplier function will improve performance and will save significant power so it is suggested whenever possible to fully pipeline this function.  If this multiplier was inferred, it is suggested to describe an additional register stage after this function.  If there is no registered adder/accumulator following the multiply function, two pipeline stages are suggested to allow both the MREG and PREG registers to be used.  If the DSP48 was instantiated in the design, it is suggested to set both the MREG and PREG attributes to 1 when performing multiply functions.
Related violations: <none>

DPOP-2#88 Warning
MREG Output pipelining  
DSP u_mimo_detector_top/u_gram_matrix_compute/(null)[0].(null)[0].value3__4 multiplier stage u_mimo_detector_top/u_gram_matrix_compute/(null)[0].(null)[0].value3__4/P[47:0] is not pipelined (MREG=0). Pipelining the multiplier function will improve performance and will save significant power so it is suggested whenever possible to fully pipeline this function.  If this multiplier was inferred, it is suggested to describe an additional register stage after this function.  If there is no registered adder/accumulator following the multiply function, two pipeline stages are suggested to allow both the MREG and PREG registers to be used.  If the DSP48 was instantiated in the design, it is suggested to set both the MREG and PREG attributes to 1 when performing multiply functions.
Related violations: <none>

DPOP-2#89 Warning
MREG Output pipelining  
DSP u_mimo_detector_top/u_gram_matrix_compute/(null)[0].(null)[0].value3__40 multiplier stage u_mimo_detector_top/u_gram_matrix_compute/(null)[0].(null)[0].value3__40/P[47:0] is not pipelined (MREG=0). Pipelining the multiplier function will improve performance and will save significant power so it is suggested whenever possible to fully pipeline this function.  If this multiplier was inferred, it is suggested to describe an additional register stage after this function.  If there is no registered adder/accumulator following the multiply function, two pipeline stages are suggested to allow both the MREG and PREG registers to be used.  If the DSP48 was instantiated in the design, it is suggested to set both the MREG and PREG attributes to 1 when performing multiply functions.
Related violations: <none>

DPOP-2#90 Warning
MREG Output pipelining  
DSP u_mimo_detector_top/u_gram_matrix_compute/(null)[0].(null)[0].value3__41 multiplier stage u_mimo_detector_top/u_gram_matrix_compute/(null)[0].(null)[0].value3__41/P[47:0] is not pipelined (MREG=0). Pipelining the multiplier function will improve performance and will save significant power so it is suggested whenever possible to fully pipeline this function.  If this multiplier was inferred, it is suggested to describe an additional register stage after this function.  If there is no registered adder/accumulator following the multiply function, two pipeline stages are suggested to allow both the MREG and PREG registers to be used.  If the DSP48 was instantiated in the design, it is suggested to set both the MREG and PREG attributes to 1 when performing multiply functions.
Related violations: <none>

DPOP-2#91 Warning
MREG Output pipelining  
DSP u_mimo_detector_top/u_gram_matrix_compute/(null)[0].(null)[0].value3__43 multiplier stage u_mimo_detector_top/u_gram_matrix_compute/(null)[0].(null)[0].value3__43/P[47:0] is not pipelined (MREG=0). Pipelining the multiplier function will improve performance and will save significant power so it is suggested whenever possible to fully pipeline this function.  If this multiplier was inferred, it is suggested to describe an additional register stage after this function.  If there is no registered adder/accumulator following the multiply function, two pipeline stages are suggested to allow both the MREG and PREG registers to be used.  If the DSP48 was instantiated in the design, it is suggested to set both the MREG and PREG attributes to 1 when performing multiply functions.
Related violations: <none>

DPOP-2#92 Warning
MREG Output pipelining  
DSP u_mimo_detector_top/u_gram_matrix_compute/(null)[0].(null)[0].value3__44 multiplier stage u_mimo_detector_top/u_gram_matrix_compute/(null)[0].(null)[0].value3__44/P[47:0] is not pipelined (MREG=0). Pipelining the multiplier function will improve performance and will save significant power so it is suggested whenever possible to fully pipeline this function.  If this multiplier was inferred, it is suggested to describe an additional register stage after this function.  If there is no registered adder/accumulator following the multiply function, two pipeline stages are suggested to allow both the MREG and PREG registers to be used.  If the DSP48 was instantiated in the design, it is suggested to set both the MREG and PREG attributes to 1 when performing multiply functions.
Related violations: <none>

DPOP-2#93 Warning
MREG Output pipelining  
DSP u_mimo_detector_top/u_gram_matrix_compute/(null)[0].(null)[0].value3__46 multiplier stage u_mimo_detector_top/u_gram_matrix_compute/(null)[0].(null)[0].value3__46/P[47:0] is not pipelined (MREG=0). Pipelining the multiplier function will improve performance and will save significant power so it is suggested whenever possible to fully pipeline this function.  If this multiplier was inferred, it is suggested to describe an additional register stage after this function.  If there is no registered adder/accumulator following the multiply function, two pipeline stages are suggested to allow both the MREG and PREG registers to be used.  If the DSP48 was instantiated in the design, it is suggested to set both the MREG and PREG attributes to 1 when performing multiply functions.
Related violations: <none>

DPOP-2#94 Warning
MREG Output pipelining  
DSP u_mimo_detector_top/u_gram_matrix_compute/(null)[0].(null)[0].value3__47 multiplier stage u_mimo_detector_top/u_gram_matrix_compute/(null)[0].(null)[0].value3__47/P[47:0] is not pipelined (MREG=0). Pipelining the multiplier function will improve performance and will save significant power so it is suggested whenever possible to fully pipeline this function.  If this multiplier was inferred, it is suggested to describe an additional register stage after this function.  If there is no registered adder/accumulator following the multiply function, two pipeline stages are suggested to allow both the MREG and PREG registers to be used.  If the DSP48 was instantiated in the design, it is suggested to set both the MREG and PREG attributes to 1 when performing multiply functions.
Related violations: <none>

DPOP-2#95 Warning
MREG Output pipelining  
DSP u_mimo_detector_top/u_gram_matrix_compute/(null)[0].(null)[0].value3__49 multiplier stage u_mimo_detector_top/u_gram_matrix_compute/(null)[0].(null)[0].value3__49/P[47:0] is not pipelined (MREG=0). Pipelining the multiplier function will improve performance and will save significant power so it is suggested whenever possible to fully pipeline this function.  If this multiplier was inferred, it is suggested to describe an additional register stage after this function.  If there is no registered adder/accumulator following the multiply function, two pipeline stages are suggested to allow both the MREG and PREG registers to be used.  If the DSP48 was instantiated in the design, it is suggested to set both the MREG and PREG attributes to 1 when performing multiply functions.
Related violations: <none>

DPOP-2#96 Warning
MREG Output pipelining  
DSP u_mimo_detector_top/u_gram_matrix_compute/(null)[0].(null)[0].value3__5 multiplier stage u_mimo_detector_top/u_gram_matrix_compute/(null)[0].(null)[0].value3__5/P[47:0] is not pipelined (MREG=0). Pipelining the multiplier function will improve performance and will save significant power so it is suggested whenever possible to fully pipeline this function.  If this multiplier was inferred, it is suggested to describe an additional register stage after this function.  If there is no registered adder/accumulator following the multiply function, two pipeline stages are suggested to allow both the MREG and PREG registers to be used.  If the DSP48 was instantiated in the design, it is suggested to set both the MREG and PREG attributes to 1 when performing multiply functions.
Related violations: <none>

DPOP-2#97 Warning
MREG Output pipelining  
DSP u_mimo_detector_top/u_gram_matrix_compute/(null)[0].(null)[0].value3__50 multiplier stage u_mimo_detector_top/u_gram_matrix_compute/(null)[0].(null)[0].value3__50/P[47:0] is not pipelined (MREG=0). Pipelining the multiplier function will improve performance and will save significant power so it is suggested whenever possible to fully pipeline this function.  If this multiplier was inferred, it is suggested to describe an additional register stage after this function.  If there is no registered adder/accumulator following the multiply function, two pipeline stages are suggested to allow both the MREG and PREG registers to be used.  If the DSP48 was instantiated in the design, it is suggested to set both the MREG and PREG attributes to 1 when performing multiply functions.
Related violations: <none>

DPOP-2#98 Warning
MREG Output pipelining  
DSP u_mimo_detector_top/u_gram_matrix_compute/(null)[0].(null)[0].value3__52 multiplier stage u_mimo_detector_top/u_gram_matrix_compute/(null)[0].(null)[0].value3__52/P[47:0] is not pipelined (MREG=0). Pipelining the multiplier function will improve performance and will save significant power so it is suggested whenever possible to fully pipeline this function.  If this multiplier was inferred, it is suggested to describe an additional register stage after this function.  If there is no registered adder/accumulator following the multiply function, two pipeline stages are suggested to allow both the MREG and PREG registers to be used.  If the DSP48 was instantiated in the design, it is suggested to set both the MREG and PREG attributes to 1 when performing multiply functions.
Related violations: <none>

DPOP-2#99 Warning
MREG Output pipelining  
DSP u_mimo_detector_top/u_gram_matrix_compute/(null)[0].(null)[0].value3__53 multiplier stage u_mimo_detector_top/u_gram_matrix_compute/(null)[0].(null)[0].value3__53/P[47:0] is not pipelined (MREG=0). Pipelining the multiplier function will improve performance and will save significant power so it is suggested whenever possible to fully pipeline this function.  If this multiplier was inferred, it is suggested to describe an additional register stage after this function.  If there is no registered adder/accumulator following the multiply function, two pipeline stages are suggested to allow both the MREG and PREG registers to be used.  If the DSP48 was instantiated in the design, it is suggested to set both the MREG and PREG attributes to 1 when performing multiply functions.
Related violations: <none>

DPOP-2#100 Warning
MREG Output pipelining  
DSP u_mimo_detector_top/u_gram_matrix_compute/(null)[0].(null)[0].value3__55 multiplier stage u_mimo_detector_top/u_gram_matrix_compute/(null)[0].(null)[0].value3__55/P[47:0] is not pipelined (MREG=0). Pipelining the multiplier function will improve performance and will save significant power so it is suggested whenever possible to fully pipeline this function.  If this multiplier was inferred, it is suggested to describe an additional register stage after this function.  If there is no registered adder/accumulator following the multiply function, two pipeline stages are suggested to allow both the MREG and PREG registers to be used.  If the DSP48 was instantiated in the design, it is suggested to set both the MREG and PREG attributes to 1 when performing multiply functions.
Related violations: <none>

DPOP-2#101 Warning
MREG Output pipelining  
DSP u_mimo_detector_top/u_gram_matrix_compute/(null)[0].(null)[0].value3__56 multiplier stage u_mimo_detector_top/u_gram_matrix_compute/(null)[0].(null)[0].value3__56/P[47:0] is not pipelined (MREG=0). Pipelining the multiplier function will improve performance and will save significant power so it is suggested whenever possible to fully pipeline this function.  If this multiplier was inferred, it is suggested to describe an additional register stage after this function.  If there is no registered adder/accumulator following the multiply function, two pipeline stages are suggested to allow both the MREG and PREG registers to be used.  If the DSP48 was instantiated in the design, it is suggested to set both the MREG and PREG attributes to 1 when performing multiply functions.
Related violations: <none>

DPOP-2#102 Warning
MREG Output pipelining  
DSP u_mimo_detector_top/u_gram_matrix_compute/(null)[0].(null)[0].value3__58 multiplier stage u_mimo_detector_top/u_gram_matrix_compute/(null)[0].(null)[0].value3__58/P[47:0] is not pipelined (MREG=0). Pipelining the multiplier function will improve performance and will save significant power so it is suggested whenever possible to fully pipeline this function.  If this multiplier was inferred, it is suggested to describe an additional register stage after this function.  If there is no registered adder/accumulator following the multiply function, two pipeline stages are suggested to allow both the MREG and PREG registers to be used.  If the DSP48 was instantiated in the design, it is suggested to set both the MREG and PREG attributes to 1 when performing multiply functions.
Related violations: <none>

DPOP-2#103 Warning
MREG Output pipelining  
DSP u_mimo_detector_top/u_gram_matrix_compute/(null)[0].(null)[0].value3__59 multiplier stage u_mimo_detector_top/u_gram_matrix_compute/(null)[0].(null)[0].value3__59/P[47:0] is not pipelined (MREG=0). Pipelining the multiplier function will improve performance and will save significant power so it is suggested whenever possible to fully pipeline this function.  If this multiplier was inferred, it is suggested to describe an additional register stage after this function.  If there is no registered adder/accumulator following the multiply function, two pipeline stages are suggested to allow both the MREG and PREG registers to be used.  If the DSP48 was instantiated in the design, it is suggested to set both the MREG and PREG attributes to 1 when performing multiply functions.
Related violations: <none>

DPOP-2#104 Warning
MREG Output pipelining  
DSP u_mimo_detector_top/u_gram_matrix_compute/(null)[0].(null)[0].value3__61 multiplier stage u_mimo_detector_top/u_gram_matrix_compute/(null)[0].(null)[0].value3__61/P[47:0] is not pipelined (MREG=0). Pipelining the multiplier function will improve performance and will save significant power so it is suggested whenever possible to fully pipeline this function.  If this multiplier was inferred, it is suggested to describe an additional register stage after this function.  If there is no registered adder/accumulator following the multiply function, two pipeline stages are suggested to allow both the MREG and PREG registers to be used.  If the DSP48 was instantiated in the design, it is suggested to set both the MREG and PREG attributes to 1 when performing multiply functions.
Related violations: <none>

DPOP-2#105 Warning
MREG Output pipelining  
DSP u_mimo_detector_top/u_gram_matrix_compute/(null)[0].(null)[0].value3__62 multiplier stage u_mimo_detector_top/u_gram_matrix_compute/(null)[0].(null)[0].value3__62/P[47:0] is not pipelined (MREG=0). Pipelining the multiplier function will improve performance and will save significant power so it is suggested whenever possible to fully pipeline this function.  If this multiplier was inferred, it is suggested to describe an additional register stage after this function.  If there is no registered adder/accumulator following the multiply function, two pipeline stages are suggested to allow both the MREG and PREG registers to be used.  If the DSP48 was instantiated in the design, it is suggested to set both the MREG and PREG attributes to 1 when performing multiply functions.
Related violations: <none>

DPOP-2#106 Warning
MREG Output pipelining  
DSP u_mimo_detector_top/u_gram_matrix_compute/(null)[0].(null)[0].value3__64 multiplier stage u_mimo_detector_top/u_gram_matrix_compute/(null)[0].(null)[0].value3__64/P[47:0] is not pipelined (MREG=0). Pipelining the multiplier function will improve performance and will save significant power so it is suggested whenever possible to fully pipeline this function.  If this multiplier was inferred, it is suggested to describe an additional register stage after this function.  If there is no registered adder/accumulator following the multiply function, two pipeline stages are suggested to allow both the MREG and PREG registers to be used.  If the DSP48 was instantiated in the design, it is suggested to set both the MREG and PREG attributes to 1 when performing multiply functions.
Related violations: <none>

DPOP-2#107 Warning
MREG Output pipelining  
DSP u_mimo_detector_top/u_gram_matrix_compute/(null)[0].(null)[0].value3__65 multiplier stage u_mimo_detector_top/u_gram_matrix_compute/(null)[0].(null)[0].value3__65/P[47:0] is not pipelined (MREG=0). Pipelining the multiplier function will improve performance and will save significant power so it is suggested whenever possible to fully pipeline this function.  If this multiplier was inferred, it is suggested to describe an additional register stage after this function.  If there is no registered adder/accumulator following the multiply function, two pipeline stages are suggested to allow both the MREG and PREG registers to be used.  If the DSP48 was instantiated in the design, it is suggested to set both the MREG and PREG attributes to 1 when performing multiply functions.
Related violations: <none>

DPOP-2#108 Warning
MREG Output pipelining  
DSP u_mimo_detector_top/u_gram_matrix_compute/(null)[0].(null)[0].value3__67 multiplier stage u_mimo_detector_top/u_gram_matrix_compute/(null)[0].(null)[0].value3__67/P[47:0] is not pipelined (MREG=0). Pipelining the multiplier function will improve performance and will save significant power so it is suggested whenever possible to fully pipeline this function.  If this multiplier was inferred, it is suggested to describe an additional register stage after this function.  If there is no registered adder/accumulator following the multiply function, two pipeline stages are suggested to allow both the MREG and PREG registers to be used.  If the DSP48 was instantiated in the design, it is suggested to set both the MREG and PREG attributes to 1 when performing multiply functions.
Related violations: <none>

DPOP-2#109 Warning
MREG Output pipelining  
DSP u_mimo_detector_top/u_gram_matrix_compute/(null)[0].(null)[0].value3__68 multiplier stage u_mimo_detector_top/u_gram_matrix_compute/(null)[0].(null)[0].value3__68/P[47:0] is not pipelined (MREG=0). Pipelining the multiplier function will improve performance and will save significant power so it is suggested whenever possible to fully pipeline this function.  If this multiplier was inferred, it is suggested to describe an additional register stage after this function.  If there is no registered adder/accumulator following the multiply function, two pipeline stages are suggested to allow both the MREG and PREG registers to be used.  If the DSP48 was instantiated in the design, it is suggested to set both the MREG and PREG attributes to 1 when performing multiply functions.
Related violations: <none>

DPOP-2#110 Warning
MREG Output pipelining  
DSP u_mimo_detector_top/u_gram_matrix_compute/(null)[0].(null)[0].value3__7 multiplier stage u_mimo_detector_top/u_gram_matrix_compute/(null)[0].(null)[0].value3__7/P[47:0] is not pipelined (MREG=0). Pipelining the multiplier function will improve performance and will save significant power so it is suggested whenever possible to fully pipeline this function.  If this multiplier was inferred, it is suggested to describe an additional register stage after this function.  If there is no registered adder/accumulator following the multiply function, two pipeline stages are suggested to allow both the MREG and PREG registers to be used.  If the DSP48 was instantiated in the design, it is suggested to set both the MREG and PREG attributes to 1 when performing multiply functions.
Related violations: <none>

DPOP-2#111 Warning
MREG Output pipelining  
DSP u_mimo_detector_top/u_gram_matrix_compute/(null)[0].(null)[0].value3__70 multiplier stage u_mimo_detector_top/u_gram_matrix_compute/(null)[0].(null)[0].value3__70/P[47:0] is not pipelined (MREG=0). Pipelining the multiplier function will improve performance and will save significant power so it is suggested whenever possible to fully pipeline this function.  If this multiplier was inferred, it is suggested to describe an additional register stage after this function.  If there is no registered adder/accumulator following the multiply function, two pipeline stages are suggested to allow both the MREG and PREG registers to be used.  If the DSP48 was instantiated in the design, it is suggested to set both the MREG and PREG attributes to 1 when performing multiply functions.
Related violations: <none>

DPOP-2#112 Warning
MREG Output pipelining  
DSP u_mimo_detector_top/u_gram_matrix_compute/(null)[0].(null)[0].value3__71 multiplier stage u_mimo_detector_top/u_gram_matrix_compute/(null)[0].(null)[0].value3__71/P[47:0] is not pipelined (MREG=0). Pipelining the multiplier function will improve performance and will save significant power so it is suggested whenever possible to fully pipeline this function.  If this multiplier was inferred, it is suggested to describe an additional register stage after this function.  If there is no registered adder/accumulator following the multiply function, two pipeline stages are suggested to allow both the MREG and PREG registers to be used.  If the DSP48 was instantiated in the design, it is suggested to set both the MREG and PREG attributes to 1 when performing multiply functions.
Related violations: <none>

DPOP-2#113 Warning
MREG Output pipelining  
DSP u_mimo_detector_top/u_gram_matrix_compute/(null)[0].(null)[0].value3__73 multiplier stage u_mimo_detector_top/u_gram_matrix_compute/(null)[0].(null)[0].value3__73/P[47:0] is not pipelined (MREG=0). Pipelining the multiplier function will improve performance and will save significant power so it is suggested whenever possible to fully pipeline this function.  If this multiplier was inferred, it is suggested to describe an additional register stage after this function.  If there is no registered adder/accumulator following the multiply function, two pipeline stages are suggested to allow both the MREG and PREG registers to be used.  If the DSP48 was instantiated in the design, it is suggested to set both the MREG and PREG attributes to 1 when performing multiply functions.
Related violations: <none>

DPOP-2#114 Warning
MREG Output pipelining  
DSP u_mimo_detector_top/u_gram_matrix_compute/(null)[0].(null)[0].value3__74 multiplier stage u_mimo_detector_top/u_gram_matrix_compute/(null)[0].(null)[0].value3__74/P[47:0] is not pipelined (MREG=0). Pipelining the multiplier function will improve performance and will save significant power so it is suggested whenever possible to fully pipeline this function.  If this multiplier was inferred, it is suggested to describe an additional register stage after this function.  If there is no registered adder/accumulator following the multiply function, two pipeline stages are suggested to allow both the MREG and PREG registers to be used.  If the DSP48 was instantiated in the design, it is suggested to set both the MREG and PREG attributes to 1 when performing multiply functions.
Related violations: <none>

DPOP-2#115 Warning
MREG Output pipelining  
DSP u_mimo_detector_top/u_gram_matrix_compute/(null)[0].(null)[0].value3__76 multiplier stage u_mimo_detector_top/u_gram_matrix_compute/(null)[0].(null)[0].value3__76/P[47:0] is not pipelined (MREG=0). Pipelining the multiplier function will improve performance and will save significant power so it is suggested whenever possible to fully pipeline this function.  If this multiplier was inferred, it is suggested to describe an additional register stage after this function.  If there is no registered adder/accumulator following the multiply function, two pipeline stages are suggested to allow both the MREG and PREG registers to be used.  If the DSP48 was instantiated in the design, it is suggested to set both the MREG and PREG attributes to 1 when performing multiply functions.
Related violations: <none>

DPOP-2#116 Warning
MREG Output pipelining  
DSP u_mimo_detector_top/u_gram_matrix_compute/(null)[0].(null)[0].value3__77 multiplier stage u_mimo_detector_top/u_gram_matrix_compute/(null)[0].(null)[0].value3__77/P[47:0] is not pipelined (MREG=0). Pipelining the multiplier function will improve performance and will save significant power so it is suggested whenever possible to fully pipeline this function.  If this multiplier was inferred, it is suggested to describe an additional register stage after this function.  If there is no registered adder/accumulator following the multiply function, two pipeline stages are suggested to allow both the MREG and PREG registers to be used.  If the DSP48 was instantiated in the design, it is suggested to set both the MREG and PREG attributes to 1 when performing multiply functions.
Related violations: <none>

DPOP-2#117 Warning
MREG Output pipelining  
DSP u_mimo_detector_top/u_gram_matrix_compute/(null)[0].(null)[0].value3__79 multiplier stage u_mimo_detector_top/u_gram_matrix_compute/(null)[0].(null)[0].value3__79/P[47:0] is not pipelined (MREG=0). Pipelining the multiplier function will improve performance and will save significant power so it is suggested whenever possible to fully pipeline this function.  If this multiplier was inferred, it is suggested to describe an additional register stage after this function.  If there is no registered adder/accumulator following the multiply function, two pipeline stages are suggested to allow both the MREG and PREG registers to be used.  If the DSP48 was instantiated in the design, it is suggested to set both the MREG and PREG attributes to 1 when performing multiply functions.
Related violations: <none>

DPOP-2#118 Warning
MREG Output pipelining  
DSP u_mimo_detector_top/u_gram_matrix_compute/(null)[0].(null)[0].value3__8 multiplier stage u_mimo_detector_top/u_gram_matrix_compute/(null)[0].(null)[0].value3__8/P[47:0] is not pipelined (MREG=0). Pipelining the multiplier function will improve performance and will save significant power so it is suggested whenever possible to fully pipeline this function.  If this multiplier was inferred, it is suggested to describe an additional register stage after this function.  If there is no registered adder/accumulator following the multiply function, two pipeline stages are suggested to allow both the MREG and PREG registers to be used.  If the DSP48 was instantiated in the design, it is suggested to set both the MREG and PREG attributes to 1 when performing multiply functions.
Related violations: <none>

DPOP-2#119 Warning
MREG Output pipelining  
DSP u_mimo_detector_top/u_gram_matrix_compute/(null)[0].(null)[0].value3__80 multiplier stage u_mimo_detector_top/u_gram_matrix_compute/(null)[0].(null)[0].value3__80/P[47:0] is not pipelined (MREG=0). Pipelining the multiplier function will improve performance and will save significant power so it is suggested whenever possible to fully pipeline this function.  If this multiplier was inferred, it is suggested to describe an additional register stage after this function.  If there is no registered adder/accumulator following the multiply function, two pipeline stages are suggested to allow both the MREG and PREG registers to be used.  If the DSP48 was instantiated in the design, it is suggested to set both the MREG and PREG attributes to 1 when performing multiply functions.
Related violations: <none>

DPOP-2#120 Warning
MREG Output pipelining  
DSP u_mimo_detector_top/u_gram_matrix_compute/(null)[0].(null)[0].value3__82 multiplier stage u_mimo_detector_top/u_gram_matrix_compute/(null)[0].(null)[0].value3__82/P[47:0] is not pipelined (MREG=0). Pipelining the multiplier function will improve performance and will save significant power so it is suggested whenever possible to fully pipeline this function.  If this multiplier was inferred, it is suggested to describe an additional register stage after this function.  If there is no registered adder/accumulator following the multiply function, two pipeline stages are suggested to allow both the MREG and PREG registers to be used.  If the DSP48 was instantiated in the design, it is suggested to set both the MREG and PREG attributes to 1 when performing multiply functions.
Related violations: <none>

DPOP-2#121 Warning
MREG Output pipelining  
DSP u_mimo_detector_top/u_gram_matrix_compute/(null)[0].(null)[0].value3__83 multiplier stage u_mimo_detector_top/u_gram_matrix_compute/(null)[0].(null)[0].value3__83/P[47:0] is not pipelined (MREG=0). Pipelining the multiplier function will improve performance and will save significant power so it is suggested whenever possible to fully pipeline this function.  If this multiplier was inferred, it is suggested to describe an additional register stage after this function.  If there is no registered adder/accumulator following the multiply function, two pipeline stages are suggested to allow both the MREG and PREG registers to be used.  If the DSP48 was instantiated in the design, it is suggested to set both the MREG and PREG attributes to 1 when performing multiply functions.
Related violations: <none>

DPOP-2#122 Warning
MREG Output pipelining  
DSP u_mimo_detector_top/u_gram_matrix_compute/(null)[0].(null)[0].value3__85 multiplier stage u_mimo_detector_top/u_gram_matrix_compute/(null)[0].(null)[0].value3__85/P[47:0] is not pipelined (MREG=0). Pipelining the multiplier function will improve performance and will save significant power so it is suggested whenever possible to fully pipeline this function.  If this multiplier was inferred, it is suggested to describe an additional register stage after this function.  If there is no registered adder/accumulator following the multiply function, two pipeline stages are suggested to allow both the MREG and PREG registers to be used.  If the DSP48 was instantiated in the design, it is suggested to set both the MREG and PREG attributes to 1 when performing multiply functions.
Related violations: <none>

DPOP-2#123 Warning
MREG Output pipelining  
DSP u_mimo_detector_top/u_gram_matrix_compute/(null)[0].(null)[0].value3__86 multiplier stage u_mimo_detector_top/u_gram_matrix_compute/(null)[0].(null)[0].value3__86/P[47:0] is not pipelined (MREG=0). Pipelining the multiplier function will improve performance and will save significant power so it is suggested whenever possible to fully pipeline this function.  If this multiplier was inferred, it is suggested to describe an additional register stage after this function.  If there is no registered adder/accumulator following the multiply function, two pipeline stages are suggested to allow both the MREG and PREG registers to be used.  If the DSP48 was instantiated in the design, it is suggested to set both the MREG and PREG attributes to 1 when performing multiply functions.
Related violations: <none>

DPOP-2#124 Warning
MREG Output pipelining  
DSP u_mimo_detector_top/u_gram_matrix_compute/(null)[0].(null)[0].value3__88 multiplier stage u_mimo_detector_top/u_gram_matrix_compute/(null)[0].(null)[0].value3__88/P[47:0] is not pipelined (MREG=0). Pipelining the multiplier function will improve performance and will save significant power so it is suggested whenever possible to fully pipeline this function.  If this multiplier was inferred, it is suggested to describe an additional register stage after this function.  If there is no registered adder/accumulator following the multiply function, two pipeline stages are suggested to allow both the MREG and PREG registers to be used.  If the DSP48 was instantiated in the design, it is suggested to set both the MREG and PREG attributes to 1 when performing multiply functions.
Related violations: <none>

DPOP-2#125 Warning
MREG Output pipelining  
DSP u_mimo_detector_top/u_gram_matrix_compute/(null)[0].(null)[0].value3__89 multiplier stage u_mimo_detector_top/u_gram_matrix_compute/(null)[0].(null)[0].value3__89/P[47:0] is not pipelined (MREG=0). Pipelining the multiplier function will improve performance and will save significant power so it is suggested whenever possible to fully pipeline this function.  If this multiplier was inferred, it is suggested to describe an additional register stage after this function.  If there is no registered adder/accumulator following the multiply function, two pipeline stages are suggested to allow both the MREG and PREG registers to be used.  If the DSP48 was instantiated in the design, it is suggested to set both the MREG and PREG attributes to 1 when performing multiply functions.
Related violations: <none>

DPOP-2#126 Warning
MREG Output pipelining  
DSP u_mimo_detector_top/u_gram_matrix_compute/(null)[0].(null)[0].value3__91 multiplier stage u_mimo_detector_top/u_gram_matrix_compute/(null)[0].(null)[0].value3__91/P[47:0] is not pipelined (MREG=0). Pipelining the multiplier function will improve performance and will save significant power so it is suggested whenever possible to fully pipeline this function.  If this multiplier was inferred, it is suggested to describe an additional register stage after this function.  If there is no registered adder/accumulator following the multiply function, two pipeline stages are suggested to allow both the MREG and PREG registers to be used.  If the DSP48 was instantiated in the design, it is suggested to set both the MREG and PREG attributes to 1 when performing multiply functions.
Related violations: <none>

DPOP-2#127 Warning
MREG Output pipelining  
DSP u_mimo_detector_top/u_gram_matrix_compute/(null)[0].(null)[0].value3__92 multiplier stage u_mimo_detector_top/u_gram_matrix_compute/(null)[0].(null)[0].value3__92/P[47:0] is not pipelined (MREG=0). Pipelining the multiplier function will improve performance and will save significant power so it is suggested whenever possible to fully pipeline this function.  If this multiplier was inferred, it is suggested to describe an additional register stage after this function.  If there is no registered adder/accumulator following the multiply function, two pipeline stages are suggested to allow both the MREG and PREG registers to be used.  If the DSP48 was instantiated in the design, it is suggested to set both the MREG and PREG attributes to 1 when performing multiply functions.
Related violations: <none>

DPOP-2#128 Warning
MREG Output pipelining  
DSP u_mimo_detector_top/u_gram_matrix_compute/(null)[0].(null)[0].value3__94 multiplier stage u_mimo_detector_top/u_gram_matrix_compute/(null)[0].(null)[0].value3__94/P[47:0] is not pipelined (MREG=0). Pipelining the multiplier function will improve performance and will save significant power so it is suggested whenever possible to fully pipeline this function.  If this multiplier was inferred, it is suggested to describe an additional register stage after this function.  If there is no registered adder/accumulator following the multiply function, two pipeline stages are suggested to allow both the MREG and PREG registers to be used.  If the DSP48 was instantiated in the design, it is suggested to set both the MREG and PREG attributes to 1 when performing multiply functions.
Related violations: <none>

DPOP-2#129 Warning
MREG Output pipelining  
DSP u_mimo_detector_top/u_gs_solver/p_0_out multiplier stage u_mimo_detector_top/u_gs_solver/p_0_out/P[47:0] is not pipelined (MREG=0). Pipelining the multiplier function will improve performance and will save significant power so it is suggested whenever possible to fully pipeline this function.  If this multiplier was inferred, it is suggested to describe an additional register stage after this function.  If there is no registered adder/accumulator following the multiply function, two pipeline stages are suggested to allow both the MREG and PREG registers to be used.  If the DSP48 was instantiated in the design, it is suggested to set both the MREG and PREG attributes to 1 when performing multiply functions.
Related violations: <none>

DPOP-2#130 Warning
MREG Output pipelining  
DSP u_mimo_detector_top/u_gs_solver/p_1_out multiplier stage u_mimo_detector_top/u_gs_solver/p_1_out/P[47:0] is not pipelined (MREG=0). Pipelining the multiplier function will improve performance and will save significant power so it is suggested whenever possible to fully pipeline this function.  If this multiplier was inferred, it is suggested to describe an additional register stage after this function.  If there is no registered adder/accumulator following the multiply function, two pipeline stages are suggested to allow both the MREG and PREG registers to be used.  If the DSP48 was instantiated in the design, it is suggested to set both the MREG and PREG attributes to 1 when performing multiply functions.
Related violations: <none>

DPOP-2#131 Warning
MREG Output pipelining  
DSP u_mimo_detector_top/u_gs_solver/p_1_out__0 multiplier stage u_mimo_detector_top/u_gs_solver/p_1_out__0/P[47:0] is not pipelined (MREG=0). Pipelining the multiplier function will improve performance and will save significant power so it is suggested whenever possible to fully pipeline this function.  If this multiplier was inferred, it is suggested to describe an additional register stage after this function.  If there is no registered adder/accumulator following the multiply function, two pipeline stages are suggested to allow both the MREG and PREG registers to be used.  If the DSP48 was instantiated in the design, it is suggested to set both the MREG and PREG attributes to 1 when performing multiply functions.
Related violations: <none>

DPOP-2#132 Warning
MREG Output pipelining  
DSP u_mimo_detector_top/u_gs_solver/p_1_out__0__0 multiplier stage u_mimo_detector_top/u_gs_solver/p_1_out__0__0/P[47:0] is not pipelined (MREG=0). Pipelining the multiplier function will improve performance and will save significant power so it is suggested whenever possible to fully pipeline this function.  If this multiplier was inferred, it is suggested to describe an additional register stage after this function.  If there is no registered adder/accumulator following the multiply function, two pipeline stages are suggested to allow both the MREG and PREG registers to be used.  If the DSP48 was instantiated in the design, it is suggested to set both the MREG and PREG attributes to 1 when performing multiply functions.
Related violations: <none>

DPOP-2#133 Warning
MREG Output pipelining  
DSP u_mimo_detector_top/u_gs_solver/p_1_out__0__1 multiplier stage u_mimo_detector_top/u_gs_solver/p_1_out__0__1/P[47:0] is not pipelined (MREG=0). Pipelining the multiplier function will improve performance and will save significant power so it is suggested whenever possible to fully pipeline this function.  If this multiplier was inferred, it is suggested to describe an additional register stage after this function.  If there is no registered adder/accumulator following the multiply function, two pipeline stages are suggested to allow both the MREG and PREG registers to be used.  If the DSP48 was instantiated in the design, it is suggested to set both the MREG and PREG attributes to 1 when performing multiply functions.
Related violations: <none>

DPOP-2#134 Warning
MREG Output pipelining  
DSP u_mimo_detector_top/u_gs_solver/p_1_out__0__2 multiplier stage u_mimo_detector_top/u_gs_solver/p_1_out__0__2/P[47:0] is not pipelined (MREG=0). Pipelining the multiplier function will improve performance and will save significant power so it is suggested whenever possible to fully pipeline this function.  If this multiplier was inferred, it is suggested to describe an additional register stage after this function.  If there is no registered adder/accumulator following the multiply function, two pipeline stages are suggested to allow both the MREG and PREG registers to be used.  If the DSP48 was instantiated in the design, it is suggested to set both the MREG and PREG attributes to 1 when performing multiply functions.
Related violations: <none>

DPOP-2#135 Warning
MREG Output pipelining  
DSP u_mimo_detector_top/u_gs_solver/p_1_out__1 multiplier stage u_mimo_detector_top/u_gs_solver/p_1_out__1/P[47:0] is not pipelined (MREG=0). Pipelining the multiplier function will improve performance and will save significant power so it is suggested whenever possible to fully pipeline this function.  If this multiplier was inferred, it is suggested to describe an additional register stage after this function.  If there is no registered adder/accumulator following the multiply function, two pipeline stages are suggested to allow both the MREG and PREG registers to be used.  If the DSP48 was instantiated in the design, it is suggested to set both the MREG and PREG attributes to 1 when performing multiply functions.
Related violations: <none>

DPOP-2#136 Warning
MREG Output pipelining  
DSP u_mimo_detector_top/u_gs_solver/p_1_out__1__0 multiplier stage u_mimo_detector_top/u_gs_solver/p_1_out__1__0/P[47:0] is not pipelined (MREG=0). Pipelining the multiplier function will improve performance and will save significant power so it is suggested whenever possible to fully pipeline this function.  If this multiplier was inferred, it is suggested to describe an additional register stage after this function.  If there is no registered adder/accumulator following the multiply function, two pipeline stages are suggested to allow both the MREG and PREG registers to be used.  If the DSP48 was instantiated in the design, it is suggested to set both the MREG and PREG attributes to 1 when performing multiply functions.
Related violations: <none>

DPOP-2#137 Warning
MREG Output pipelining  
DSP u_mimo_detector_top/u_gs_solver/p_1_out__2 multiplier stage u_mimo_detector_top/u_gs_solver/p_1_out__2/P[47:0] is not pipelined (MREG=0). Pipelining the multiplier function will improve performance and will save significant power so it is suggested whenever possible to fully pipeline this function.  If this multiplier was inferred, it is suggested to describe an additional register stage after this function.  If there is no registered adder/accumulator following the multiply function, two pipeline stages are suggested to allow both the MREG and PREG registers to be used.  If the DSP48 was instantiated in the design, it is suggested to set both the MREG and PREG attributes to 1 when performing multiply functions.
Related violations: <none>

DPOP-2#138 Warning
MREG Output pipelining  
DSP u_mimo_detector_top/u_gs_solver/p_1_out__2__0 multiplier stage u_mimo_detector_top/u_gs_solver/p_1_out__2__0/P[47:0] is not pipelined (MREG=0). Pipelining the multiplier function will improve performance and will save significant power so it is suggested whenever possible to fully pipeline this function.  If this multiplier was inferred, it is suggested to describe an additional register stage after this function.  If there is no registered adder/accumulator following the multiply function, two pipeline stages are suggested to allow both the MREG and PREG registers to be used.  If the DSP48 was instantiated in the design, it is suggested to set both the MREG and PREG attributes to 1 when performing multiply functions.
Related violations: <none>

DPOP-2#139 Warning
MREG Output pipelining  
DSP u_mimo_detector_top/u_gs_solver/p_1_out__3 multiplier stage u_mimo_detector_top/u_gs_solver/p_1_out__3/P[47:0] is not pipelined (MREG=0). Pipelining the multiplier function will improve performance and will save significant power so it is suggested whenever possible to fully pipeline this function.  If this multiplier was inferred, it is suggested to describe an additional register stage after this function.  If there is no registered adder/accumulator following the multiply function, two pipeline stages are suggested to allow both the MREG and PREG registers to be used.  If the DSP48 was instantiated in the design, it is suggested to set both the MREG and PREG attributes to 1 when performing multiply functions.
Related violations: <none>

DPOP-2#140 Warning
MREG Output pipelining  
DSP u_mimo_detector_top/u_gs_solver/p_1_out__4 multiplier stage u_mimo_detector_top/u_gs_solver/p_1_out__4/P[47:0] is not pipelined (MREG=0). Pipelining the multiplier function will improve performance and will save significant power so it is suggested whenever possible to fully pipeline this function.  If this multiplier was inferred, it is suggested to describe an additional register stage after this function.  If there is no registered adder/accumulator following the multiply function, two pipeline stages are suggested to allow both the MREG and PREG registers to be used.  If the DSP48 was instantiated in the design, it is suggested to set both the MREG and PREG attributes to 1 when performing multiply functions.
Related violations: <none>

DPOP-2#141 Warning
MREG Output pipelining  
DSP u_mimo_detector_top/u_gs_solver/p_1_out__5 multiplier stage u_mimo_detector_top/u_gs_solver/p_1_out__5/P[47:0] is not pipelined (MREG=0). Pipelining the multiplier function will improve performance and will save significant power so it is suggested whenever possible to fully pipeline this function.  If this multiplier was inferred, it is suggested to describe an additional register stage after this function.  If there is no registered adder/accumulator following the multiply function, two pipeline stages are suggested to allow both the MREG and PREG registers to be used.  If the DSP48 was instantiated in the design, it is suggested to set both the MREG and PREG attributes to 1 when performing multiply functions.
Related violations: <none>

DPOP-2#142 Warning
MREG Output pipelining  
DSP u_mimo_detector_top/u_gs_solver/p_1_out__6 multiplier stage u_mimo_detector_top/u_gs_solver/p_1_out__6/P[47:0] is not pipelined (MREG=0). Pipelining the multiplier function will improve performance and will save significant power so it is suggested whenever possible to fully pipeline this function.  If this multiplier was inferred, it is suggested to describe an additional register stage after this function.  If there is no registered adder/accumulator following the multiply function, two pipeline stages are suggested to allow both the MREG and PREG registers to be used.  If the DSP48 was instantiated in the design, it is suggested to set both the MREG and PREG attributes to 1 when performing multiply functions.
Related violations: <none>

DPOP-2#143 Warning
MREG Output pipelining  
DSP u_mimo_detector_top/u_gs_solver/p_1_out__7 multiplier stage u_mimo_detector_top/u_gs_solver/p_1_out__7/P[47:0] is not pipelined (MREG=0). Pipelining the multiplier function will improve performance and will save significant power so it is suggested whenever possible to fully pipeline this function.  If this multiplier was inferred, it is suggested to describe an additional register stage after this function.  If there is no registered adder/accumulator following the multiply function, two pipeline stages are suggested to allow both the MREG and PREG registers to be used.  If the DSP48 was instantiated in the design, it is suggested to set both the MREG and PREG attributes to 1 when performing multiply functions.
Related violations: <none>

DPOP-2#144 Warning
MREG Output pipelining  
DSP u_mimo_detector_top/u_gs_solver/p_1_out__8 multiplier stage u_mimo_detector_top/u_gs_solver/p_1_out__8/P[47:0] is not pipelined (MREG=0). Pipelining the multiplier function will improve performance and will save significant power so it is suggested whenever possible to fully pipeline this function.  If this multiplier was inferred, it is suggested to describe an additional register stage after this function.  If there is no registered adder/accumulator following the multiply function, two pipeline stages are suggested to allow both the MREG and PREG registers to be used.  If the DSP48 was instantiated in the design, it is suggested to set both the MREG and PREG attributes to 1 when performing multiply functions.
Related violations: <none>

DPOP-2#145 Warning
MREG Output pipelining  
DSP u_mimo_detector_top/u_matched_filter_compute/(null)[0].value1 multiplier stage u_mimo_detector_top/u_matched_filter_compute/(null)[0].value1/P[47:0] is not pipelined (MREG=0). Pipelining the multiplier function will improve performance and will save significant power so it is suggested whenever possible to fully pipeline this function.  If this multiplier was inferred, it is suggested to describe an additional register stage after this function.  If there is no registered adder/accumulator following the multiply function, two pipeline stages are suggested to allow both the MREG and PREG registers to be used.  If the DSP48 was instantiated in the design, it is suggested to set both the MREG and PREG attributes to 1 when performing multiply functions.
Related violations: <none>

DPOP-2#146 Warning
MREG Output pipelining  
DSP u_mimo_detector_top/u_matched_filter_compute/(null)[0].value1__0 multiplier stage u_mimo_detector_top/u_matched_filter_compute/(null)[0].value1__0/P[47:0] is not pipelined (MREG=0). Pipelining the multiplier function will improve performance and will save significant power so it is suggested whenever possible to fully pipeline this function.  If this multiplier was inferred, it is suggested to describe an additional register stage after this function.  If there is no registered adder/accumulator following the multiply function, two pipeline stages are suggested to allow both the MREG and PREG registers to be used.  If the DSP48 was instantiated in the design, it is suggested to set both the MREG and PREG attributes to 1 when performing multiply functions.
Related violations: <none>

DPOP-2#147 Warning
MREG Output pipelining  
DSP u_mimo_detector_top/u_matched_filter_compute/(null)[0].value1__1 multiplier stage u_mimo_detector_top/u_matched_filter_compute/(null)[0].value1__1/P[47:0] is not pipelined (MREG=0). Pipelining the multiplier function will improve performance and will save significant power so it is suggested whenever possible to fully pipeline this function.  If this multiplier was inferred, it is suggested to describe an additional register stage after this function.  If there is no registered adder/accumulator following the multiply function, two pipeline stages are suggested to allow both the MREG and PREG registers to be used.  If the DSP48 was instantiated in the design, it is suggested to set both the MREG and PREG attributes to 1 when performing multiply functions.
Related violations: <none>

DPOP-2#148 Warning
MREG Output pipelining  
DSP u_mimo_detector_top/u_matched_filter_compute/(null)[0].value1__2 multiplier stage u_mimo_detector_top/u_matched_filter_compute/(null)[0].value1__2/P[47:0] is not pipelined (MREG=0). Pipelining the multiplier function will improve performance and will save significant power so it is suggested whenever possible to fully pipeline this function.  If this multiplier was inferred, it is suggested to describe an additional register stage after this function.  If there is no registered adder/accumulator following the multiply function, two pipeline stages are suggested to allow both the MREG and PREG registers to be used.  If the DSP48 was instantiated in the design, it is suggested to set both the MREG and PREG attributes to 1 when performing multiply functions.
Related violations: <none>

DPOP-2#149 Warning
MREG Output pipelining  
DSP u_mimo_detector_top/u_matched_filter_compute/(null)[0].value1__3 multiplier stage u_mimo_detector_top/u_matched_filter_compute/(null)[0].value1__3/P[47:0] is not pipelined (MREG=0). Pipelining the multiplier function will improve performance and will save significant power so it is suggested whenever possible to fully pipeline this function.  If this multiplier was inferred, it is suggested to describe an additional register stage after this function.  If there is no registered adder/accumulator following the multiply function, two pipeline stages are suggested to allow both the MREG and PREG registers to be used.  If the DSP48 was instantiated in the design, it is suggested to set both the MREG and PREG attributes to 1 when performing multiply functions.
Related violations: <none>

DPOP-2#150 Warning
MREG Output pipelining  
DSP u_mimo_detector_top/u_matched_filter_compute/(null)[0].value1__4 multiplier stage u_mimo_detector_top/u_matched_filter_compute/(null)[0].value1__4/P[47:0] is not pipelined (MREG=0). Pipelining the multiplier function will improve performance and will save significant power so it is suggested whenever possible to fully pipeline this function.  If this multiplier was inferred, it is suggested to describe an additional register stage after this function.  If there is no registered adder/accumulator following the multiply function, two pipeline stages are suggested to allow both the MREG and PREG registers to be used.  If the DSP48 was instantiated in the design, it is suggested to set both the MREG and PREG attributes to 1 when performing multiply functions.
Related violations: <none>

DPOP-2#151 Warning
MREG Output pipelining  
DSP u_mimo_detector_top/u_matched_filter_compute/(null)[0].value1__5 multiplier stage u_mimo_detector_top/u_matched_filter_compute/(null)[0].value1__5/P[47:0] is not pipelined (MREG=0). Pipelining the multiplier function will improve performance and will save significant power so it is suggested whenever possible to fully pipeline this function.  If this multiplier was inferred, it is suggested to describe an additional register stage after this function.  If there is no registered adder/accumulator following the multiply function, two pipeline stages are suggested to allow both the MREG and PREG registers to be used.  If the DSP48 was instantiated in the design, it is suggested to set both the MREG and PREG attributes to 1 when performing multiply functions.
Related violations: <none>

DPOP-2#152 Warning
MREG Output pipelining  
DSP u_mimo_detector_top/u_matched_filter_compute/(null)[0].value1__6 multiplier stage u_mimo_detector_top/u_matched_filter_compute/(null)[0].value1__6/P[47:0] is not pipelined (MREG=0). Pipelining the multiplier function will improve performance and will save significant power so it is suggested whenever possible to fully pipeline this function.  If this multiplier was inferred, it is suggested to describe an additional register stage after this function.  If there is no registered adder/accumulator following the multiply function, two pipeline stages are suggested to allow both the MREG and PREG registers to be used.  If the DSP48 was instantiated in the design, it is suggested to set both the MREG and PREG attributes to 1 when performing multiply functions.
Related violations: <none>

DPOP-2#153 Warning
MREG Output pipelining  
DSP u_mimo_detector_top/u_matched_filter_compute/(null)[0].value2 multiplier stage u_mimo_detector_top/u_matched_filter_compute/(null)[0].value2/P[47:0] is not pipelined (MREG=0). Pipelining the multiplier function will improve performance and will save significant power so it is suggested whenever possible to fully pipeline this function.  If this multiplier was inferred, it is suggested to describe an additional register stage after this function.  If there is no registered adder/accumulator following the multiply function, two pipeline stages are suggested to allow both the MREG and PREG registers to be used.  If the DSP48 was instantiated in the design, it is suggested to set both the MREG and PREG attributes to 1 when performing multiply functions.
Related violations: <none>

DPOP-2#154 Warning
MREG Output pipelining  
DSP u_mimo_detector_top/u_matched_filter_compute/(null)[0].value2__1 multiplier stage u_mimo_detector_top/u_matched_filter_compute/(null)[0].value2__1/P[47:0] is not pipelined (MREG=0). Pipelining the multiplier function will improve performance and will save significant power so it is suggested whenever possible to fully pipeline this function.  If this multiplier was inferred, it is suggested to describe an additional register stage after this function.  If there is no registered adder/accumulator following the multiply function, two pipeline stages are suggested to allow both the MREG and PREG registers to be used.  If the DSP48 was instantiated in the design, it is suggested to set both the MREG and PREG attributes to 1 when performing multiply functions.
Related violations: <none>

DPOP-2#155 Warning
MREG Output pipelining  
DSP u_mimo_detector_top/u_matched_filter_compute/(null)[0].value2__11 multiplier stage u_mimo_detector_top/u_matched_filter_compute/(null)[0].value2__11/P[47:0] is not pipelined (MREG=0). Pipelining the multiplier function will improve performance and will save significant power so it is suggested whenever possible to fully pipeline this function.  If this multiplier was inferred, it is suggested to describe an additional register stage after this function.  If there is no registered adder/accumulator following the multiply function, two pipeline stages are suggested to allow both the MREG and PREG registers to be used.  If the DSP48 was instantiated in the design, it is suggested to set both the MREG and PREG attributes to 1 when performing multiply functions.
Related violations: <none>

DPOP-2#156 Warning
MREG Output pipelining  
DSP u_mimo_detector_top/u_matched_filter_compute/(null)[0].value2__13 multiplier stage u_mimo_detector_top/u_matched_filter_compute/(null)[0].value2__13/P[47:0] is not pipelined (MREG=0). Pipelining the multiplier function will improve performance and will save significant power so it is suggested whenever possible to fully pipeline this function.  If this multiplier was inferred, it is suggested to describe an additional register stage after this function.  If there is no registered adder/accumulator following the multiply function, two pipeline stages are suggested to allow both the MREG and PREG registers to be used.  If the DSP48 was instantiated in the design, it is suggested to set both the MREG and PREG attributes to 1 when performing multiply functions.
Related violations: <none>

DPOP-2#157 Warning
MREG Output pipelining  
DSP u_mimo_detector_top/u_matched_filter_compute/(null)[0].value2__3 multiplier stage u_mimo_detector_top/u_matched_filter_compute/(null)[0].value2__3/P[47:0] is not pipelined (MREG=0). Pipelining the multiplier function will improve performance and will save significant power so it is suggested whenever possible to fully pipeline this function.  If this multiplier was inferred, it is suggested to describe an additional register stage after this function.  If there is no registered adder/accumulator following the multiply function, two pipeline stages are suggested to allow both the MREG and PREG registers to be used.  If the DSP48 was instantiated in the design, it is suggested to set both the MREG and PREG attributes to 1 when performing multiply functions.
Related violations: <none>

DPOP-2#158 Warning
MREG Output pipelining  
DSP u_mimo_detector_top/u_matched_filter_compute/(null)[0].value2__5 multiplier stage u_mimo_detector_top/u_matched_filter_compute/(null)[0].value2__5/P[47:0] is not pipelined (MREG=0). Pipelining the multiplier function will improve performance and will save significant power so it is suggested whenever possible to fully pipeline this function.  If this multiplier was inferred, it is suggested to describe an additional register stage after this function.  If there is no registered adder/accumulator following the multiply function, two pipeline stages are suggested to allow both the MREG and PREG registers to be used.  If the DSP48 was instantiated in the design, it is suggested to set both the MREG and PREG attributes to 1 when performing multiply functions.
Related violations: <none>

DPOP-2#159 Warning
MREG Output pipelining  
DSP u_mimo_detector_top/u_matched_filter_compute/(null)[0].value2__7 multiplier stage u_mimo_detector_top/u_matched_filter_compute/(null)[0].value2__7/P[47:0] is not pipelined (MREG=0). Pipelining the multiplier function will improve performance and will save significant power so it is suggested whenever possible to fully pipeline this function.  If this multiplier was inferred, it is suggested to describe an additional register stage after this function.  If there is no registered adder/accumulator following the multiply function, two pipeline stages are suggested to allow both the MREG and PREG registers to be used.  If the DSP48 was instantiated in the design, it is suggested to set both the MREG and PREG attributes to 1 when performing multiply functions.
Related violations: <none>

DPOP-2#160 Warning
MREG Output pipelining  
DSP u_mimo_detector_top/u_matched_filter_compute/(null)[0].value2__9 multiplier stage u_mimo_detector_top/u_matched_filter_compute/(null)[0].value2__9/P[47:0] is not pipelined (MREG=0). Pipelining the multiplier function will improve performance and will save significant power so it is suggested whenever possible to fully pipeline this function.  If this multiplier was inferred, it is suggested to describe an additional register stage after this function.  If there is no registered adder/accumulator following the multiply function, two pipeline stages are suggested to allow both the MREG and PREG registers to be used.  If the DSP48 was instantiated in the design, it is suggested to set both the MREG and PREG attributes to 1 when performing multiply functions.
Related violations: <none>

DPOP-2#161 Warning
MREG Output pipelining  
DSP u_mimo_detector_top/u_matched_filter_compute/(null)[0].value3 multiplier stage u_mimo_detector_top/u_matched_filter_compute/(null)[0].value3/P[47:0] is not pipelined (MREG=0). Pipelining the multiplier function will improve performance and will save significant power so it is suggested whenever possible to fully pipeline this function.  If this multiplier was inferred, it is suggested to describe an additional register stage after this function.  If there is no registered adder/accumulator following the multiply function, two pipeline stages are suggested to allow both the MREG and PREG registers to be used.  If the DSP48 was instantiated in the design, it is suggested to set both the MREG and PREG attributes to 1 when performing multiply functions.
Related violations: <none>

DPOP-2#162 Warning
MREG Output pipelining  
DSP u_mimo_detector_top/u_matched_filter_compute/(null)[0].value3__1 multiplier stage u_mimo_detector_top/u_matched_filter_compute/(null)[0].value3__1/P[47:0] is not pipelined (MREG=0). Pipelining the multiplier function will improve performance and will save significant power so it is suggested whenever possible to fully pipeline this function.  If this multiplier was inferred, it is suggested to describe an additional register stage after this function.  If there is no registered adder/accumulator following the multiply function, two pipeline stages are suggested to allow both the MREG and PREG registers to be used.  If the DSP48 was instantiated in the design, it is suggested to set both the MREG and PREG attributes to 1 when performing multiply functions.
Related violations: <none>

DPOP-2#163 Warning
MREG Output pipelining  
DSP u_mimo_detector_top/u_matched_filter_compute/(null)[0].value3__10 multiplier stage u_mimo_detector_top/u_matched_filter_compute/(null)[0].value3__10/P[47:0] is not pipelined (MREG=0). Pipelining the multiplier function will improve performance and will save significant power so it is suggested whenever possible to fully pipeline this function.  If this multiplier was inferred, it is suggested to describe an additional register stage after this function.  If there is no registered adder/accumulator following the multiply function, two pipeline stages are suggested to allow both the MREG and PREG registers to be used.  If the DSP48 was instantiated in the design, it is suggested to set both the MREG and PREG attributes to 1 when performing multiply functions.
Related violations: <none>

DPOP-2#164 Warning
MREG Output pipelining  
DSP u_mimo_detector_top/u_matched_filter_compute/(null)[0].value3__11 multiplier stage u_mimo_detector_top/u_matched_filter_compute/(null)[0].value3__11/P[47:0] is not pipelined (MREG=0). Pipelining the multiplier function will improve performance and will save significant power so it is suggested whenever possible to fully pipeline this function.  If this multiplier was inferred, it is suggested to describe an additional register stage after this function.  If there is no registered adder/accumulator following the multiply function, two pipeline stages are suggested to allow both the MREG and PREG registers to be used.  If the DSP48 was instantiated in the design, it is suggested to set both the MREG and PREG attributes to 1 when performing multiply functions.
Related violations: <none>

DPOP-2#165 Warning
MREG Output pipelining  
DSP u_mimo_detector_top/u_matched_filter_compute/(null)[0].value3__13 multiplier stage u_mimo_detector_top/u_matched_filter_compute/(null)[0].value3__13/P[47:0] is not pipelined (MREG=0). Pipelining the multiplier function will improve performance and will save significant power so it is suggested whenever possible to fully pipeline this function.  If this multiplier was inferred, it is suggested to describe an additional register stage after this function.  If there is no registered adder/accumulator following the multiply function, two pipeline stages are suggested to allow both the MREG and PREG registers to be used.  If the DSP48 was instantiated in the design, it is suggested to set both the MREG and PREG attributes to 1 when performing multiply functions.
Related violations: <none>

DPOP-2#166 Warning
MREG Output pipelining  
DSP u_mimo_detector_top/u_matched_filter_compute/(null)[0].value3__14 multiplier stage u_mimo_detector_top/u_matched_filter_compute/(null)[0].value3__14/P[47:0] is not pipelined (MREG=0). Pipelining the multiplier function will improve performance and will save significant power so it is suggested whenever possible to fully pipeline this function.  If this multiplier was inferred, it is suggested to describe an additional register stage after this function.  If there is no registered adder/accumulator following the multiply function, two pipeline stages are suggested to allow both the MREG and PREG registers to be used.  If the DSP48 was instantiated in the design, it is suggested to set both the MREG and PREG attributes to 1 when performing multiply functions.
Related violations: <none>

DPOP-2#167 Warning
MREG Output pipelining  
DSP u_mimo_detector_top/u_matched_filter_compute/(null)[0].value3__16 multiplier stage u_mimo_detector_top/u_matched_filter_compute/(null)[0].value3__16/P[47:0] is not pipelined (MREG=0). Pipelining the multiplier function will improve performance and will save significant power so it is suggested whenever possible to fully pipeline this function.  If this multiplier was inferred, it is suggested to describe an additional register stage after this function.  If there is no registered adder/accumulator following the multiply function, two pipeline stages are suggested to allow both the MREG and PREG registers to be used.  If the DSP48 was instantiated in the design, it is suggested to set both the MREG and PREG attributes to 1 when performing multiply functions.
Related violations: <none>

DPOP-2#168 Warning
MREG Output pipelining  
DSP u_mimo_detector_top/u_matched_filter_compute/(null)[0].value3__17 multiplier stage u_mimo_detector_top/u_matched_filter_compute/(null)[0].value3__17/P[47:0] is not pipelined (MREG=0). Pipelining the multiplier function will improve performance and will save significant power so it is suggested whenever possible to fully pipeline this function.  If this multiplier was inferred, it is suggested to describe an additional register stage after this function.  If there is no registered adder/accumulator following the multiply function, two pipeline stages are suggested to allow both the MREG and PREG registers to be used.  If the DSP48 was instantiated in the design, it is suggested to set both the MREG and PREG attributes to 1 when performing multiply functions.
Related violations: <none>

DPOP-2#169 Warning
MREG Output pipelining  
DSP u_mimo_detector_top/u_matched_filter_compute/(null)[0].value3__19 multiplier stage u_mimo_detector_top/u_matched_filter_compute/(null)[0].value3__19/P[47:0] is not pipelined (MREG=0). Pipelining the multiplier function will improve performance and will save significant power so it is suggested whenever possible to fully pipeline this function.  If this multiplier was inferred, it is suggested to describe an additional register stage after this function.  If there is no registered adder/accumulator following the multiply function, two pipeline stages are suggested to allow both the MREG and PREG registers to be used.  If the DSP48 was instantiated in the design, it is suggested to set both the MREG and PREG attributes to 1 when performing multiply functions.
Related violations: <none>

DPOP-2#170 Warning
MREG Output pipelining  
DSP u_mimo_detector_top/u_matched_filter_compute/(null)[0].value3__2 multiplier stage u_mimo_detector_top/u_matched_filter_compute/(null)[0].value3__2/P[47:0] is not pipelined (MREG=0). Pipelining the multiplier function will improve performance and will save significant power so it is suggested whenever possible to fully pipeline this function.  If this multiplier was inferred, it is suggested to describe an additional register stage after this function.  If there is no registered adder/accumulator following the multiply function, two pipeline stages are suggested to allow both the MREG and PREG registers to be used.  If the DSP48 was instantiated in the design, it is suggested to set both the MREG and PREG attributes to 1 when performing multiply functions.
Related violations: <none>

DPOP-2#171 Warning
MREG Output pipelining  
DSP u_mimo_detector_top/u_matched_filter_compute/(null)[0].value3__20 multiplier stage u_mimo_detector_top/u_matched_filter_compute/(null)[0].value3__20/P[47:0] is not pipelined (MREG=0). Pipelining the multiplier function will improve performance and will save significant power so it is suggested whenever possible to fully pipeline this function.  If this multiplier was inferred, it is suggested to describe an additional register stage after this function.  If there is no registered adder/accumulator following the multiply function, two pipeline stages are suggested to allow both the MREG and PREG registers to be used.  If the DSP48 was instantiated in the design, it is suggested to set both the MREG and PREG attributes to 1 when performing multiply functions.
Related violations: <none>

DPOP-2#172 Warning
MREG Output pipelining  
DSP u_mimo_detector_top/u_matched_filter_compute/(null)[0].value3__22 multiplier stage u_mimo_detector_top/u_matched_filter_compute/(null)[0].value3__22/P[47:0] is not pipelined (MREG=0). Pipelining the multiplier function will improve performance and will save significant power so it is suggested whenever possible to fully pipeline this function.  If this multiplier was inferred, it is suggested to describe an additional register stage after this function.  If there is no registered adder/accumulator following the multiply function, two pipeline stages are suggested to allow both the MREG and PREG registers to be used.  If the DSP48 was instantiated in the design, it is suggested to set both the MREG and PREG attributes to 1 when performing multiply functions.
Related violations: <none>

DPOP-2#173 Warning
MREG Output pipelining  
DSP u_mimo_detector_top/u_matched_filter_compute/(null)[0].value3__4 multiplier stage u_mimo_detector_top/u_matched_filter_compute/(null)[0].value3__4/P[47:0] is not pipelined (MREG=0). Pipelining the multiplier function will improve performance and will save significant power so it is suggested whenever possible to fully pipeline this function.  If this multiplier was inferred, it is suggested to describe an additional register stage after this function.  If there is no registered adder/accumulator following the multiply function, two pipeline stages are suggested to allow both the MREG and PREG registers to be used.  If the DSP48 was instantiated in the design, it is suggested to set both the MREG and PREG attributes to 1 when performing multiply functions.
Related violations: <none>

DPOP-2#174 Warning
MREG Output pipelining  
DSP u_mimo_detector_top/u_matched_filter_compute/(null)[0].value3__5 multiplier stage u_mimo_detector_top/u_matched_filter_compute/(null)[0].value3__5/P[47:0] is not pipelined (MREG=0). Pipelining the multiplier function will improve performance and will save significant power so it is suggested whenever possible to fully pipeline this function.  If this multiplier was inferred, it is suggested to describe an additional register stage after this function.  If there is no registered adder/accumulator following the multiply function, two pipeline stages are suggested to allow both the MREG and PREG registers to be used.  If the DSP48 was instantiated in the design, it is suggested to set both the MREG and PREG attributes to 1 when performing multiply functions.
Related violations: <none>

DPOP-2#175 Warning
MREG Output pipelining  
DSP u_mimo_detector_top/u_matched_filter_compute/(null)[0].value3__7 multiplier stage u_mimo_detector_top/u_matched_filter_compute/(null)[0].value3__7/P[47:0] is not pipelined (MREG=0). Pipelining the multiplier function will improve performance and will save significant power so it is suggested whenever possible to fully pipeline this function.  If this multiplier was inferred, it is suggested to describe an additional register stage after this function.  If there is no registered adder/accumulator following the multiply function, two pipeline stages are suggested to allow both the MREG and PREG registers to be used.  If the DSP48 was instantiated in the design, it is suggested to set both the MREG and PREG attributes to 1 when performing multiply functions.
Related violations: <none>

DPOP-2#176 Warning
MREG Output pipelining  
DSP u_mimo_detector_top/u_matched_filter_compute/(null)[0].value3__8 multiplier stage u_mimo_detector_top/u_matched_filter_compute/(null)[0].value3__8/P[47:0] is not pipelined (MREG=0). Pipelining the multiplier function will improve performance and will save significant power so it is suggested whenever possible to fully pipeline this function.  If this multiplier was inferred, it is suggested to describe an additional register stage after this function.  If there is no registered adder/accumulator following the multiply function, two pipeline stages are suggested to allow both the MREG and PREG registers to be used.  If the DSP48 was instantiated in the design, it is suggested to set both the MREG and PREG attributes to 1 when performing multiply functions.
Related violations: <none>

IOCNT-1#1 Warning
Number of IOs  
The design contains 809 unplaced I/O ports while the target device, xc7a200tfbg484-2, has 285 remaining available user I/O pins. This DRC assumes that all ports which do not drive MGT pins should be placed on user I/O pins. To correct this issue:
1. Ensure you are targeting the correct device and package. Select a larger device or different package if necessary.
2. Check the top-level ports of the design to ensure the correct number of ports are specified.
3. Consider design changes to reduce the number of user I/O pins needed.

Related violations: <none>


