Copyright 1986-2022 Xilinx, Inc. All Rights Reserved. Copyright 2022-2025 Advanced Micro Devices, Inc. All Rights Reserved.
---------------------------------------------------------------------------------------------------------------------------------------------
| Tool Version : Vivado v.2025.2 (win64) Build 6299465 Fri Nov 14 19:35:11 GMT 2025
| Date         : Fri Jun  5 15:58:31 2026
| Host         : Nevgi running 64-bit major release  (build 9200)
| Command      : report_timing_summary -file C:/fpga_projects/adaptive-gs-mimo-detector/syn/reports/timing_post_synth.rpt
| Design       : mimo_detector_top_synth_wrapper
| Device       : 7a200t-fbg484
| Speed File   : -2  PRODUCTION 1.23 2018-06-13
| Design State : Synthesized
---------------------------------------------------------------------------------------------------------------------------------------------

Timing Summary Report

------------------------------------------------------------------------------------------------
| Timer Settings
| --------------
------------------------------------------------------------------------------------------------

  Enable Multi Corner Analysis               :  Yes
  Enable Pessimism Removal                   :  Yes
  Pessimism Removal Resolution               :  Nearest Common Node
  Enable Input Delay Default Clock           :  No
  Enable Preset / Clear Arcs                 :  No
  Disable Flight Delays                      :  No
  Ignore I/O Paths                           :  No
  Timing Early Launch at Borrowing Latches   :  No
  Borrow Time for Max Delay Exceptions       :  Yes
  Merge Timing Exceptions                    :  Yes
  Inter-SLR Compensation                     :  Conservative

  Corner  Analyze    Analyze    
  Name    Max Paths  Min Paths  
  ------  ---------  ---------  
  Slow    Yes        Yes        
  Fast    Yes        Yes        


------------------------------------------------------------------------------------------------
| Report Methodology
| ------------------
------------------------------------------------------------------------------------------------

No report available as report_methodology has not been run prior. Run report_methodology on the current design for the summary of methodology violations.



check_timing report

Table of Contents
-----------------
1. checking no_clock (0)
2. checking constant_clock (0)
3. checking pulse_width_clock (0)
4. checking unconstrained_internal_endpoints (0)
5. checking no_input_delay (664)
6. checking no_output_delay (137)
7. checking multiple_clock (0)
8. checking generated_clocks (0)
9. checking loops (0)
10. checking partial_input_delay (0)
11. checking partial_output_delay (0)
12. checking latch_loops (0)

1. checking no_clock (0)
------------------------
 There are 0 register/latch pins with no clock.


2. checking constant_clock (0)
------------------------------
 There are 0 register/latch pins with constant_clock.


3. checking pulse_width_clock (0)
---------------------------------
 There are 0 register/latch pins which need pulse_width check


4. checking unconstrained_internal_endpoints (0)
------------------------------------------------
 There are 0 pins that are not constrained for maximum delay.

 There are 0 pins that are not constrained for maximum delay due to constant clock.


5. checking no_input_delay (664)
--------------------------------
 There are 664 input ports with no input delay specified. (HIGH)

 There are 0 input ports with no input delay but user has a false path constraint.


6. checking no_output_delay (137)
---------------------------------
 There are 137 ports with no output delay specified. (HIGH)

 There are 0 ports with no output delay but user has a false path constraint

 There are 0 ports with no output delay but with a timing clock defined on it or propagating through it


7. checking multiple_clock (0)
------------------------------
 There are 0 register/latch pins with multiple clocks.


8. checking generated_clocks (0)
--------------------------------
 There are 0 generated clocks that are not connected to a clock source.


9. checking loops (0)
---------------------
 There are 0 combinational loops in the design.


10. checking partial_input_delay (0)
------------------------------------
 There are 0 input ports with partial input delay specified.


11. checking partial_output_delay (0)
-------------------------------------
 There are 0 ports with partial output delay specified.


12. checking latch_loops (0)
----------------------------
 There are 0 combinational latch loops in the design through latch input



------------------------------------------------------------------------------------------------
| Design Timing Summary
| ---------------------
------------------------------------------------------------------------------------------------

    WNS(ns)      TNS(ns)  TNS Failing Endpoints  TNS Total Endpoints      WHS(ns)      THS(ns)  THS Failing Endpoints  THS Total Endpoints     WPWS(ns)     TPWS(ns)  TPWS Failing Endpoints  TPWS Total Endpoints  
    -------      -------  ---------------------  -------------------      -------      -------  ---------------------  -------------------     --------     --------  ----------------------  --------------------  
   -153.833   -26897.621                    176                  743        0.122        0.000                      0                  743        4.500        0.000                       0                   373  


Timing constraints are not met.


------------------------------------------------------------------------------------------------
| Clock Summary
| -------------
------------------------------------------------------------------------------------------------

Clock  Waveform(ns)       Period(ns)      Frequency(MHz)
-----  ------------       ----------      --------------
clk    {0.000 5.000}      10.000          100.000         


------------------------------------------------------------------------------------------------
| Intra Clock Table
| -----------------
------------------------------------------------------------------------------------------------

Clock             WNS(ns)      TNS(ns)  TNS Failing Endpoints  TNS Total Endpoints      WHS(ns)      THS(ns)  THS Failing Endpoints  THS Total Endpoints     WPWS(ns)     TPWS(ns)  TPWS Failing Endpoints  TPWS Total Endpoints  
-----             -------      -------  ---------------------  -------------------      -------      -------  ---------------------  -------------------     --------     --------  ----------------------  --------------------  
clk              -153.833   -26897.621                    176                  743        0.122        0.000                      0                  743        4.500        0.000                       0                   373  


------------------------------------------------------------------------------------------------
| Inter Clock Table
| -----------------
------------------------------------------------------------------------------------------------

From Clock    To Clock          WNS(ns)      TNS(ns)  TNS Failing Endpoints  TNS Total Endpoints      WHS(ns)      THS(ns)  THS Failing Endpoints  THS Total Endpoints  
----------    --------          -------      -------  ---------------------  -------------------      -------      -------  ---------------------  -------------------  


------------------------------------------------------------------------------------------------
| Other Path Groups Table
| -----------------------
------------------------------------------------------------------------------------------------

Path Group    From Clock    To Clock          WNS(ns)      TNS(ns)  TNS Failing Endpoints  TNS Total Endpoints      WHS(ns)      THS(ns)  THS Failing Endpoints  THS Total Endpoints  
----------    ----------    --------          -------      -------  ---------------------  -------------------      -------      -------  ---------------------  -------------------  


------------------------------------------------------------------------------------------------
| Timing Details
| --------------
------------------------------------------------------------------------------------------------


---------------------------------------------------------------------------------------------------
From Clock:  clk
  To Clock:  clk

Setup :          176  Failing Endpoints,  Worst Slack     -153.833ns,  Total Violation   -26897.622ns
Hold  :            0  Failing Endpoints,  Worst Slack        0.122ns,  Total Violation        0.000ns
PW    :            0  Failing Endpoints,  Worst Slack        4.500ns,  Total Violation        0.000ns
---------------------------------------------------------------------------------------------------


Max Delay Paths
--------------------------------------------------------------------------------------
Slack (VIOLATED) :        -153.833ns  (required time - arrival time)
  Source:                 u_mimo_detector_top/u_gs_solver/idx_reg[1]_rep__0/C
                            (rising edge-triggered cell FDCE clocked by clk  {rise@0.000ns fall@5.000ns period=10.000ns})
  Destination:            u_mimo_detector_top/u_gs_solver/x_im_reg[0][20]/D
                            (rising edge-triggered cell FDCE clocked by clk  {rise@0.000ns fall@5.000ns period=10.000ns})
  Path Group:             clk
  Path Type:              Setup (Max at Slow Process Corner)
  Requirement:            10.000ns  (clk rise@10.000ns - clk rise@0.000ns)
  Data Path Delay:        163.682ns  (logic 128.825ns (78.705%)  route 34.856ns (21.295%))
  Logic Levels:           869  (CARRY4=853 DSP48E1=1 LUT1=2 LUT2=5 LUT3=1 LUT4=2 LUT5=1 LUT6=4)
  Clock Path Skew:        -0.145ns (DCD - SCD + CPR)
    Destination Clock Delay (DCD):    1.875ns = ( 11.875 - 10.000 ) 
    Source Clock Delay      (SCD):    2.187ns
    Clock Pessimism Removal (CPR):    0.167ns
  Clock Uncertainty:      0.035ns  ((TSJ^2 + TIJ^2)^1/2 + DJ) / 2 + PE
    Total System Jitter     (TSJ):    0.071ns
    Total Input Jitter      (TIJ):    0.000ns
    Discrete Jitter          (DJ):    0.000ns
    Phase Error              (PE):    0.000ns

    Location             Delay type                Incr(ns)  Path(ns)    Netlist Resource(s)
  -------------------------------------------------------------------    -------------------
                         (clock clk rise edge)        0.000     0.000 r  
                                                      0.000     0.000 r  clk (IN)
                         net (fo=0)                   0.000     0.000    clk
                         IBUF (Prop_ibuf_I_O)         0.876     0.876 r  clk_IBUF_inst/O
                         net (fo=1, unplaced)         0.646     1.522    clk_IBUF
                         BUFG (Prop_bufg_I_O)         0.081     1.603 r  clk_IBUF_BUFG_inst/O
                         net (fo=372, unplaced)       0.584     2.187    u_mimo_detector_top/u_gs_solver/clk_IBUF_BUFG
                         FDCE                                         r  u_mimo_detector_top/u_gs_solver/idx_reg[1]_rep__0/C
  -------------------------------------------------------------------    -------------------
                         FDCE (Prop_fdce_C_Q)         0.379     2.566 r  u_mimo_detector_top/u_gs_solver/idx_reg[1]_rep__0/Q
                         net (fo=88, unplaced)        0.458     3.024    u_mimo_detector_top/u_gs_solver/idx_reg[1]_rep__0_0
                         LUT2 (Prop_lut2_I0_O)        0.232     3.256 r  u_mimo_detector_top/u_gs_solver/p_1_out__1_i_60/O
                         net (fo=178, unplaced)       0.461     3.717    u_mimo_detector_top/u_gs_solver/p_1_out__1_i_60_n_0
                         LUT3 (Prop_lut3_I1_O)        0.105     3.822 r  u_mimo_detector_top/u_gs_solver/p_1_out__2_i_1/O
                         net (fo=22, unplaced)        0.646     4.467    u_mimo_detector_top/u_gs_solver/x_re_reg[0][21]_0
                         DSP48E1 (Prop_dsp48e1_A[29]_P[18])
                                                      3.230     7.697 r  u_mimo_detector_top/u_gs_solver/p_1_out__0__0/P[18]
                         net (fo=2, unplaced)         0.646     8.343    u_mimo_detector_top/u_gs_solver/p_1_out__0__0_n_87
                         LUT2 (Prop_lut2_I0_O)        0.105     8.448 r  u_mimo_detector_top/u_gs_solver/x_im[3][21]_i_2021/O
                         net (fo=1, unplaced)         0.000     8.448    u_mimo_detector_top/u_gs_solver/x_im[3][21]_i_2021_n_0
                         CARRY4 (Prop_carry4_S[1]_CO[3])
                                                      0.444     8.892 r  u_mimo_detector_top/u_gs_solver/x_im_reg[3][21]_i_1665/CO[3]
                         net (fo=1, unplaced)         0.008     8.900    u_mimo_detector_top/u_gs_solver/x_im_reg[3][21]_i_1665_n_0
                         CARRY4 (Prop_carry4_CI_O[1])
                                                      0.269     9.169 r  u_mimo_detector_top/u_gs_solver/x_im_reg[3][21]_i_1333/O[1]
                         net (fo=1, unplaced)         0.472     9.641    u_mimo_detector_top/u_gs_solver/x_im_reg[3][21]_i_1333_n_6
                         LUT2 (Prop_lut2_I1_O)        0.245     9.886 r  u_mimo_detector_top/u_gs_solver/x_im[3][21]_i_1304/O
                         net (fo=1, unplaced)         0.000     9.886    u_mimo_detector_top/u_gs_solver/x_im[3][21]_i_1304_n_0
                         CARRY4 (Prop_carry4_S[2]_CO[3])
                                                      0.316    10.202 r  u_mimo_detector_top/u_gs_solver/x_im_reg[3][21]_i_992/CO[3]
                         net (fo=1, unplaced)         0.000    10.202    u_mimo_detector_top/u_gs_solver/x_im_reg[3][21]_i_992_n_0
                         CARRY4 (Prop_carry4_CI_O[3])
                                                      0.277    10.479 f  u_mimo_detector_top/u_gs_solver/x_im_reg[3][21]_i_715/O[3]
                         net (fo=2, unplaced)         0.530    11.009    u_mimo_detector_top/u_gs_solver/x_im_reg[3][21]_i_715_n_4
                         LUT5 (Prop_lut5_I0_O)        0.250    11.259 r  u_mimo_detector_top/u_gs_solver/x_im[3][21]_i_495/O
                         net (fo=2, unplaced)         0.339    11.598    u_mimo_detector_top/u_gs_solver/x_im[3][21]_i_495_n_0
                         LUT6 (Prop_lut6_I0_O)        0.105    11.703 r  u_mimo_detector_top/u_gs_solver/x_im[3][21]_i_499/O
                         net (fo=1, unplaced)         0.000    11.703    u_mimo_detector_top/u_gs_solver/x_im[3][21]_i_499_n_0
                         CARRY4 (Prop_carry4_S[0]_CO[3])
                                                      0.423    12.126 r  u_mimo_detector_top/u_gs_solver/x_im_reg[3][21]_i_312/CO[3]
                         net (fo=1, unplaced)         0.000    12.126    u_mimo_detector_top/u_gs_solver/x_im_reg[3][21]_i_312_n_0
                         CARRY4 (Prop_carry4_CI_O[3])
                                                      0.277    12.403 r  u_mimo_detector_top/u_gs_solver/x_im_reg[3][21]_i_196/O[3]
                         net (fo=3, unplaced)         0.537    12.940    u_mimo_detector_top/u_gs_solver/x_im_reg[3][21]_i_196_n_4
                         LUT4 (Prop_lut4_I3_O)        0.250    13.190 r  u_mimo_detector_top/u_gs_solver/x_im[3][21]_i_203/O
                         net (fo=2, unplaced)         0.358    13.548    u_mimo_detector_top/u_gs_solver/x_im[3][21]_i_203_n_0
                         LUT6 (Prop_lut6_I5_O)        0.105    13.653 f  u_mimo_detector_top/u_gs_solver/x_im[3][21]_i_104/O
                         net (fo=2, unplaced)         0.339    13.992    u_mimo_detector_top/u_gs_solver/x_im[3][21]_i_104_n_0
                         LUT2 (Prop_lut2_I0_O)        0.105    14.097 r  u_mimo_detector_top/u_gs_solver/x_im[3][21]_i_41/O
                         net (fo=2, unplaced)         0.548    14.645    u_mimo_detector_top/u_gs_solver/x_im[3][21]_i_41_n_0
                         CARRY4 (Prop_carry4_DI[1]_O[3])
                                                      0.519    15.164 f  u_mimo_detector_top/u_gs_solver/x_im_reg[3][21]_i_13/O[3]
                         net (fo=110, unplaced)       0.621    15.785    u_mimo_detector_top/u_gs_solver/x_im[3][21]_i_46_0[0]
                         LUT1 (Prop_lut1_I0_O)        0.250    16.035 r  u_mimo_detector_top/u_gs_solver/x_im[3][21]_i_4410/O
                         net (fo=1, unplaced)         0.000    16.035    u_mimo_detector_top/u_gs_solver/p_0_in0
                         CARRY4 (Prop_carry4_S[0]_CO[1])
                                                      0.381    16.416 f  u_mimo_detector_top/u_gs_solver/x_im_reg[3][21]_i_4263/CO[1]
                         net (fo=32, unplaced)        0.311    16.727    u_mimo_detector_top/u_gs_solver/x_im_reg[3][21]_i_4263_n_2
                         LUT2 (Prop_lut2_I1_O)        0.277    17.004 r  u_mimo_detector_top/u_gs_solver/x_im[3][21]_i_6455/O
                         net (fo=1, unplaced)         0.000    17.004    u_mimo_detector_top/u_gram_matrix_compute/x_im_reg[3][21]_i_6154_0[0]
                         CARRY4 (Prop_carry4_DI[0]_CO[3])
                                                      0.477    17.481 r  u_mimo_detector_top/u_gram_matrix_compute/x_im_reg[3][21]_i_6339/CO[3]
                         net (fo=1, unplaced)         0.008    17.489    u_mimo_detector_top/u_gram_matrix_compute/x_im_reg[3][21]_i_6339_n_0
                         CARRY4 (Prop_carry4_CI_CO[3])
                                                      0.100    17.589 r  u_mimo_detector_top/u_gram_matrix_compute/x_im_reg[3][21]_i_6334/CO[3]
                         net (fo=1, unplaced)         0.000    17.589    u_mimo_detector_top/u_gram_matrix_compute/x_im_reg[3][21]_i_6334_n_0
                         CARRY4 (Prop_carry4_CI_CO[3])
                                                      0.100    17.689 r  u_mimo_detector_top/u_gram_matrix_compute/x_im_reg[3][21]_i_6329/CO[3]
                         net (fo=1, unplaced)         0.000    17.689    u_mimo_detector_top/u_gram_matrix_compute/x_im_reg[3][21]_i_6329_n_0
                         CARRY4 (Prop_carry4_CI_CO[3])
                                                      0.100    17.789 r  u_mimo_detector_top/u_gram_matrix_compute/x_im_reg[3][21]_i_6324/CO[3]
                         net (fo=1, unplaced)         0.000    17.789    u_mimo_detector_top/u_gram_matrix_compute/x_im_reg[3][21]_i_6324_n_0
                         CARRY4 (Prop_carry4_CI_CO[3])
                                                      0.100    17.889 r  u_mimo_detector_top/u_gram_matrix_compute/x_im_reg[3][21]_i_6319/CO[3]
                         net (fo=1, unplaced)         0.000    17.889    u_mimo_detector_top/u_gram_matrix_compute/x_im_reg[3][21]_i_6319_n_0
                         CARRY4 (Prop_carry4_CI_CO[3])
                                                      0.100    17.989 r  u_mimo_detector_top/u_gram_matrix_compute/x_im_reg[3][21]_i_6314/CO[3]
                         net (fo=1, unplaced)         0.000    17.989    u_mimo_detector_top/u_gram_matrix_compute/x_im_reg[3][21]_i_6314_n_0
                         CARRY4 (Prop_carry4_CI_CO[3])
                                                      0.100    18.089 r  u_mimo_detector_top/u_gram_matrix_compute/x_im_reg[3][21]_i_6309/CO[3]
                         net (fo=1, unplaced)         0.000    18.089    u_mimo_detector_top/u_gram_matrix_compute/x_im_reg[3][21]_i_6309_n_0
                         CARRY4 (Prop_carry4_CI_CO[3])
                                                      0.100    18.189 r  u_mimo_detector_top/u_gram_matrix_compute/x_im_reg[3][21]_i_6304/CO[3]
                         net (fo=1, unplaced)         0.000    18.189    u_mimo_detector_top/u_gram_matrix_compute/x_im_reg[3][21]_i_6304_n_0
                         CARRY4 (Prop_carry4_CI_CO[3])
                                                      0.100    18.289 r  u_mimo_detector_top/u_gram_matrix_compute/x_im_reg[3][21]_i_6299/CO[3]
                         net (fo=1, unplaced)         0.000    18.289    u_mimo_detector_top/u_gram_matrix_compute/x_im_reg[3][21]_i_6299_n_0
                         CARRY4 (Prop_carry4_CI_CO[3])
                                                      0.100    18.389 r  u_mimo_detector_top/u_gram_matrix_compute/x_im_reg[3][21]_i_6294/CO[3]
                         net (fo=1, unplaced)         0.000    18.389    u_mimo_detector_top/u_gram_matrix_compute/x_im_reg[3][21]_i_6294_n_0
                         CARRY4 (Prop_carry4_CI_CO[3])
                                                      0.100    18.489 r  u_mimo_detector_top/u_gram_matrix_compute/x_im_reg[3][21]_i_6289/CO[3]
                         net (fo=1, unplaced)         0.000    18.489    u_mimo_detector_top/u_gram_matrix_compute/x_im_reg[3][21]_i_6289_n_0
                         CARRY4 (Prop_carry4_CI_CO[3])
                                                      0.100    18.589 r  u_mimo_detector_top/u_gram_matrix_compute/x_im_reg[3][21]_i_6284/CO[3]
                         net (fo=1, unplaced)         0.000    18.589    u_mimo_detector_top/u_gram_matrix_compute/x_im_reg[3][21]_i_6284_n_0
                         CARRY4 (Prop_carry4_CI_CO[3])
                                                      0.100    18.689 r  u_mimo_detector_top/u_gram_matrix_compute/x_im_reg[3][21]_i_6279/CO[3]
                         net (fo=1, unplaced)         0.000    18.689    u_mimo_detector_top/u_gram_matrix_compute/x_im_reg[3][21]_i_6279_n_0
                         CARRY4 (Prop_carry4_CI_CO[3])
                                                      0.100    18.789 r  u_mimo_detector_top/u_gram_matrix_compute/x_im_reg[3][21]_i_6276/CO[3]
                         net (fo=1, unplaced)         0.000    18.789    u_mimo_detector_top/u_gram_matrix_compute/x_im_reg[3][21]_i_6276_n_0
                         CARRY4 (Prop_carry4_CI_CO[0])
                                                      0.238    19.027 r  u_mimo_detector_top/u_gram_matrix_compute/x_im_reg[3][21]_i_6275/CO[0]
                         net (fo=59, unplaced)        0.326    19.353    u_mimo_detector_top/u_gs_solver/x_im_reg[3][21]_i_6154[0]
                         LUT4 (Prop_lut4_I0_O)        0.297    19.650 r  u_mimo_detector_top/u_gs_solver/x_im[3][21]_i_6347/O
                         net (fo=1, unplaced)         0.000    19.650    u_mimo_detector_top/u_gram_matrix_compute/x_im_reg[3][21]_i_6008_1[0]
                         CARRY4 (Prop_carry4_S[1]_CO[3])
                                                      0.444    20.094 r  u_mimo_detector_top/u_gram_matrix_compute/x_im_reg[3][21]_i_6154/CO[3]
                         net (fo=1, unplaced)         0.008    20.102    u_mimo_detector_top/u_gram_matrix_compute/x_im_reg[3][21]_i_6154_n_0
                         CARRY4 (Prop_carry4_CI_CO[3])
                                                      0.100    20.202 r  u_mimo_detector_top/u_gram_matrix_compute/x_im_reg[3][21]_i_6149/CO[3]
                         net (fo=1, unplaced)         0.000    20.202    u_mimo_detector_top/u_gram_matrix_compute/x_im_reg[3][21]_i_6149_n_0
                         CARRY4 (Prop_carry4_CI_CO[3])
                                                      0.100    20.302 r  u_mimo_detector_top/u_gram_matrix_compute/x_im_reg[3][21]_i_6144/CO[3]
                         net (fo=1, unplaced)         0.000    20.302    u_mimo_detector_top/u_gram_matrix_compute/x_im_reg[3][21]_i_6144_n_0
                         CARRY4 (Prop_carry4_CI_CO[3])
                                                      0.100    20.402 r  u_mimo_detector_top/u_gram_matrix_compute/x_im_reg[3][21]_i_6139/CO[3]
                         net (fo=1, unplaced)         0.000    20.402    u_mimo_detector_top/u_gram_matrix_compute/x_im_reg[3][21]_i_6139_n_0
                         CARRY4 (Prop_carry4_CI_CO[3])
                                                      0.100    20.502 r  u_mimo_detector_top/u_gram_matrix_compute/x_im_reg[3][21]_i_6134/CO[3]
                         net (fo=1, unplaced)         0.000    20.502    u_mimo_detector_top/u_gram_matrix_compute/x_im_reg[3][21]_i_6134_n_0
                         CARRY4 (Prop_carry4_CI_CO[3])
                                                      0.100    20.602 r  u_mimo_detector_top/u_gram_matrix_compute/x_im_reg[3][21]_i_6129/CO[3]
                         net (fo=1, unplaced)         0.000    20.602    u_mimo_detector_top/u_gram_matrix_compute/x_im_reg[3][21]_i_6129_n_0
                         CARRY4 (Prop_carry4_CI_CO[3])
                                                      0.100    20.702 r  u_mimo_detector_top/u_gram_matrix_compute/x_im_reg[3][21]_i_6124/CO[3]
                         net (fo=1, unplaced)         0.000    20.702    u_mimo_detector_top/u_gram_matrix_compute/x_im_reg[3][21]_i_6124_n_0
                         CARRY4 (Prop_carry4_CI_CO[3])
                                                      0.100    20.802 r  u_mimo_detector_top/u_gram_matrix_compute/x_im_reg[3][21]_i_6119/CO[3]
                         net (fo=1, unplaced)         0.000    20.802    u_mimo_detector_top/u_gram_matrix_compute/x_im_reg[3][21]_i_6119_n_0
                         CARRY4 (Prop_carry4_CI_CO[3])
                                                      0.100    20.902 r  u_mimo_detector_top/u_gram_matrix_compute/x_im_reg[3][21]_i_6114/CO[3]
                         net (fo=1, unplaced)         0.000    20.902    u_mimo_detector_top/u_gram_matrix_compute/x_im_reg[3][21]_i_6114_n_0
                         CARRY4 (Prop_carry4_CI_CO[3])
                                                      0.100    21.002 r  u_mimo_detector_top/u_gram_matrix_compute/x_im_reg[3][21]_i_6109/CO[3]
                         net (fo=1, unplaced)         0.000    21.002    u_mimo_detector_top/u_gram_matrix_compute/x_im_reg[3][21]_i_6109_n_0
                         CARRY4 (Prop_carry4_CI_CO[3])
                                                      0.100    21.102 r  u_mimo_detector_top/u_gram_matrix_compute/x_im_reg[3][21]_i_6104/CO[3]
                         net (fo=1, unplaced)         0.000    21.102    u_mimo_detector_top/u_gram_matrix_compute/x_im_reg[3][21]_i_6104_n_0
                         CARRY4 (Prop_carry4_CI_CO[3])
                                                      0.100    21.202 r  u_mimo_detector_top/u_gram_matrix_compute/x_im_reg[3][21]_i_6099/CO[3]
                         net (fo=1, unplaced)         0.000    21.202    u_mimo_detector_top/u_gram_matrix_compute/x_im_reg[3][21]_i_6099_n_0
                         CARRY4 (Prop_carry4_CI_CO[3])
                                                      0.100    21.302 r  u_mimo_detector_top/u_gram_matrix_compute/x_im_reg[3][21]_i_6094/CO[3]
                         net (fo=1, unplaced)         0.000    21.302    u_mimo_detector_top/u_gram_matrix_compute/x_im_reg[3][21]_i_6094_n_0
                         CARRY4 (Prop_carry4_CI_CO[3])
                                                      0.100    21.402 r  u_mimo_detector_top/u_gram_matrix_compute/x_im_reg[3][21]_i_6091/CO[3]
                         net (fo=1, unplaced)         0.000    21.402    u_mimo_detector_top/u_gram_matrix_compute/x_im_reg[3][21]_i_6091_n_0
                         CARRY4 (Prop_carry4_CI_CO[1])
                                                      0.150    21.552 r  u_mimo_detector_top/u_gram_matrix_compute/x_im_reg[3][21]_i_6090/CO[1]
                         net (fo=59, unplaced)        0.488    22.040    u_mimo_detector_top/u_gram_matrix_compute/x_im[3][21]_i_6278_0[0]
                         CARRY4 (Prop_carry4_CYINIT_CO[3])
                                                      0.666    22.706 r  u_mimo_detector_top/u_gram_matrix_compute/x_im_reg[3][21]_i_6008/CO[3]
                         net (fo=1, unplaced)         0.008    22.714    u_mimo_detector_top/u_gram_matrix_compute/x_im_reg[3][21]_i_6008_n_0
                         CARRY4 (Prop_carry4_CI_CO[3])
                                                      0.100    22.814 r  u_mimo_detector_top/u_gram_matrix_compute/x_im_reg[3][21]_i_6003/CO[3]
                         net (fo=1, unplaced)         0.000    22.814    u_mimo_detector_top/u_gram_matrix_compute/x_im_reg[3][21]_i_6003_n_0
                         CARRY4 (Prop_carry4_CI_CO[3])
                                                      0.100    22.914 r  u_mimo_detector_top/u_gram_matrix_compute/x_im_reg[3][21]_i_5998/CO[3]
                         net (fo=1, unplaced)         0.000    22.914    u_mimo_detector_top/u_gram_matrix_compute/x_im_reg[3][21]_i_5998_n_0
                         CARRY4 (Prop_carry4_CI_CO[3])
                                                      0.100    23.014 r  u_mimo_detector_top/u_gram_matrix_compute/x_im_reg[3][21]_i_5993/CO[3]
                         net (fo=1, unplaced)         0.000    23.014    u_mimo_detector_top/u_gram_matrix_compute/x_im_reg[3][21]_i_5993_n_0
                         CARRY4 (Prop_carry4_CI_CO[3])
                                                      0.100    23.114 r  u_mimo_detector_top/u_gram_matrix_compute/x_im_reg[3][21]_i_5988/CO[3]
                         net (fo=1, unplaced)         0.000    23.114    u_mimo_detector_top/u_gram_matrix_compute/x_im_reg[3][21]_i_5988_n_0
                         CARRY4 (Prop_carry4_CI_CO[3])
                                                      0.100    23.214 r  u_mimo_detector_top/u_gram_matrix_compute/x_im_reg[3][21]_i_5983/CO[3]
                         net (fo=1, unplaced)         0.000    23.214    u_mimo_detector_top/u_gram_matrix_compute/x_im_reg[3][21]_i_5983_n_0
                         CARRY4 (Prop_carry4_CI_CO[3])
                                                      0.100    23.314 r  u_mimo_detector_top/u_gram_matrix_compute/x_im_reg[3][21]_i_5978/CO[3]
                         net (fo=1, unplaced)         0.000    23.314    u_mimo_detector_top/u_gram_matrix_compute/x_im_reg[3][21]_i_5978_n_0
                         CARRY4 (Prop_carry4_CI_CO[3])
                                                      0.100    23.414 r  u_mimo_detector_top/u_gram_matrix_compute/x_im_reg[3][21]_i_5973/CO[3]
                         net (fo=1, unplaced)         0.000    23.414    u_mimo_detector_top/u_gram_matrix_compute/x_im_reg[3][21]_i_5973_n_0
                         CARRY4 (Prop_carry4_CI_CO[3])
                                                      0.100    23.514 r  u_mimo_detector_top/u_gram_matrix_compute/x_im_reg[3][21]_i_5968/CO[3]
                         net (fo=1, unplaced)         0.000    23.514    u_mimo_detector_top/u_gram_matrix_compute/x_im_reg[3][21]_i_5968_n_0
                         CARRY4 (Prop_carry4_CI_CO[3])
                                                      0.100    23.614 r  u_mimo_detector_top/u_gram_matrix_compute/x_im_reg[3][21]_i_5963/CO[3]
                         net (fo=1, unplaced)         0.000    23.614    u_mimo_detector_top/u_gram_matrix_compute/x_im_reg[3][21]_i_5963_n_0
                         CARRY4 (Prop_carry4_CI_CO[3])
                                                      0.100    23.714 r  u_mimo_detector_top/u_gram_matrix_compute/x_im_reg[3][21]_i_5958/CO[3]
                         net (fo=1, unplaced)         0.000    23.714    u_mimo_detector_top/u_gram_matrix_compute/x_im_reg[3][21]_i_5958_n_0
                         CARRY4 (Prop_carry4_CI_CO[3])
                                                      0.100    23.814 r  u_mimo_detector_top/u_gram_matrix_compute/x_im_reg[3][21]_i_5953/CO[3]
                         net (fo=1, unplaced)         0.000    23.814    u_mimo_detector_top/u_gram_matrix_compute/x_im_reg[3][21]_i_5953_n_0
                         CARRY4 (Prop_carry4_CI_CO[3])
                                                      0.100    23.914 r  u_mimo_detector_top/u_gram_matrix_compute/x_im_reg[3][21]_i_5948/CO[3]
                         net (fo=1, unplaced)         0.000    23.914    u_mimo_detector_top/u_gram_matrix_compute/x_im_reg[3][21]_i_5948_n_0
                         CARRY4 (Prop_carry4_CI_CO[3])
                                                      0.100    24.014 r  u_mimo_detector_top/u_gram_matrix_compute/x_im_reg[3][21]_i_5945/CO[3]
                         net (fo=1, unplaced)         0.000    24.014    u_mimo_detector_top/u_gram_matrix_compute/x_im_reg[3][21]_i_5945_n_0
                         CARRY4 (Prop_carry4_CI_CO[1])
                                                      0.150    24.164 r  u_mimo_detector_top/u_gram_matrix_compute/x_im_reg[3][21]_i_5944/CO[1]
                         net (fo=59, unplaced)        0.488    24.652    u_mimo_detector_top/u_gram_matrix_compute/x_im[3][21]_i_6093_0[0]
                         CARRY4 (Prop_carry4_CYINIT_CO[3])
                                                      0.666    25.318 r  u_mimo_detector_top/u_gram_matrix_compute/x_im_reg[3][21]_i_5862/CO[3]
                         net (fo=1, unplaced)         0.008    25.326    u_mimo_detector_top/u_gram_matrix_compute/x_im_reg[3][21]_i_5862_n_0
                         CARRY4 (Prop_carry4_CI_CO[3])
                                                      0.100    25.426 r  u_mimo_detector_top/u_gram_matrix_compute/x_im_reg[3][21]_i_5857/CO[3]
                         net (fo=1, unplaced)         0.000    25.426    u_mimo_detector_top/u_gram_matrix_compute/x_im_reg[3][21]_i_5857_n_0
                         CARRY4 (Prop_carry4_CI_CO[3])
                                                      0.100    25.526 r  u_mimo_detector_top/u_gram_matrix_compute/x_im_reg[3][21]_i_5852/CO[3]
                         net (fo=1, unplaced)         0.000    25.526    u_mimo_detector_top/u_gram_matrix_compute/x_im_reg[3][21]_i_5852_n_0
                         CARRY4 (Prop_carry4_CI_CO[3])
                                                      0.100    25.626 r  u_mimo_detector_top/u_gram_matrix_compute/x_im_reg[3][21]_i_5847/CO[3]
                         net (fo=1, unplaced)         0.000    25.626    u_mimo_detector_top/u_gram_matrix_compute/x_im_reg[3][21]_i_5847_n_0
                         CARRY4 (Prop_carry4_CI_CO[3])
                                                      0.100    25.726 r  u_mimo_detector_top/u_gram_matrix_compute/x_im_reg[3][21]_i_5842/CO[3]
                         net (fo=1, unplaced)         0.000    25.726    u_mimo_detector_top/u_gram_matrix_compute/x_im_reg[3][21]_i_5842_n_0
                         CARRY4 (Prop_carry4_CI_CO[3])
                                                      0.100    25.826 r  u_mimo_detector_top/u_gram_matrix_compute/x_im_reg[3][21]_i_5837/CO[3]
                         net (fo=1, unplaced)         0.000    25.826    u_mimo_detector_top/u_gram_matrix_compute/x_im_reg[3][21]_i_5837_n_0
                         CARRY4 (Prop_carry4_CI_CO[3])
                                                      0.100    25.926 r  u_mimo_detector_top/u_gram_matrix_compute/x_im_reg[3][21]_i_5832/CO[3]
                         net (fo=1, unplaced)         0.000    25.926    u_mimo_detector_top/u_gram_matrix_compute/x_im_reg[3][21]_i_5832_n_0
                         CARRY4 (Prop_carry4_CI_CO[3])
                                                      0.100    26.026 r  u_mimo_detector_top/u_gram_matrix_compute/x_im_reg[3][21]_i_5827/CO[3]
                         net (fo=1, unplaced)         0.000    26.026    u_mimo_detector_top/u_gram_matrix_compute/x_im_reg[3][21]_i_5827_n_0
                         CARRY4 (Prop_carry4_CI_CO[3])
                                                      0.100    26.126 r  u_mimo_detector_top/u_gram_matrix_compute/x_im_reg[3][21]_i_5822/CO[3]
                         net (fo=1, unplaced)         0.000    26.126    u_mimo_detector_top/u_gram_matrix_compute/x_im_reg[3][21]_i_5822_n_0
                         CARRY4 (Prop_carry4_CI_CO[3])
                                                      0.100    26.226 r  u_mimo_detector_top/u_gram_matrix_compute/x_im_reg[3][21]_i_5817/CO[3]
                         net (fo=1, unplaced)         0.000    26.226    u_mimo_detector_top/u_gram_matrix_compute/x_im_reg[3][21]_i_5817_n_0
                         CARRY4 (Prop_carry4_CI_CO[3])
                                                      0.100    26.326 r  u_mimo_detector_top/u_gram_matrix_compute/x_im_reg[3][21]_i_5812/CO[3]
                         net (fo=1, unplaced)         0.000    26.326    u_mimo_detector_top/u_gram_matrix_compute/x_im_reg[3][21]_i_5812_n_0
                         CARRY4 (Prop_carry4_CI_CO[3])
                                                      0.100    26.426 r  u_mimo_detector_top/u_gram_matrix_compute/x_im_reg[3][21]_i_5807/CO[3]
                         net (fo=1, unplaced)         0.000    26.426    u_mimo_detector_top/u_gram_matrix_compute/x_im_reg[3][21]_i_5807_n_0
                         CARRY4 (Prop_carry4_CI_CO[3])
                                                      0.100    26.526 r  u_mimo_detector_top/u_gram_matrix_compute/x_im_reg[3][21]_i_5802/CO[3]
                         net (fo=1, unplaced)         0.000    26.526    u_mimo_detector_top/u_gram_matrix_compute/x_im_reg[3][21]_i_5802_n_0
                         CARRY4 (Prop_carry4_CI_CO[3])
                                                      0.100    26.626 r  u_mimo_detector_top/u_gram_matrix_compute/x_im_reg[3][21]_i_5799/CO[3]
                         net (fo=1, unplaced)         0.000    26.626    u_mimo_detector_top/u_gram_matrix_compute/x_im_reg[3][21]_i_5799_n_0
                         CARRY4 (Prop_carry4_CI_CO[1])
                                                      0.150    26.776 r  u_mimo_detector_top/u_gram_matrix_compute/x_im_reg[3][21]_i_5798/CO[1]
                         net (fo=59, unplaced)        0.488    27.264    u_mimo_detector_top/u_gram_matrix_compute/x_im[3][21]_i_5947_0[0]
                         CARRY4 (Prop_carry4_CYINIT_CO[3])
                                                      0.666    27.930 r  u_mimo_detector_top/u_gram_matrix_compute/x_im_reg[3][21]_i_5716/CO[3]
                         net (fo=1, unplaced)         0.008    27.938    u_mimo_detector_top/u_gram_matrix_compute/x_im_reg[3][21]_i_5716_n_0
                         CARRY4 (Prop_carry4_CI_CO[3])
                                                      0.100    28.038 r  u_mimo_detector_top/u_gram_matrix_compute/x_im_reg[3][21]_i_5711/CO[3]
                         net (fo=1, unplaced)         0.000    28.038    u_mimo_detector_top/u_gram_matrix_compute/x_im_reg[3][21]_i_5711_n_0
                         CARRY4 (Prop_carry4_CI_CO[3])
                                                      0.100    28.138 r  u_mimo_detector_top/u_gram_matrix_compute/x_im_reg[3][21]_i_5706/CO[3]
                         net (fo=1, unplaced)         0.000    28.138    u_mimo_detector_top/u_gram_matrix_compute/x_im_reg[3][21]_i_5706_n_0
                         CARRY4 (Prop_carry4_CI_CO[3])
                                                      0.100    28.238 r  u_mimo_detector_top/u_gram_matrix_compute/x_im_reg[3][21]_i_5701/CO[3]
                         net (fo=1, unplaced)         0.000    28.238    u_mimo_detector_top/u_gram_matrix_compute/x_im_reg[3][21]_i_5701_n_0
                         CARRY4 (Prop_carry4_CI_CO[3])
                                                      0.100    28.338 r  u_mimo_detector_top/u_gram_matrix_compute/x_im_reg[3][21]_i_5696/CO[3]
                         net (fo=1, unplaced)         0.000    28.338    u_mimo_detector_top/u_gram_matrix_compute/x_im_reg[3][21]_i_5696_n_0
                         CARRY4 (Prop_carry4_CI_CO[3])
                                                      0.100    28.438 r  u_mimo_detector_top/u_gram_matrix_compute/x_im_reg[3][21]_i_5691/CO[3]
                         net (fo=1, unplaced)         0.000    28.438    u_mimo_detector_top/u_gram_matrix_compute/x_im_reg[3][21]_i_5691_n_0
                         CARRY4 (Prop_carry4_CI_CO[3])
                                                      0.100    28.538 r  u_mimo_detector_top/u_gram_matrix_compute/x_im_reg[3][21]_i_5686/CO[3]
                         net (fo=1, unplaced)         0.000    28.538    u_mimo_detector_top/u_gram_matrix_compute/x_im_reg[3][21]_i_5686_n_0
                         CARRY4 (Prop_carry4_CI_CO[3])
                                                      0.100    28.638 r  u_mimo_detector_top/u_gram_matrix_compute/x_im_reg[3][21]_i_5681/CO[3]
                         net (fo=1, unplaced)         0.000    28.638    u_mimo_detector_top/u_gram_matrix_compute/x_im_reg[3][21]_i_5681_n_0
                         CARRY4 (Prop_carry4_CI_CO[3])
                                                      0.100    28.738 r  u_mimo_detector_top/u_gram_matrix_compute/x_im_reg[3][21]_i_5676/CO[3]
                         net (fo=1, unplaced)         0.000    28.738    u_mimo_detector_top/u_gram_matrix_compute/x_im_reg[3][21]_i_5676_n_0
                         CARRY4 (Prop_carry4_CI_CO[3])
                                                      0.100    28.838 r  u_mimo_detector_top/u_gram_matrix_compute/x_im_reg[3][21]_i_5671/CO[3]
                         net (fo=1, unplaced)         0.000    28.838    u_mimo_detector_top/u_gram_matrix_compute/x_im_reg[3][21]_i_5671_n_0
                         CARRY4 (Prop_carry4_CI_CO[3])
                                                      0.100    28.938 r  u_mimo_detector_top/u_gram_matrix_compute/x_im_reg[3][21]_i_5666/CO[3]
                         net (fo=1, unplaced)         0.000    28.938    u_mimo_detector_top/u_gram_matrix_compute/x_im_reg[3][21]_i_5666_n_0
                         CARRY4 (Prop_carry4_CI_CO[3])
                                                      0.100    29.038 r  u_mimo_detector_top/u_gram_matrix_compute/x_im_reg[3][21]_i_5661/CO[3]
                         net (fo=1, unplaced)         0.000    29.038    u_mimo_detector_top/u_gram_matrix_compute/x_im_reg[3][21]_i_5661_n_0
                         CARRY4 (Prop_carry4_CI_CO[3])
                                                      0.100    29.138 r  u_mimo_detector_top/u_gram_matrix_compute/x_im_reg[3][21]_i_5656/CO[3]
                         net (fo=1, unplaced)         0.000    29.138    u_mimo_detector_top/u_gram_matrix_compute/x_im_reg[3][21]_i_5656_n_0
                         CARRY4 (Prop_carry4_CI_CO[3])
                                                      0.100    29.238 r  u_mimo_detector_top/u_gram_matrix_compute/x_im_reg[3][21]_i_5653/CO[3]
                         net (fo=1, unplaced)         0.000    29.238    u_mimo_detector_top/u_gram_matrix_compute/x_im_reg[3][21]_i_5653_n_0
                         CARRY4 (Prop_carry4_CI_CO[1])
                                                      0.150    29.388 r  u_mimo_detector_top/u_gram_matrix_compute/x_im_reg[3][21]_i_5652/CO[1]
                         net (fo=59, unplaced)        0.488    29.876    u_mimo_detector_top/u_gram_matrix_compute/x_im[3][21]_i_5801_0[0]
                         CARRY4 (Prop_carry4_CYINIT_CO[3])
                                                      0.666    30.542 r  u_mimo_detector_top/u_gram_matrix_compute/x_im_reg[3][21]_i_5570/CO[3]
                         net (fo=1, unplaced)         0.008    30.550    u_mimo_detector_top/u_gram_matrix_compute/x_im_reg[3][21]_i_5570_n_0
                         CARRY4 (Prop_carry4_CI_CO[3])
                                                      0.100    30.650 r  u_mimo_detector_top/u_gram_matrix_compute/x_im_reg[3][21]_i_5565/CO[3]
                         net (fo=1, unplaced)         0.000    30.650    u_mimo_detector_top/u_gram_matrix_compute/x_im_reg[3][21]_i_5565_n_0
                         CARRY4 (Prop_carry4_CI_CO[3])
                                                      0.100    30.750 r  u_mimo_detector_top/u_gram_matrix_compute/x_im_reg[3][21]_i_5560/CO[3]
                         net (fo=1, unplaced)         0.000    30.750    u_mimo_detector_top/u_gram_matrix_compute/x_im_reg[3][21]_i_5560_n_0
                         CARRY4 (Prop_carry4_CI_CO[3])
                                                      0.100    30.850 r  u_mimo_detector_top/u_gram_matrix_compute/x_im_reg[3][21]_i_5555/CO[3]
                         net (fo=1, unplaced)         0.000    30.850    u_mimo_detector_top/u_gram_matrix_compute/x_im_reg[3][21]_i_5555_n_0
                         CARRY4 (Prop_carry4_CI_CO[3])
                                                      0.100    30.950 r  u_mimo_detector_top/u_gram_matrix_compute/x_im_reg[3][21]_i_5550/CO[3]
                         net (fo=1, unplaced)         0.000    30.950    u_mimo_detector_top/u_gram_matrix_compute/x_im_reg[3][21]_i_5550_n_0
                         CARRY4 (Prop_carry4_CI_CO[3])
                                                      0.100    31.050 r  u_mimo_detector_top/u_gram_matrix_compute/x_im_reg[3][21]_i_5545/CO[3]
                         net (fo=1, unplaced)         0.000    31.050    u_mimo_detector_top/u_gram_matrix_compute/x_im_reg[3][21]_i_5545_n_0
                         CARRY4 (Prop_carry4_CI_CO[3])
                                                      0.100    31.150 r  u_mimo_detector_top/u_gram_matrix_compute/x_im_reg[3][21]_i_5540/CO[3]
                         net (fo=1, unplaced)         0.000    31.150    u_mimo_detector_top/u_gram_matrix_compute/x_im_reg[3][21]_i_5540_n_0
                         CARRY4 (Prop_carry4_CI_CO[3])
                                                      0.100    31.250 r  u_mimo_detector_top/u_gram_matrix_compute/x_im_reg[3][21]_i_5535/CO[3]
                         net (fo=1, unplaced)         0.000    31.250    u_mimo_detector_top/u_gram_matrix_compute/x_im_reg[3][21]_i_5535_n_0
                         CARRY4 (Prop_carry4_CI_CO[3])
                                                      0.100    31.350 r  u_mimo_detector_top/u_gram_matrix_compute/x_im_reg[3][21]_i_5530/CO[3]
                         net (fo=1, unplaced)         0.000    31.350    u_mimo_detector_top/u_gram_matrix_compute/x_im_reg[3][21]_i_5530_n_0
                         CARRY4 (Prop_carry4_CI_CO[3])
                                                      0.100    31.450 r  u_mimo_detector_top/u_gram_matrix_compute/x_im_reg[3][21]_i_5525/CO[3]
                         net (fo=1, unplaced)         0.000    31.450    u_mimo_detector_top/u_gram_matrix_compute/x_im_reg[3][21]_i_5525_n_0
                         CARRY4 (Prop_carry4_CI_CO[3])
                                                      0.100    31.550 r  u_mimo_detector_top/u_gram_matrix_compute/x_im_reg[3][21]_i_5520/CO[3]
                         net (fo=1, unplaced)         0.000    31.550    u_mimo_detector_top/u_gram_matrix_compute/x_im_reg[3][21]_i_5520_n_0
                         CARRY4 (Prop_carry4_CI_CO[3])
                                                      0.100    31.650 r  u_mimo_detector_top/u_gram_matrix_compute/x_im_reg[3][21]_i_5515/CO[3]
                         net (fo=1, unplaced)         0.000    31.650    u_mimo_detector_top/u_gram_matrix_compute/x_im_reg[3][21]_i_5515_n_0
                         CARRY4 (Prop_carry4_CI_CO[3])
                                                      0.100    31.750 r  u_mimo_detector_top/u_gram_matrix_compute/x_im_reg[3][21]_i_5510/CO[3]
                         net (fo=1, unplaced)         0.000    31.750    u_mimo_detector_top/u_gram_matrix_compute/x_im_reg[3][21]_i_5510_n_0
                         CARRY4 (Prop_carry4_CI_CO[3])
                                                      0.100    31.850 r  u_mimo_detector_top/u_gram_matrix_compute/x_im_reg[3][21]_i_5507/CO[3]
                         net (fo=1, unplaced)         0.000    31.850    u_mimo_detector_top/u_gram_matrix_compute/x_im_reg[3][21]_i_5507_n_0
                         CARRY4 (Prop_carry4_CI_CO[1])
                                                      0.150    32.000 r  u_mimo_detector_top/u_gram_matrix_compute/x_im_reg[3][21]_i_5506/CO[1]
                         net (fo=59, unplaced)        0.488    32.488    u_mimo_detector_top/u_gram_matrix_compute/x_im[3][21]_i_5655_0[0]
                         CARRY4 (Prop_carry4_CYINIT_CO[3])
                                                      0.666    33.154 r  u_mimo_detector_top/u_gram_matrix_compute/x_im_reg[3][21]_i_5424/CO[3]
                         net (fo=1, unplaced)         0.008    33.162    u_mimo_detector_top/u_gram_matrix_compute/x_im_reg[3][21]_i_5424_n_0
                         CARRY4 (Prop_carry4_CI_CO[3])
                                                      0.100    33.262 r  u_mimo_detector_top/u_gram_matrix_compute/x_im_reg[3][21]_i_5419/CO[3]
                         net (fo=1, unplaced)         0.000    33.262    u_mimo_detector_top/u_gram_matrix_compute/x_im_reg[3][21]_i_5419_n_0
                         CARRY4 (Prop_carry4_CI_CO[3])
                                                      0.100    33.362 r  u_mimo_detector_top/u_gram_matrix_compute/x_im_reg[3][21]_i_5414/CO[3]
                         net (fo=1, unplaced)         0.000    33.362    u_mimo_detector_top/u_gram_matrix_compute/x_im_reg[3][21]_i_5414_n_0
                         CARRY4 (Prop_carry4_CI_CO[3])
                                                      0.100    33.462 r  u_mimo_detector_top/u_gram_matrix_compute/x_im_reg[3][21]_i_5409/CO[3]
                         net (fo=1, unplaced)         0.000    33.462    u_mimo_detector_top/u_gram_matrix_compute/x_im_reg[3][21]_i_5409_n_0
                         CARRY4 (Prop_carry4_CI_CO[3])
                                                      0.100    33.562 r  u_mimo_detector_top/u_gram_matrix_compute/x_im_reg[3][21]_i_5404/CO[3]
                         net (fo=1, unplaced)         0.000    33.562    u_mimo_detector_top/u_gram_matrix_compute/x_im_reg[3][21]_i_5404_n_0
                         CARRY4 (Prop_carry4_CI_CO[3])
                                                      0.100    33.662 r  u_mimo_detector_top/u_gram_matrix_compute/x_im_reg[3][21]_i_5399/CO[3]
                         net (fo=1, unplaced)         0.000    33.662    u_mimo_detector_top/u_gram_matrix_compute/x_im_reg[3][21]_i_5399_n_0
                         CARRY4 (Prop_carry4_CI_CO[3])
                                                      0.100    33.762 r  u_mimo_detector_top/u_gram_matrix_compute/x_im_reg[3][21]_i_5394/CO[3]
                         net (fo=1, unplaced)         0.000    33.762    u_mimo_detector_top/u_gram_matrix_compute/x_im_reg[3][21]_i_5394_n_0
                         CARRY4 (Prop_carry4_CI_CO[3])
                                                      0.100    33.862 r  u_mimo_detector_top/u_gram_matrix_compute/x_im_reg[3][21]_i_5389/CO[3]
                         net (fo=1, unplaced)         0.000    33.862    u_mimo_detector_top/u_gram_matrix_compute/x_im_reg[3][21]_i_5389_n_0
                         CARRY4 (Prop_carry4_CI_CO[3])
                                                      0.100    33.962 r  u_mimo_detector_top/u_gram_matrix_compute/x_im_reg[3][21]_i_5384/CO[3]
                         net (fo=1, unplaced)         0.000    33.962    u_mimo_detector_top/u_gram_matrix_compute/x_im_reg[3][21]_i_5384_n_0
                         CARRY4 (Prop_carry4_CI_CO[3])
                                                      0.100    34.062 r  u_mimo_detector_top/u_gram_matrix_compute/x_im_reg[3][21]_i_5379/CO[3]
                         net (fo=1, unplaced)         0.000    34.062    u_mimo_detector_top/u_gram_matrix_compute/x_im_reg[3][21]_i_5379_n_0
                         CARRY4 (Prop_carry4_CI_CO[3])
                                                      0.100    34.162 r  u_mimo_detector_top/u_gram_matrix_compute/x_im_reg[3][21]_i_5374/CO[3]
                         net (fo=1, unplaced)         0.000    34.162    u_mimo_detector_top/u_gram_matrix_compute/x_im_reg[3][21]_i_5374_n_0
                         CARRY4 (Prop_carry4_CI_CO[3])
                                                      0.100    34.262 r  u_mimo_detector_top/u_gram_matrix_compute/x_im_reg[3][21]_i_5369/CO[3]
                         net (fo=1, unplaced)         0.000    34.262    u_mimo_detector_top/u_gram_matrix_compute/x_im_reg[3][21]_i_5369_n_0
                         CARRY4 (Prop_carry4_CI_CO[3])
                                                      0.100    34.362 r  u_mimo_detector_top/u_gram_matrix_compute/x_im_reg[3][21]_i_5364/CO[3]
                         net (fo=1, unplaced)         0.000    34.362    u_mimo_detector_top/u_gram_matrix_compute/x_im_reg[3][21]_i_5364_n_0
                         CARRY4 (Prop_carry4_CI_CO[3])
                                                      0.100    34.462 r  u_mimo_detector_top/u_gram_matrix_compute/x_im_reg[3][21]_i_5361/CO[3]
                         net (fo=1, unplaced)         0.000    34.462    u_mimo_detector_top/u_gram_matrix_compute/x_im_reg[3][21]_i_5361_n_0
                         CARRY4 (Prop_carry4_CI_CO[1])
                                                      0.150    34.612 r  u_mimo_detector_top/u_gram_matrix_compute/x_im_reg[3][21]_i_5360/CO[1]
                         net (fo=59, unplaced)        0.488    35.100    u_mimo_detector_top/u_gram_matrix_compute/x_im[3][21]_i_5509_0[0]
                         CARRY4 (Prop_carry4_CYINIT_CO[3])
                                                      0.666    35.766 r  u_mimo_detector_top/u_gram_matrix_compute/x_im_reg[3][21]_i_5278/CO[3]
                         net (fo=1, unplaced)         0.008    35.774    u_mimo_detector_top/u_gram_matrix_compute/x_im_reg[3][21]_i_5278_n_0
                         CARRY4 (Prop_carry4_CI_CO[3])
                                                      0.100    35.874 r  u_mimo_detector_top/u_gram_matrix_compute/x_im_reg[3][21]_i_5273/CO[3]
                         net (fo=1, unplaced)         0.000    35.874    u_mimo_detector_top/u_gram_matrix_compute/x_im_reg[3][21]_i_5273_n_0
                         CARRY4 (Prop_carry4_CI_CO[3])
                                                      0.100    35.974 r  u_mimo_detector_top/u_gram_matrix_compute/x_im_reg[3][21]_i_5268/CO[3]
                         net (fo=1, unplaced)         0.000    35.974    u_mimo_detector_top/u_gram_matrix_compute/x_im_reg[3][21]_i_5268_n_0
                         CARRY4 (Prop_carry4_CI_CO[3])
                                                      0.100    36.074 r  u_mimo_detector_top/u_gram_matrix_compute/x_im_reg[3][21]_i_5263/CO[3]
                         net (fo=1, unplaced)         0.000    36.074    u_mimo_detector_top/u_gram_matrix_compute/x_im_reg[3][21]_i_5263_n_0
                         CARRY4 (Prop_carry4_CI_CO[3])
                                                      0.100    36.174 r  u_mimo_detector_top/u_gram_matrix_compute/x_im_reg[3][21]_i_5258/CO[3]
                         net (fo=1, unplaced)         0.000    36.174    u_mimo_detector_top/u_gram_matrix_compute/x_im_reg[3][21]_i_5258_n_0
                         CARRY4 (Prop_carry4_CI_CO[3])
                                                      0.100    36.274 r  u_mimo_detector_top/u_gram_matrix_compute/x_im_reg[3][21]_i_5253/CO[3]
                         net (fo=1, unplaced)         0.000    36.274    u_mimo_detector_top/u_gram_matrix_compute/x_im_reg[3][21]_i_5253_n_0
                         CARRY4 (Prop_carry4_CI_CO[3])
                                                      0.100    36.374 r  u_mimo_detector_top/u_gram_matrix_compute/x_im_reg[3][21]_i_5248/CO[3]
                         net (fo=1, unplaced)         0.000    36.374    u_mimo_detector_top/u_gram_matrix_compute/x_im_reg[3][21]_i_5248_n_0
                         CARRY4 (Prop_carry4_CI_CO[3])
                                                      0.100    36.474 r  u_mimo_detector_top/u_gram_matrix_compute/x_im_reg[3][21]_i_5243/CO[3]
                         net (fo=1, unplaced)         0.000    36.474    u_mimo_detector_top/u_gram_matrix_compute/x_im_reg[3][21]_i_5243_n_0
                         CARRY4 (Prop_carry4_CI_CO[3])
                                                      0.100    36.574 r  u_mimo_detector_top/u_gram_matrix_compute/x_im_reg[3][21]_i_5238/CO[3]
                         net (fo=1, unplaced)         0.000    36.574    u_mimo_detector_top/u_gram_matrix_compute/x_im_reg[3][21]_i_5238_n_0
                         CARRY4 (Prop_carry4_CI_CO[3])
                                                      0.100    36.674 r  u_mimo_detector_top/u_gram_matrix_compute/x_im_reg[3][21]_i_5233/CO[3]
                         net (fo=1, unplaced)         0.000    36.674    u_mimo_detector_top/u_gram_matrix_compute/x_im_reg[3][21]_i_5233_n_0
                         CARRY4 (Prop_carry4_CI_CO[3])
                                                      0.100    36.774 r  u_mimo_detector_top/u_gram_matrix_compute/x_im_reg[3][21]_i_5228/CO[3]
                         net (fo=1, unplaced)         0.000    36.774    u_mimo_detector_top/u_gram_matrix_compute/x_im_reg[3][21]_i_5228_n_0
                         CARRY4 (Prop_carry4_CI_CO[3])
                                                      0.100    36.874 r  u_mimo_detector_top/u_gram_matrix_compute/x_im_reg[3][21]_i_5223/CO[3]
                         net (fo=1, unplaced)         0.000    36.874    u_mimo_detector_top/u_gram_matrix_compute/x_im_reg[3][21]_i_5223_n_0
                         CARRY4 (Prop_carry4_CI_CO[3])
                                                      0.100    36.974 r  u_mimo_detector_top/u_gram_matrix_compute/x_im_reg[3][21]_i_5218/CO[3]
                         net (fo=1, unplaced)         0.000    36.974    u_mimo_detector_top/u_gram_matrix_compute/x_im_reg[3][21]_i_5218_n_0
                         CARRY4 (Prop_carry4_CI_CO[3])
                                                      0.100    37.074 r  u_mimo_detector_top/u_gram_matrix_compute/x_im_reg[3][21]_i_5215/CO[3]
                         net (fo=1, unplaced)         0.000    37.074    u_mimo_detector_top/u_gram_matrix_compute/x_im_reg[3][21]_i_5215_n_0
                         CARRY4 (Prop_carry4_CI_CO[1])
                                                      0.150    37.224 r  u_mimo_detector_top/u_gram_matrix_compute/x_im_reg[3][21]_i_5214/CO[1]
                         net (fo=59, unplaced)        0.488    37.712    u_mimo_detector_top/u_gram_matrix_compute/x_im[3][21]_i_5363_0[0]
                         CARRY4 (Prop_carry4_CYINIT_CO[3])
                                                      0.666    38.378 r  u_mimo_detector_top/u_gram_matrix_compute/x_im_reg[3][21]_i_5132/CO[3]
                         net (fo=1, unplaced)         0.008    38.386    u_mimo_detector_top/u_gram_matrix_compute/x_im_reg[3][21]_i_5132_n_0
                         CARRY4 (Prop_carry4_CI_CO[3])
                                                      0.100    38.486 r  u_mimo_detector_top/u_gram_matrix_compute/x_im_reg[3][21]_i_5127/CO[3]
                         net (fo=1, unplaced)         0.000    38.486    u_mimo_detector_top/u_gram_matrix_compute/x_im_reg[3][21]_i_5127_n_0
                         CARRY4 (Prop_carry4_CI_CO[3])
                                                      0.100    38.586 r  u_mimo_detector_top/u_gram_matrix_compute/x_im_reg[3][21]_i_5122/CO[3]
                         net (fo=1, unplaced)         0.000    38.586    u_mimo_detector_top/u_gram_matrix_compute/x_im_reg[3][21]_i_5122_n_0
                         CARRY4 (Prop_carry4_CI_CO[3])
                                                      0.100    38.686 r  u_mimo_detector_top/u_gram_matrix_compute/x_im_reg[3][21]_i_5117/CO[3]
                         net (fo=1, unplaced)         0.000    38.686    u_mimo_detector_top/u_gram_matrix_compute/x_im_reg[3][21]_i_5117_n_0
                         CARRY4 (Prop_carry4_CI_CO[3])
                                                      0.100    38.786 r  u_mimo_detector_top/u_gram_matrix_compute/x_im_reg[3][21]_i_5112/CO[3]
                         net (fo=1, unplaced)         0.000    38.786    u_mimo_detector_top/u_gram_matrix_compute/x_im_reg[3][21]_i_5112_n_0
                         CARRY4 (Prop_carry4_CI_CO[3])
                                                      0.100    38.886 r  u_mimo_detector_top/u_gram_matrix_compute/x_im_reg[3][21]_i_5107/CO[3]
                         net (fo=1, unplaced)         0.000    38.886    u_mimo_detector_top/u_gram_matrix_compute/x_im_reg[3][21]_i_5107_n_0
                         CARRY4 (Prop_carry4_CI_CO[3])
                                                      0.100    38.986 r  u_mimo_detector_top/u_gram_matrix_compute/x_im_reg[3][21]_i_5102/CO[3]
                         net (fo=1, unplaced)         0.000    38.986    u_mimo_detector_top/u_gram_matrix_compute/x_im_reg[3][21]_i_5102_n_0
                         CARRY4 (Prop_carry4_CI_CO[3])
                                                      0.100    39.086 r  u_mimo_detector_top/u_gram_matrix_compute/x_im_reg[3][21]_i_5097/CO[3]
                         net (fo=1, unplaced)         0.000    39.086    u_mimo_detector_top/u_gram_matrix_compute/x_im_reg[3][21]_i_5097_n_0
                         CARRY4 (Prop_carry4_CI_CO[3])
                                                      0.100    39.186 r  u_mimo_detector_top/u_gram_matrix_compute/x_im_reg[3][21]_i_5092/CO[3]
                         net (fo=1, unplaced)         0.000    39.186    u_mimo_detector_top/u_gram_matrix_compute/x_im_reg[3][21]_i_5092_n_0
                         CARRY4 (Prop_carry4_CI_CO[3])
                                                      0.100    39.286 r  u_mimo_detector_top/u_gram_matrix_compute/x_im_reg[3][21]_i_5087/CO[3]
                         net (fo=1, unplaced)         0.000    39.286    u_mimo_detector_top/u_gram_matrix_compute/x_im_reg[3][21]_i_5087_n_0
                         CARRY4 (Prop_carry4_CI_CO[3])
                                                      0.100    39.386 r  u_mimo_detector_top/u_gram_matrix_compute/x_im_reg[3][21]_i_5082/CO[3]
                         net (fo=1, unplaced)         0.000    39.386    u_mimo_detector_top/u_gram_matrix_compute/x_im_reg[3][21]_i_5082_n_0
                         CARRY4 (Prop_carry4_CI_CO[3])
                                                      0.100    39.486 r  u_mimo_detector_top/u_gram_matrix_compute/x_im_reg[3][21]_i_5077/CO[3]
                         net (fo=1, unplaced)         0.000    39.486    u_mimo_detector_top/u_gram_matrix_compute/x_im_reg[3][21]_i_5077_n_0
                         CARRY4 (Prop_carry4_CI_CO[3])
                                                      0.100    39.586 r  u_mimo_detector_top/u_gram_matrix_compute/x_im_reg[3][21]_i_5072/CO[3]
                         net (fo=1, unplaced)         0.000    39.586    u_mimo_detector_top/u_gram_matrix_compute/x_im_reg[3][21]_i_5072_n_0
                         CARRY4 (Prop_carry4_CI_CO[3])
                                                      0.100    39.686 r  u_mimo_detector_top/u_gram_matrix_compute/x_im_reg[3][21]_i_5069/CO[3]
                         net (fo=1, unplaced)         0.000    39.686    u_mimo_detector_top/u_gram_matrix_compute/x_im_reg[3][21]_i_5069_n_0
                         CARRY4 (Prop_carry4_CI_CO[1])
                                                      0.150    39.836 r  u_mimo_detector_top/u_gram_matrix_compute/x_im_reg[3][21]_i_5068/CO[1]
                         net (fo=59, unplaced)        0.488    40.324    u_mimo_detector_top/u_gram_matrix_compute/x_im[3][21]_i_5217_0[0]
                         CARRY4 (Prop_carry4_CYINIT_CO[3])
                                                      0.666    40.990 r  u_mimo_detector_top/u_gram_matrix_compute/x_im_reg[3][21]_i_4986/CO[3]
                         net (fo=1, unplaced)         0.008    40.998    u_mimo_detector_top/u_gram_matrix_compute/x_im_reg[3][21]_i_4986_n_0
                         CARRY4 (Prop_carry4_CI_CO[3])
                                                      0.100    41.098 r  u_mimo_detector_top/u_gram_matrix_compute/x_im_reg[3][21]_i_4981/CO[3]
                         net (fo=1, unplaced)         0.000    41.098    u_mimo_detector_top/u_gram_matrix_compute/x_im_reg[3][21]_i_4981_n_0
                         CARRY4 (Prop_carry4_CI_CO[3])
                                                      0.100    41.198 r  u_mimo_detector_top/u_gram_matrix_compute/x_im_reg[3][21]_i_4976/CO[3]
                         net (fo=1, unplaced)         0.000    41.198    u_mimo_detector_top/u_gram_matrix_compute/x_im_reg[3][21]_i_4976_n_0
                         CARRY4 (Prop_carry4_CI_CO[3])
                                                      0.100    41.298 r  u_mimo_detector_top/u_gram_matrix_compute/x_im_reg[3][21]_i_4971/CO[3]
                         net (fo=1, unplaced)         0.000    41.298    u_mimo_detector_top/u_gram_matrix_compute/x_im_reg[3][21]_i_4971_n_0
                         CARRY4 (Prop_carry4_CI_CO[3])
                                                      0.100    41.398 r  u_mimo_detector_top/u_gram_matrix_compute/x_im_reg[3][21]_i_4966/CO[3]
                         net (fo=1, unplaced)         0.000    41.398    u_mimo_detector_top/u_gram_matrix_compute/x_im_reg[3][21]_i_4966_n_0
                         CARRY4 (Prop_carry4_CI_CO[3])
                                                      0.100    41.498 r  u_mimo_detector_top/u_gram_matrix_compute/x_im_reg[3][21]_i_4961/CO[3]
                         net (fo=1, unplaced)         0.000    41.498    u_mimo_detector_top/u_gram_matrix_compute/x_im_reg[3][21]_i_4961_n_0
                         CARRY4 (Prop_carry4_CI_CO[3])
                                                      0.100    41.598 r  u_mimo_detector_top/u_gram_matrix_compute/x_im_reg[3][21]_i_4956/CO[3]
                         net (fo=1, unplaced)         0.000    41.598    u_mimo_detector_top/u_gram_matrix_compute/x_im_reg[3][21]_i_4956_n_0
                         CARRY4 (Prop_carry4_CI_CO[3])
                                                      0.100    41.698 r  u_mimo_detector_top/u_gram_matrix_compute/x_im_reg[3][21]_i_4951/CO[3]
                         net (fo=1, unplaced)         0.000    41.698    u_mimo_detector_top/u_gram_matrix_compute/x_im_reg[3][21]_i_4951_n_0
                         CARRY4 (Prop_carry4_CI_CO[3])
                                                      0.100    41.798 r  u_mimo_detector_top/u_gram_matrix_compute/x_im_reg[3][21]_i_4946/CO[3]
                         net (fo=1, unplaced)         0.000    41.798    u_mimo_detector_top/u_gram_matrix_compute/x_im_reg[3][21]_i_4946_n_0
                         CARRY4 (Prop_carry4_CI_CO[3])
                                                      0.100    41.898 r  u_mimo_detector_top/u_gram_matrix_compute/x_im_reg[3][21]_i_4941/CO[3]
                         net (fo=1, unplaced)         0.000    41.898    u_mimo_detector_top/u_gram_matrix_compute/x_im_reg[3][21]_i_4941_n_0
                         CARRY4 (Prop_carry4_CI_CO[3])
                                                      0.100    41.998 r  u_mimo_detector_top/u_gram_matrix_compute/x_im_reg[3][21]_i_4936/CO[3]
                         net (fo=1, unplaced)         0.000    41.998    u_mimo_detector_top/u_gram_matrix_compute/x_im_reg[3][21]_i_4936_n_0
                         CARRY4 (Prop_carry4_CI_CO[3])
                                                      0.100    42.098 r  u_mimo_detector_top/u_gram_matrix_compute/x_im_reg[3][21]_i_4931/CO[3]
                         net (fo=1, unplaced)         0.000    42.098    u_mimo_detector_top/u_gram_matrix_compute/x_im_reg[3][21]_i_4931_n_0
                         CARRY4 (Prop_carry4_CI_CO[3])
                                                      0.100    42.198 r  u_mimo_detector_top/u_gram_matrix_compute/x_im_reg[3][21]_i_4926/CO[3]
                         net (fo=1, unplaced)         0.000    42.198    u_mimo_detector_top/u_gram_matrix_compute/x_im_reg[3][21]_i_4926_n_0
                         CARRY4 (Prop_carry4_CI_CO[3])
                                                      0.100    42.298 r  u_mimo_detector_top/u_gram_matrix_compute/x_im_reg[3][21]_i_4923/CO[3]
                         net (fo=1, unplaced)         0.000    42.298    u_mimo_detector_top/u_gram_matrix_compute/x_im_reg[3][21]_i_4923_n_0
                         CARRY4 (Prop_carry4_CI_CO[1])
                                                      0.150    42.448 r  u_mimo_detector_top/u_gram_matrix_compute/x_im_reg[3][21]_i_4922/CO[1]
                         net (fo=59, unplaced)        0.488    42.936    u_mimo_detector_top/u_gram_matrix_compute/x_im[3][21]_i_5071_0[0]
                         CARRY4 (Prop_carry4_CYINIT_CO[3])
                                                      0.666    43.602 r  u_mimo_detector_top/u_gram_matrix_compute/x_im_reg[3][21]_i_4840/CO[3]
                         net (fo=1, unplaced)         0.008    43.610    u_mimo_detector_top/u_gram_matrix_compute/x_im_reg[3][21]_i_4840_n_0
                         CARRY4 (Prop_carry4_CI_CO[3])
                                                      0.100    43.710 r  u_mimo_detector_top/u_gram_matrix_compute/x_im_reg[3][21]_i_4835/CO[3]
                         net (fo=1, unplaced)         0.000    43.710    u_mimo_detector_top/u_gram_matrix_compute/x_im_reg[3][21]_i_4835_n_0
                         CARRY4 (Prop_carry4_CI_CO[3])
                                                      0.100    43.810 r  u_mimo_detector_top/u_gram_matrix_compute/x_im_reg[3][21]_i_4830/CO[3]
                         net (fo=1, unplaced)         0.000    43.810    u_mimo_detector_top/u_gram_matrix_compute/x_im_reg[3][21]_i_4830_n_0
                         CARRY4 (Prop_carry4_CI_CO[3])
                                                      0.100    43.910 r  u_mimo_detector_top/u_gram_matrix_compute/x_im_reg[3][21]_i_4825/CO[3]
                         net (fo=1, unplaced)         0.000    43.910    u_mimo_detector_top/u_gram_matrix_compute/x_im_reg[3][21]_i_4825_n_0
                         CARRY4 (Prop_carry4_CI_CO[3])
                                                      0.100    44.010 r  u_mimo_detector_top/u_gram_matrix_compute/x_im_reg[3][21]_i_4820/CO[3]
                         net (fo=1, unplaced)         0.000    44.010    u_mimo_detector_top/u_gram_matrix_compute/x_im_reg[3][21]_i_4820_n_0
                         CARRY4 (Prop_carry4_CI_CO[3])
                                                      0.100    44.110 r  u_mimo_detector_top/u_gram_matrix_compute/x_im_reg[3][21]_i_4815/CO[3]
                         net (fo=1, unplaced)         0.000    44.110    u_mimo_detector_top/u_gram_matrix_compute/x_im_reg[3][21]_i_4815_n_0
                         CARRY4 (Prop_carry4_CI_CO[3])
                                                      0.100    44.210 r  u_mimo_detector_top/u_gram_matrix_compute/x_im_reg[3][21]_i_4810/CO[3]
                         net (fo=1, unplaced)         0.000    44.210    u_mimo_detector_top/u_gram_matrix_compute/x_im_reg[3][21]_i_4810_n_0
                         CARRY4 (Prop_carry4_CI_CO[3])
                                                      0.100    44.310 r  u_mimo_detector_top/u_gram_matrix_compute/x_im_reg[3][21]_i_4805/CO[3]
                         net (fo=1, unplaced)         0.000    44.310    u_mimo_detector_top/u_gram_matrix_compute/x_im_reg[3][21]_i_4805_n_0
                         CARRY4 (Prop_carry4_CI_CO[3])
                                                      0.100    44.410 r  u_mimo_detector_top/u_gram_matrix_compute/x_im_reg[3][21]_i_4800/CO[3]
                         net (fo=1, unplaced)         0.000    44.410    u_mimo_detector_top/u_gram_matrix_compute/x_im_reg[3][21]_i_4800_n_0
                         CARRY4 (Prop_carry4_CI_CO[3])
                                                      0.100    44.510 r  u_mimo_detector_top/u_gram_matrix_compute/x_im_reg[3][21]_i_4795/CO[3]
                         net (fo=1, unplaced)         0.000    44.510    u_mimo_detector_top/u_gram_matrix_compute/x_im_reg[3][21]_i_4795_n_0
                         CARRY4 (Prop_carry4_CI_CO[3])
                                                      0.100    44.610 r  u_mimo_detector_top/u_gram_matrix_compute/x_im_reg[3][21]_i_4790/CO[3]
                         net (fo=1, unplaced)         0.000    44.610    u_mimo_detector_top/u_gram_matrix_compute/x_im_reg[3][21]_i_4790_n_0
                         CARRY4 (Prop_carry4_CI_CO[3])
                                                      0.100    44.710 r  u_mimo_detector_top/u_gram_matrix_compute/x_im_reg[3][21]_i_4785/CO[3]
                         net (fo=1, unplaced)         0.000    44.710    u_mimo_detector_top/u_gram_matrix_compute/x_im_reg[3][21]_i_4785_n_0
                         CARRY4 (Prop_carry4_CI_CO[3])
                                                      0.100    44.810 r  u_mimo_detector_top/u_gram_matrix_compute/x_im_reg[3][21]_i_4780/CO[3]
                         net (fo=1, unplaced)         0.000    44.810    u_mimo_detector_top/u_gram_matrix_compute/x_im_reg[3][21]_i_4780_n_0
                         CARRY4 (Prop_carry4_CI_CO[3])
                                                      0.100    44.910 r  u_mimo_detector_top/u_gram_matrix_compute/x_im_reg[3][21]_i_4777/CO[3]
                         net (fo=1, unplaced)         0.000    44.910    u_mimo_detector_top/u_gram_matrix_compute/x_im_reg[3][21]_i_4777_n_0
                         CARRY4 (Prop_carry4_CI_CO[1])
                                                      0.150    45.060 r  u_mimo_detector_top/u_gram_matrix_compute/x_im_reg[3][21]_i_4776/CO[1]
                         net (fo=59, unplaced)        0.488    45.548    u_mimo_detector_top/u_gram_matrix_compute/x_im[3][21]_i_4925_0[0]
                         CARRY4 (Prop_carry4_CYINIT_CO[3])
                                                      0.666    46.214 r  u_mimo_detector_top/u_gram_matrix_compute/x_im_reg[3][21]_i_4694/CO[3]
                         net (fo=1, unplaced)         0.008    46.222    u_mimo_detector_top/u_gram_matrix_compute/x_im_reg[3][21]_i_4694_n_0
                         CARRY4 (Prop_carry4_CI_CO[3])
                                                      0.100    46.322 r  u_mimo_detector_top/u_gram_matrix_compute/x_im_reg[3][21]_i_4689/CO[3]
                         net (fo=1, unplaced)         0.000    46.322    u_mimo_detector_top/u_gram_matrix_compute/x_im_reg[3][21]_i_4689_n_0
                         CARRY4 (Prop_carry4_CI_CO[3])
                                                      0.100    46.422 r  u_mimo_detector_top/u_gram_matrix_compute/x_im_reg[3][21]_i_4684/CO[3]
                         net (fo=1, unplaced)         0.000    46.422    u_mimo_detector_top/u_gram_matrix_compute/x_im_reg[3][21]_i_4684_n_0
                         CARRY4 (Prop_carry4_CI_CO[3])
                                                      0.100    46.522 r  u_mimo_detector_top/u_gram_matrix_compute/x_im_reg[3][21]_i_4679/CO[3]
                         net (fo=1, unplaced)         0.000    46.522    u_mimo_detector_top/u_gram_matrix_compute/x_im_reg[3][21]_i_4679_n_0
                         CARRY4 (Prop_carry4_CI_CO[3])
                                                      0.100    46.622 r  u_mimo_detector_top/u_gram_matrix_compute/x_im_reg[3][21]_i_4674/CO[3]
                         net (fo=1, unplaced)         0.000    46.622    u_mimo_detector_top/u_gram_matrix_compute/x_im_reg[3][21]_i_4674_n_0
                         CARRY4 (Prop_carry4_CI_CO[3])
                                                      0.100    46.722 r  u_mimo_detector_top/u_gram_matrix_compute/x_im_reg[3][21]_i_4669/CO[3]
                         net (fo=1, unplaced)         0.000    46.722    u_mimo_detector_top/u_gram_matrix_compute/x_im_reg[3][21]_i_4669_n_0
                         CARRY4 (Prop_carry4_CI_CO[3])
                                                      0.100    46.822 r  u_mimo_detector_top/u_gram_matrix_compute/x_im_reg[3][21]_i_4664/CO[3]
                         net (fo=1, unplaced)         0.000    46.822    u_mimo_detector_top/u_gram_matrix_compute/x_im_reg[3][21]_i_4664_n_0
                         CARRY4 (Prop_carry4_CI_CO[3])
                                                      0.100    46.922 r  u_mimo_detector_top/u_gram_matrix_compute/x_im_reg[3][21]_i_4659/CO[3]
                         net (fo=1, unplaced)         0.000    46.922    u_mimo_detector_top/u_gram_matrix_compute/x_im_reg[3][21]_i_4659_n_0
                         CARRY4 (Prop_carry4_CI_CO[3])
                                                      0.100    47.022 r  u_mimo_detector_top/u_gram_matrix_compute/x_im_reg[3][21]_i_4654/CO[3]
                         net (fo=1, unplaced)         0.000    47.022    u_mimo_detector_top/u_gram_matrix_compute/x_im_reg[3][21]_i_4654_n_0
                         CARRY4 (Prop_carry4_CI_CO[3])
                                                      0.100    47.122 r  u_mimo_detector_top/u_gram_matrix_compute/x_im_reg[3][21]_i_4649/CO[3]
                         net (fo=1, unplaced)         0.000    47.122    u_mimo_detector_top/u_gram_matrix_compute/x_im_reg[3][21]_i_4649_n_0
                         CARRY4 (Prop_carry4_CI_CO[3])
                                                      0.100    47.222 r  u_mimo_detector_top/u_gram_matrix_compute/x_im_reg[3][21]_i_4644/CO[3]
                         net (fo=1, unplaced)         0.000    47.222    u_mimo_detector_top/u_gram_matrix_compute/x_im_reg[3][21]_i_4644_n_0
                         CARRY4 (Prop_carry4_CI_CO[3])
                                                      0.100    47.322 r  u_mimo_detector_top/u_gram_matrix_compute/x_im_reg[3][21]_i_4639/CO[3]
                         net (fo=1, unplaced)         0.000    47.322    u_mimo_detector_top/u_gram_matrix_compute/x_im_reg[3][21]_i_4639_n_0
                         CARRY4 (Prop_carry4_CI_CO[3])
                                                      0.100    47.422 r  u_mimo_detector_top/u_gram_matrix_compute/x_im_reg[3][21]_i_4634/CO[3]
                         net (fo=1, unplaced)         0.000    47.422    u_mimo_detector_top/u_gram_matrix_compute/x_im_reg[3][21]_i_4634_n_0
                         CARRY4 (Prop_carry4_CI_CO[3])
                                                      0.100    47.522 r  u_mimo_detector_top/u_gram_matrix_compute/x_im_reg[3][21]_i_4631/CO[3]
                         net (fo=1, unplaced)         0.000    47.522    u_mimo_detector_top/u_gram_matrix_compute/x_im_reg[3][21]_i_4631_n_0
                         CARRY4 (Prop_carry4_CI_CO[1])
                                                      0.150    47.672 r  u_mimo_detector_top/u_gram_matrix_compute/x_im_reg[3][21]_i_4630/CO[1]
                         net (fo=59, unplaced)        0.488    48.160    u_mimo_detector_top/u_gram_matrix_compute/x_im[3][21]_i_4779_0[0]
                         CARRY4 (Prop_carry4_CYINIT_CO[3])
                                                      0.666    48.826 r  u_mimo_detector_top/u_gram_matrix_compute/x_im_reg[3][21]_i_4548/CO[3]
                         net (fo=1, unplaced)         0.008    48.834    u_mimo_detector_top/u_gram_matrix_compute/x_im_reg[3][21]_i_4548_n_0
                         CARRY4 (Prop_carry4_CI_CO[3])
                                                      0.100    48.934 r  u_mimo_detector_top/u_gram_matrix_compute/x_im_reg[3][21]_i_4543/CO[3]
                         net (fo=1, unplaced)         0.000    48.934    u_mimo_detector_top/u_gram_matrix_compute/x_im_reg[3][21]_i_4543_n_0
                         CARRY4 (Prop_carry4_CI_CO[3])
                                                      0.100    49.034 r  u_mimo_detector_top/u_gram_matrix_compute/x_im_reg[3][21]_i_4538/CO[3]
                         net (fo=1, unplaced)         0.000    49.034    u_mimo_detector_top/u_gram_matrix_compute/x_im_reg[3][21]_i_4538_n_0
                         CARRY4 (Prop_carry4_CI_CO[3])
                                                      0.100    49.134 r  u_mimo_detector_top/u_gram_matrix_compute/x_im_reg[3][21]_i_4533/CO[3]
                         net (fo=1, unplaced)         0.000    49.134    u_mimo_detector_top/u_gram_matrix_compute/x_im_reg[3][21]_i_4533_n_0
                         CARRY4 (Prop_carry4_CI_CO[3])
                                                      0.100    49.234 r  u_mimo_detector_top/u_gram_matrix_compute/x_im_reg[3][21]_i_4528/CO[3]
                         net (fo=1, unplaced)         0.000    49.234    u_mimo_detector_top/u_gram_matrix_compute/x_im_reg[3][21]_i_4528_n_0
                         CARRY4 (Prop_carry4_CI_CO[3])
                                                      0.100    49.334 r  u_mimo_detector_top/u_gram_matrix_compute/x_im_reg[3][21]_i_4523/CO[3]
                         net (fo=1, unplaced)         0.000    49.334    u_mimo_detector_top/u_gram_matrix_compute/x_im_reg[3][21]_i_4523_n_0
                         CARRY4 (Prop_carry4_CI_CO[3])
                                                      0.100    49.434 r  u_mimo_detector_top/u_gram_matrix_compute/x_im_reg[3][21]_i_4518/CO[3]
                         net (fo=1, unplaced)         0.000    49.434    u_mimo_detector_top/u_gram_matrix_compute/x_im_reg[3][21]_i_4518_n_0
                         CARRY4 (Prop_carry4_CI_CO[3])
                                                      0.100    49.534 r  u_mimo_detector_top/u_gram_matrix_compute/x_im_reg[3][21]_i_4513/CO[3]
                         net (fo=1, unplaced)         0.000    49.534    u_mimo_detector_top/u_gram_matrix_compute/x_im_reg[3][21]_i_4513_n_0
                         CARRY4 (Prop_carry4_CI_CO[3])
                                                      0.100    49.634 r  u_mimo_detector_top/u_gram_matrix_compute/x_im_reg[3][21]_i_4508/CO[3]
                         net (fo=1, unplaced)         0.000    49.634    u_mimo_detector_top/u_gram_matrix_compute/x_im_reg[3][21]_i_4508_n_0
                         CARRY4 (Prop_carry4_CI_CO[3])
                                                      0.100    49.734 r  u_mimo_detector_top/u_gram_matrix_compute/x_im_reg[3][21]_i_4503/CO[3]
                         net (fo=1, unplaced)         0.000    49.734    u_mimo_detector_top/u_gram_matrix_compute/x_im_reg[3][21]_i_4503_n_0
                         CARRY4 (Prop_carry4_CI_CO[3])
                                                      0.100    49.834 r  u_mimo_detector_top/u_gram_matrix_compute/x_im_reg[3][21]_i_4498/CO[3]
                         net (fo=1, unplaced)         0.000    49.834    u_mimo_detector_top/u_gram_matrix_compute/x_im_reg[3][21]_i_4498_n_0
                         CARRY4 (Prop_carry4_CI_CO[3])
                                                      0.100    49.934 r  u_mimo_detector_top/u_gram_matrix_compute/x_im_reg[3][21]_i_4493/CO[3]
                         net (fo=1, unplaced)         0.000    49.934    u_mimo_detector_top/u_gram_matrix_compute/x_im_reg[3][21]_i_4493_n_0
                         CARRY4 (Prop_carry4_CI_CO[3])
                                                      0.100    50.034 r  u_mimo_detector_top/u_gram_matrix_compute/x_im_reg[3][21]_i_4488/CO[3]
                         net (fo=1, unplaced)         0.000    50.034    u_mimo_detector_top/u_gram_matrix_compute/x_im_reg[3][21]_i_4488_n_0
                         CARRY4 (Prop_carry4_CI_CO[3])
                                                      0.100    50.134 r  u_mimo_detector_top/u_gram_matrix_compute/x_im_reg[3][21]_i_4485/CO[3]
                         net (fo=1, unplaced)         0.000    50.134    u_mimo_detector_top/u_gram_matrix_compute/x_im_reg[3][21]_i_4485_n_0
                         CARRY4 (Prop_carry4_CI_CO[1])
                                                      0.150    50.284 r  u_mimo_detector_top/u_gram_matrix_compute/x_im_reg[3][21]_i_4484/CO[1]
                         net (fo=59, unplaced)        0.488    50.772    u_mimo_detector_top/u_gram_matrix_compute/x_im[3][21]_i_4633_0[0]
                         CARRY4 (Prop_carry4_CYINIT_CO[3])
                                                      0.666    51.438 r  u_mimo_detector_top/u_gram_matrix_compute/x_im_reg[3][21]_i_4401/CO[3]
                         net (fo=1, unplaced)         0.008    51.446    u_mimo_detector_top/u_gram_matrix_compute/x_im_reg[3][21]_i_4401_n_0
                         CARRY4 (Prop_carry4_CI_CO[3])
                                                      0.100    51.546 r  u_mimo_detector_top/u_gram_matrix_compute/x_im_reg[3][21]_i_4396/CO[3]
                         net (fo=1, unplaced)         0.000    51.546    u_mimo_detector_top/u_gram_matrix_compute/x_im_reg[3][21]_i_4396_n_0
                         CARRY4 (Prop_carry4_CI_CO[3])
                                                      0.100    51.646 r  u_mimo_detector_top/u_gram_matrix_compute/x_im_reg[3][21]_i_4391/CO[3]
                         net (fo=1, unplaced)         0.000    51.646    u_mimo_detector_top/u_gram_matrix_compute/x_im_reg[3][21]_i_4391_n_0
                         CARRY4 (Prop_carry4_CI_CO[3])
                                                      0.100    51.746 r  u_mimo_detector_top/u_gram_matrix_compute/x_im_reg[3][21]_i_4386/CO[3]
                         net (fo=1, unplaced)         0.000    51.746    u_mimo_detector_top/u_gram_matrix_compute/x_im_reg[3][21]_i_4386_n_0
                         CARRY4 (Prop_carry4_CI_CO[3])
                                                      0.100    51.846 r  u_mimo_detector_top/u_gram_matrix_compute/x_im_reg[3][21]_i_4381/CO[3]
                         net (fo=1, unplaced)         0.000    51.846    u_mimo_detector_top/u_gram_matrix_compute/x_im_reg[3][21]_i_4381_n_0
                         CARRY4 (Prop_carry4_CI_CO[3])
                                                      0.100    51.946 r  u_mimo_detector_top/u_gram_matrix_compute/x_im_reg[3][21]_i_4376/CO[3]
                         net (fo=1, unplaced)         0.000    51.946    u_mimo_detector_top/u_gram_matrix_compute/x_im_reg[3][21]_i_4376_n_0
                         CARRY4 (Prop_carry4_CI_CO[3])
                                                      0.100    52.046 r  u_mimo_detector_top/u_gram_matrix_compute/x_im_reg[3][21]_i_4371/CO[3]
                         net (fo=1, unplaced)         0.000    52.046    u_mimo_detector_top/u_gram_matrix_compute/x_im_reg[3][21]_i_4371_n_0
                         CARRY4 (Prop_carry4_CI_CO[3])
                                                      0.100    52.146 r  u_mimo_detector_top/u_gram_matrix_compute/x_im_reg[3][21]_i_4366/CO[3]
                         net (fo=1, unplaced)         0.000    52.146    u_mimo_detector_top/u_gram_matrix_compute/x_im_reg[3][21]_i_4366_n_0
                         CARRY4 (Prop_carry4_CI_CO[3])
                                                      0.100    52.246 r  u_mimo_detector_top/u_gram_matrix_compute/x_im_reg[3][21]_i_4361/CO[3]
                         net (fo=1, unplaced)         0.000    52.246    u_mimo_detector_top/u_gram_matrix_compute/x_im_reg[3][21]_i_4361_n_0
                         CARRY4 (Prop_carry4_CI_CO[3])
                                                      0.100    52.346 r  u_mimo_detector_top/u_gram_matrix_compute/x_im_reg[3][21]_i_4356/CO[3]
                         net (fo=1, unplaced)         0.000    52.346    u_mimo_detector_top/u_gram_matrix_compute/x_im_reg[3][21]_i_4356_n_0
                         CARRY4 (Prop_carry4_CI_CO[3])
                                                      0.100    52.446 r  u_mimo_detector_top/u_gram_matrix_compute/x_im_reg[3][21]_i_4351/CO[3]
                         net (fo=1, unplaced)         0.000    52.446    u_mimo_detector_top/u_gram_matrix_compute/x_im_reg[3][21]_i_4351_n_0
                         CARRY4 (Prop_carry4_CI_CO[3])
                                                      0.100    52.546 r  u_mimo_detector_top/u_gram_matrix_compute/x_im_reg[3][21]_i_4346/CO[3]
                         net (fo=1, unplaced)         0.000    52.546    u_mimo_detector_top/u_gram_matrix_compute/x_im_reg[3][21]_i_4346_n_0
                         CARRY4 (Prop_carry4_CI_CO[3])
                                                      0.100    52.646 r  u_mimo_detector_top/u_gram_matrix_compute/x_im_reg[3][21]_i_4341/CO[3]
                         net (fo=1, unplaced)         0.000    52.646    u_mimo_detector_top/u_gram_matrix_compute/x_im_reg[3][21]_i_4341_n_0
                         CARRY4 (Prop_carry4_CI_CO[3])
                                                      0.100    52.746 r  u_mimo_detector_top/u_gram_matrix_compute/x_im_reg[3][21]_i_4338/CO[3]
                         net (fo=1, unplaced)         0.000    52.746    u_mimo_detector_top/u_gram_matrix_compute/x_im_reg[3][21]_i_4338_n_0
                         CARRY4 (Prop_carry4_CI_CO[1])
                                                      0.150    52.896 r  u_mimo_detector_top/u_gram_matrix_compute/x_im_reg[3][21]_i_4337/CO[1]
                         net (fo=59, unplaced)        0.488    53.384    u_mimo_detector_top/u_gram_matrix_compute/x_im[3][21]_i_4487_0[0]
                         CARRY4 (Prop_carry4_CYINIT_CO[3])
                                                      0.666    54.050 r  u_mimo_detector_top/u_gram_matrix_compute/x_im_reg[3][21]_i_4254/CO[3]
                         net (fo=1, unplaced)         0.008    54.058    u_mimo_detector_top/u_gram_matrix_compute/x_im_reg[3][21]_i_4254_n_0
                         CARRY4 (Prop_carry4_CI_CO[3])
                                                      0.100    54.158 r  u_mimo_detector_top/u_gram_matrix_compute/x_im_reg[3][21]_i_4249/CO[3]
                         net (fo=1, unplaced)         0.000    54.158    u_mimo_detector_top/u_gram_matrix_compute/x_im_reg[3][21]_i_4249_n_0
                         CARRY4 (Prop_carry4_CI_CO[3])
                                                      0.100    54.258 r  u_mimo_detector_top/u_gram_matrix_compute/x_im_reg[3][21]_i_4244/CO[3]
                         net (fo=1, unplaced)         0.000    54.258    u_mimo_detector_top/u_gram_matrix_compute/x_im_reg[3][21]_i_4244_n_0
                         CARRY4 (Prop_carry4_CI_CO[3])
                                                      0.100    54.358 r  u_mimo_detector_top/u_gram_matrix_compute/x_im_reg[3][21]_i_4239/CO[3]
                         net (fo=1, unplaced)         0.000    54.358    u_mimo_detector_top/u_gram_matrix_compute/x_im_reg[3][21]_i_4239_n_0
                         CARRY4 (Prop_carry4_CI_CO[3])
                                                      0.100    54.458 r  u_mimo_detector_top/u_gram_matrix_compute/x_im_reg[3][21]_i_4234/CO[3]
                         net (fo=1, unplaced)         0.000    54.458    u_mimo_detector_top/u_gram_matrix_compute/x_im_reg[3][21]_i_4234_n_0
                         CARRY4 (Prop_carry4_CI_CO[3])
                                                      0.100    54.558 r  u_mimo_detector_top/u_gram_matrix_compute/x_im_reg[3][21]_i_4229/CO[3]
                         net (fo=1, unplaced)         0.000    54.558    u_mimo_detector_top/u_gram_matrix_compute/x_im_reg[3][21]_i_4229_n_0
                         CARRY4 (Prop_carry4_CI_CO[3])
                                                      0.100    54.658 r  u_mimo_detector_top/u_gram_matrix_compute/x_im_reg[3][21]_i_4224/CO[3]
                         net (fo=1, unplaced)         0.000    54.658    u_mimo_detector_top/u_gram_matrix_compute/x_im_reg[3][21]_i_4224_n_0
                         CARRY4 (Prop_carry4_CI_CO[3])
                                                      0.100    54.758 r  u_mimo_detector_top/u_gram_matrix_compute/x_im_reg[3][21]_i_4219/CO[3]
                         net (fo=1, unplaced)         0.000    54.758    u_mimo_detector_top/u_gram_matrix_compute/x_im_reg[3][21]_i_4219_n_0
                         CARRY4 (Prop_carry4_CI_CO[3])
                                                      0.100    54.858 r  u_mimo_detector_top/u_gram_matrix_compute/x_im_reg[3][21]_i_4214/CO[3]
                         net (fo=1, unplaced)         0.000    54.858    u_mimo_detector_top/u_gram_matrix_compute/x_im_reg[3][21]_i_4214_n_0
                         CARRY4 (Prop_carry4_CI_CO[3])
                                                      0.100    54.958 r  u_mimo_detector_top/u_gram_matrix_compute/x_im_reg[3][21]_i_4209/CO[3]
                         net (fo=1, unplaced)         0.000    54.958    u_mimo_detector_top/u_gram_matrix_compute/x_im_reg[3][21]_i_4209_n_0
                         CARRY4 (Prop_carry4_CI_CO[3])
                                                      0.100    55.058 r  u_mimo_detector_top/u_gram_matrix_compute/x_im_reg[3][21]_i_4204/CO[3]
                         net (fo=1, unplaced)         0.000    55.058    u_mimo_detector_top/u_gram_matrix_compute/x_im_reg[3][21]_i_4204_n_0
                         CARRY4 (Prop_carry4_CI_CO[3])
                                                      0.100    55.158 r  u_mimo_detector_top/u_gram_matrix_compute/x_im_reg[3][21]_i_4199/CO[3]
                         net (fo=1, unplaced)         0.000    55.158    u_mimo_detector_top/u_gram_matrix_compute/x_im_reg[3][21]_i_4199_n_0
                         CARRY4 (Prop_carry4_CI_CO[3])
                                                      0.100    55.258 r  u_mimo_detector_top/u_gram_matrix_compute/x_im_reg[3][21]_i_4194/CO[3]
                         net (fo=1, unplaced)         0.000    55.258    u_mimo_detector_top/u_gram_matrix_compute/x_im_reg[3][21]_i_4194_n_0
                         CARRY4 (Prop_carry4_CI_CO[3])
                                                      0.100    55.358 r  u_mimo_detector_top/u_gram_matrix_compute/x_im_reg[3][21]_i_4191/CO[3]
                         net (fo=1, unplaced)         0.000    55.358    u_mimo_detector_top/u_gram_matrix_compute/x_im_reg[3][21]_i_4191_n_0
                         CARRY4 (Prop_carry4_CI_CO[1])
                                                      0.150    55.508 r  u_mimo_detector_top/u_gram_matrix_compute/x_im_reg[3][21]_i_4190/CO[1]
                         net (fo=59, unplaced)        0.488    55.996    u_mimo_detector_top/u_gram_matrix_compute/x_im[3][21]_i_4340_0[0]
                         CARRY4 (Prop_carry4_CYINIT_CO[3])
                                                      0.666    56.662 r  u_mimo_detector_top/u_gram_matrix_compute/x_im_reg[3][21]_i_4108/CO[3]
                         net (fo=1, unplaced)         0.008    56.670    u_mimo_detector_top/u_gram_matrix_compute/x_im_reg[3][21]_i_4108_n_0
                         CARRY4 (Prop_carry4_CI_CO[3])
                                                      0.100    56.770 r  u_mimo_detector_top/u_gram_matrix_compute/x_im_reg[3][21]_i_4103/CO[3]
                         net (fo=1, unplaced)         0.000    56.770    u_mimo_detector_top/u_gram_matrix_compute/x_im_reg[3][21]_i_4103_n_0
                         CARRY4 (Prop_carry4_CI_CO[3])
                                                      0.100    56.870 r  u_mimo_detector_top/u_gram_matrix_compute/x_im_reg[3][21]_i_4098/CO[3]
                         net (fo=1, unplaced)         0.000    56.870    u_mimo_detector_top/u_gram_matrix_compute/x_im_reg[3][21]_i_4098_n_0
                         CARRY4 (Prop_carry4_CI_CO[3])
                                                      0.100    56.970 r  u_mimo_detector_top/u_gram_matrix_compute/x_im_reg[3][21]_i_4093/CO[3]
                         net (fo=1, unplaced)         0.000    56.970    u_mimo_detector_top/u_gram_matrix_compute/x_im_reg[3][21]_i_4093_n_0
                         CARRY4 (Prop_carry4_CI_CO[3])
                                                      0.100    57.069 r  u_mimo_detector_top/u_gram_matrix_compute/x_im_reg[3][21]_i_4088/CO[3]
                         net (fo=1, unplaced)         0.000    57.069    u_mimo_detector_top/u_gram_matrix_compute/x_im_reg[3][21]_i_4088_n_0
                         CARRY4 (Prop_carry4_CI_CO[3])
                                                      0.100    57.169 r  u_mimo_detector_top/u_gram_matrix_compute/x_im_reg[3][21]_i_4083/CO[3]
                         net (fo=1, unplaced)         0.000    57.169    u_mimo_detector_top/u_gram_matrix_compute/x_im_reg[3][21]_i_4083_n_0
                         CARRY4 (Prop_carry4_CI_CO[3])
                                                      0.100    57.269 r  u_mimo_detector_top/u_gram_matrix_compute/x_im_reg[3][21]_i_4078/CO[3]
                         net (fo=1, unplaced)         0.000    57.269    u_mimo_detector_top/u_gram_matrix_compute/x_im_reg[3][21]_i_4078_n_0
                         CARRY4 (Prop_carry4_CI_CO[3])
                                                      0.100    57.369 r  u_mimo_detector_top/u_gram_matrix_compute/x_im_reg[3][21]_i_4073/CO[3]
                         net (fo=1, unplaced)         0.000    57.369    u_mimo_detector_top/u_gram_matrix_compute/x_im_reg[3][21]_i_4073_n_0
                         CARRY4 (Prop_carry4_CI_CO[3])
                                                      0.100    57.469 r  u_mimo_detector_top/u_gram_matrix_compute/x_im_reg[3][21]_i_4068/CO[3]
                         net (fo=1, unplaced)         0.000    57.469    u_mimo_detector_top/u_gram_matrix_compute/x_im_reg[3][21]_i_4068_n_0
                         CARRY4 (Prop_carry4_CI_CO[3])
                                                      0.100    57.569 r  u_mimo_detector_top/u_gram_matrix_compute/x_im_reg[3][21]_i_4063/CO[3]
                         net (fo=1, unplaced)         0.000    57.569    u_mimo_detector_top/u_gram_matrix_compute/x_im_reg[3][21]_i_4063_n_0
                         CARRY4 (Prop_carry4_CI_CO[3])
                                                      0.100    57.669 r  u_mimo_detector_top/u_gram_matrix_compute/x_im_reg[3][21]_i_4058/CO[3]
                         net (fo=1, unplaced)         0.000    57.669    u_mimo_detector_top/u_gram_matrix_compute/x_im_reg[3][21]_i_4058_n_0
                         CARRY4 (Prop_carry4_CI_CO[3])
                                                      0.100    57.769 r  u_mimo_detector_top/u_gram_matrix_compute/x_im_reg[3][21]_i_4053/CO[3]
                         net (fo=1, unplaced)         0.000    57.769    u_mimo_detector_top/u_gram_matrix_compute/x_im_reg[3][21]_i_4053_n_0
                         CARRY4 (Prop_carry4_CI_CO[3])
                                                      0.100    57.869 r  u_mimo_detector_top/u_gram_matrix_compute/x_im_reg[3][21]_i_4048/CO[3]
                         net (fo=1, unplaced)         0.000    57.869    u_mimo_detector_top/u_gram_matrix_compute/x_im_reg[3][21]_i_4048_n_0
                         CARRY4 (Prop_carry4_CI_CO[3])
                                                      0.100    57.969 r  u_mimo_detector_top/u_gram_matrix_compute/x_im_reg[3][21]_i_4045/CO[3]
                         net (fo=1, unplaced)         0.000    57.969    u_mimo_detector_top/u_gram_matrix_compute/x_im_reg[3][21]_i_4045_n_0
                         CARRY4 (Prop_carry4_CI_CO[1])
                                                      0.150    58.119 r  u_mimo_detector_top/u_gram_matrix_compute/x_im_reg[3][21]_i_4044/CO[1]
                         net (fo=59, unplaced)        0.488    58.607    u_mimo_detector_top/u_gram_matrix_compute/x_im[3][21]_i_4193_0[0]
                         CARRY4 (Prop_carry4_CYINIT_CO[3])
                                                      0.666    59.273 r  u_mimo_detector_top/u_gram_matrix_compute/x_im_reg[3][21]_i_3962/CO[3]
                         net (fo=1, unplaced)         0.008    59.281    u_mimo_detector_top/u_gram_matrix_compute/x_im_reg[3][21]_i_3962_n_0
                         CARRY4 (Prop_carry4_CI_CO[3])
                                                      0.100    59.381 r  u_mimo_detector_top/u_gram_matrix_compute/x_im_reg[3][21]_i_3957/CO[3]
                         net (fo=1, unplaced)         0.000    59.381    u_mimo_detector_top/u_gram_matrix_compute/x_im_reg[3][21]_i_3957_n_0
                         CARRY4 (Prop_carry4_CI_CO[3])
                                                      0.100    59.481 r  u_mimo_detector_top/u_gram_matrix_compute/x_im_reg[3][21]_i_3952/CO[3]
                         net (fo=1, unplaced)         0.000    59.481    u_mimo_detector_top/u_gram_matrix_compute/x_im_reg[3][21]_i_3952_n_0
                         CARRY4 (Prop_carry4_CI_CO[3])
                                                      0.100    59.581 r  u_mimo_detector_top/u_gram_matrix_compute/x_im_reg[3][21]_i_3947/CO[3]
                         net (fo=1, unplaced)         0.000    59.581    u_mimo_detector_top/u_gram_matrix_compute/x_im_reg[3][21]_i_3947_n_0
                         CARRY4 (Prop_carry4_CI_CO[3])
                                                      0.100    59.681 r  u_mimo_detector_top/u_gram_matrix_compute/x_im_reg[3][21]_i_3942/CO[3]
                         net (fo=1, unplaced)         0.000    59.681    u_mimo_detector_top/u_gram_matrix_compute/x_im_reg[3][21]_i_3942_n_0
                         CARRY4 (Prop_carry4_CI_CO[3])
                                                      0.100    59.781 r  u_mimo_detector_top/u_gram_matrix_compute/x_im_reg[3][21]_i_3937/CO[3]
                         net (fo=1, unplaced)         0.000    59.781    u_mimo_detector_top/u_gram_matrix_compute/x_im_reg[3][21]_i_3937_n_0
                         CARRY4 (Prop_carry4_CI_CO[3])
                                                      0.100    59.881 r  u_mimo_detector_top/u_gram_matrix_compute/x_im_reg[3][21]_i_3932/CO[3]
                         net (fo=1, unplaced)         0.000    59.881    u_mimo_detector_top/u_gram_matrix_compute/x_im_reg[3][21]_i_3932_n_0
                         CARRY4 (Prop_carry4_CI_CO[3])
                                                      0.100    59.981 r  u_mimo_detector_top/u_gram_matrix_compute/x_im_reg[3][21]_i_3927/CO[3]
                         net (fo=1, unplaced)         0.000    59.981    u_mimo_detector_top/u_gram_matrix_compute/x_im_reg[3][21]_i_3927_n_0
                         CARRY4 (Prop_carry4_CI_CO[3])
                                                      0.100    60.081 r  u_mimo_detector_top/u_gram_matrix_compute/x_im_reg[3][21]_i_3922/CO[3]
                         net (fo=1, unplaced)         0.000    60.081    u_mimo_detector_top/u_gram_matrix_compute/x_im_reg[3][21]_i_3922_n_0
                         CARRY4 (Prop_carry4_CI_CO[3])
                                                      0.100    60.181 r  u_mimo_detector_top/u_gram_matrix_compute/x_im_reg[3][21]_i_3917/CO[3]
                         net (fo=1, unplaced)         0.000    60.181    u_mimo_detector_top/u_gram_matrix_compute/x_im_reg[3][21]_i_3917_n_0
                         CARRY4 (Prop_carry4_CI_CO[3])
                                                      0.100    60.281 r  u_mimo_detector_top/u_gram_matrix_compute/x_im_reg[3][21]_i_3912/CO[3]
                         net (fo=1, unplaced)         0.000    60.281    u_mimo_detector_top/u_gram_matrix_compute/x_im_reg[3][21]_i_3912_n_0
                         CARRY4 (Prop_carry4_CI_CO[3])
                                                      0.100    60.381 r  u_mimo_detector_top/u_gram_matrix_compute/x_im_reg[3][21]_i_3907/CO[3]
                         net (fo=1, unplaced)         0.000    60.381    u_mimo_detector_top/u_gram_matrix_compute/x_im_reg[3][21]_i_3907_n_0
                         CARRY4 (Prop_carry4_CI_CO[3])
                                                      0.100    60.481 r  u_mimo_detector_top/u_gram_matrix_compute/x_im_reg[3][21]_i_3902/CO[3]
                         net (fo=1, unplaced)         0.000    60.481    u_mimo_detector_top/u_gram_matrix_compute/x_im_reg[3][21]_i_3902_n_0
                         CARRY4 (Prop_carry4_CI_CO[3])
                                                      0.100    60.581 r  u_mimo_detector_top/u_gram_matrix_compute/x_im_reg[3][21]_i_3899/CO[3]
                         net (fo=1, unplaced)         0.000    60.581    u_mimo_detector_top/u_gram_matrix_compute/x_im_reg[3][21]_i_3899_n_0
                         CARRY4 (Prop_carry4_CI_CO[1])
                                                      0.150    60.731 r  u_mimo_detector_top/u_gram_matrix_compute/x_im_reg[3][21]_i_3898/CO[1]
                         net (fo=59, unplaced)        0.488    61.219    u_mimo_detector_top/u_gram_matrix_compute/x_im[3][21]_i_4047_0[0]
                         CARRY4 (Prop_carry4_CYINIT_CO[3])
                                                      0.666    61.885 r  u_mimo_detector_top/u_gram_matrix_compute/x_im_reg[3][21]_i_3812/CO[3]
                         net (fo=1, unplaced)         0.008    61.893    u_mimo_detector_top/u_gram_matrix_compute/x_im_reg[3][21]_i_3812_n_0
                         CARRY4 (Prop_carry4_CI_CO[3])
                                                      0.100    61.993 r  u_mimo_detector_top/u_gram_matrix_compute/x_im_reg[3][21]_i_3807/CO[3]
                         net (fo=1, unplaced)         0.000    61.993    u_mimo_detector_top/u_gram_matrix_compute/x_im_reg[3][21]_i_3807_n_0
                         CARRY4 (Prop_carry4_CI_CO[3])
                                                      0.100    62.093 r  u_mimo_detector_top/u_gram_matrix_compute/x_im_reg[3][21]_i_3802/CO[3]
                         net (fo=1, unplaced)         0.000    62.093    u_mimo_detector_top/u_gram_matrix_compute/x_im_reg[3][21]_i_3802_n_0
                         CARRY4 (Prop_carry4_CI_CO[3])
                                                      0.100    62.193 r  u_mimo_detector_top/u_gram_matrix_compute/x_im_reg[3][21]_i_3797/CO[3]
                         net (fo=1, unplaced)         0.000    62.193    u_mimo_detector_top/u_gram_matrix_compute/x_im_reg[3][21]_i_3797_n_0
                         CARRY4 (Prop_carry4_CI_CO[3])
                                                      0.100    62.293 r  u_mimo_detector_top/u_gram_matrix_compute/x_im_reg[3][21]_i_3792/CO[3]
                         net (fo=1, unplaced)         0.000    62.293    u_mimo_detector_top/u_gram_matrix_compute/x_im_reg[3][21]_i_3792_n_0
                         CARRY4 (Prop_carry4_CI_CO[3])
                                                      0.100    62.393 r  u_mimo_detector_top/u_gram_matrix_compute/x_im_reg[3][21]_i_3787/CO[3]
                         net (fo=1, unplaced)         0.000    62.393    u_mimo_detector_top/u_gram_matrix_compute/x_im_reg[3][21]_i_3787_n_0
                         CARRY4 (Prop_carry4_CI_CO[3])
                                                      0.100    62.493 r  u_mimo_detector_top/u_gram_matrix_compute/x_im_reg[3][21]_i_3782/CO[3]
                         net (fo=1, unplaced)         0.000    62.493    u_mimo_detector_top/u_gram_matrix_compute/x_im_reg[3][21]_i_3782_n_0
                         CARRY4 (Prop_carry4_CI_CO[3])
                                                      0.100    62.593 r  u_mimo_detector_top/u_gram_matrix_compute/x_im_reg[3][21]_i_3777/CO[3]
                         net (fo=1, unplaced)         0.000    62.593    u_mimo_detector_top/u_gram_matrix_compute/x_im_reg[3][21]_i_3777_n_0
                         CARRY4 (Prop_carry4_CI_CO[3])
                                                      0.100    62.693 r  u_mimo_detector_top/u_gram_matrix_compute/x_im_reg[3][21]_i_3772/CO[3]
                         net (fo=1, unplaced)         0.000    62.693    u_mimo_detector_top/u_gram_matrix_compute/x_im_reg[3][21]_i_3772_n_0
                         CARRY4 (Prop_carry4_CI_CO[3])
                                                      0.100    62.793 r  u_mimo_detector_top/u_gram_matrix_compute/x_im_reg[3][21]_i_3767/CO[3]
                         net (fo=1, unplaced)         0.000    62.793    u_mimo_detector_top/u_gram_matrix_compute/x_im_reg[3][21]_i_3767_n_0
                         CARRY4 (Prop_carry4_CI_CO[3])
                                                      0.100    62.893 r  u_mimo_detector_top/u_gram_matrix_compute/x_im_reg[3][21]_i_3762/CO[3]
                         net (fo=1, unplaced)         0.000    62.893    u_mimo_detector_top/u_gram_matrix_compute/x_im_reg[3][21]_i_3762_n_0
                         CARRY4 (Prop_carry4_CI_CO[3])
                                                      0.100    62.993 r  u_mimo_detector_top/u_gram_matrix_compute/x_im_reg[3][21]_i_3757/CO[3]
                         net (fo=1, unplaced)         0.000    62.993    u_mimo_detector_top/u_gram_matrix_compute/x_im_reg[3][21]_i_3757_n_0
                         CARRY4 (Prop_carry4_CI_CO[3])
                                                      0.100    63.093 r  u_mimo_detector_top/u_gram_matrix_compute/x_im_reg[3][21]_i_3752/CO[3]
                         net (fo=1, unplaced)         0.000    63.093    u_mimo_detector_top/u_gram_matrix_compute/x_im_reg[3][21]_i_3752_n_0
                         CARRY4 (Prop_carry4_CI_CO[3])
                                                      0.100    63.193 r  u_mimo_detector_top/u_gram_matrix_compute/x_im_reg[3][21]_i_3749/CO[3]
                         net (fo=1, unplaced)         0.000    63.193    u_mimo_detector_top/u_gram_matrix_compute/x_im_reg[3][21]_i_3749_n_0
                         CARRY4 (Prop_carry4_CI_CO[1])
                                                      0.150    63.343 r  u_mimo_detector_top/u_gram_matrix_compute/x_im_reg[3][21]_i_3748/CO[1]
                         net (fo=59, unplaced)        0.488    63.831    u_mimo_detector_top/u_gram_matrix_compute/x_im[3][21]_i_3901_0[0]
                         CARRY4 (Prop_carry4_CYINIT_CO[3])
                                                      0.666    64.497 r  u_mimo_detector_top/u_gram_matrix_compute/x_im_reg[3][21]_i_3649/CO[3]
                         net (fo=1, unplaced)         0.008    64.505    u_mimo_detector_top/u_gram_matrix_compute/x_im_reg[3][21]_i_3649_n_0
                         CARRY4 (Prop_carry4_CI_CO[3])
                                                      0.100    64.605 r  u_mimo_detector_top/u_gram_matrix_compute/x_im_reg[3][21]_i_3644/CO[3]
                         net (fo=1, unplaced)         0.000    64.605    u_mimo_detector_top/u_gram_matrix_compute/x_im_reg[3][21]_i_3644_n_0
                         CARRY4 (Prop_carry4_CI_CO[3])
                                                      0.100    64.705 r  u_mimo_detector_top/u_gram_matrix_compute/x_im_reg[3][21]_i_3639/CO[3]
                         net (fo=1, unplaced)         0.000    64.705    u_mimo_detector_top/u_gram_matrix_compute/x_im_reg[3][21]_i_3639_n_0
                         CARRY4 (Prop_carry4_CI_CO[3])
                                                      0.100    64.805 r  u_mimo_detector_top/u_gram_matrix_compute/x_im_reg[3][21]_i_3634/CO[3]
                         net (fo=1, unplaced)         0.000    64.805    u_mimo_detector_top/u_gram_matrix_compute/x_im_reg[3][21]_i_3634_n_0
                         CARRY4 (Prop_carry4_CI_CO[3])
                                                      0.100    64.905 r  u_mimo_detector_top/u_gram_matrix_compute/x_im_reg[3][21]_i_3629/CO[3]
                         net (fo=1, unplaced)         0.000    64.905    u_mimo_detector_top/u_gram_matrix_compute/x_im_reg[3][21]_i_3629_n_0
                         CARRY4 (Prop_carry4_CI_CO[3])
                                                      0.100    65.005 r  u_mimo_detector_top/u_gram_matrix_compute/x_im_reg[3][21]_i_3624/CO[3]
                         net (fo=1, unplaced)         0.000    65.005    u_mimo_detector_top/u_gram_matrix_compute/x_im_reg[3][21]_i_3624_n_0
                         CARRY4 (Prop_carry4_CI_CO[3])
                                                      0.100    65.105 r  u_mimo_detector_top/u_gram_matrix_compute/x_im_reg[3][21]_i_3619/CO[3]
                         net (fo=1, unplaced)         0.000    65.105    u_mimo_detector_top/u_gram_matrix_compute/x_im_reg[3][21]_i_3619_n_0
                         CARRY4 (Prop_carry4_CI_CO[3])
                                                      0.100    65.205 r  u_mimo_detector_top/u_gram_matrix_compute/x_im_reg[3][21]_i_3614/CO[3]
                         net (fo=1, unplaced)         0.000    65.205    u_mimo_detector_top/u_gram_matrix_compute/x_im_reg[3][21]_i_3614_n_0
                         CARRY4 (Prop_carry4_CI_CO[3])
                                                      0.100    65.305 r  u_mimo_detector_top/u_gram_matrix_compute/x_im_reg[3][21]_i_3609/CO[3]
                         net (fo=1, unplaced)         0.000    65.305    u_mimo_detector_top/u_gram_matrix_compute/x_im_reg[3][21]_i_3609_n_0
                         CARRY4 (Prop_carry4_CI_CO[3])
                                                      0.100    65.405 r  u_mimo_detector_top/u_gram_matrix_compute/x_im_reg[3][21]_i_3604/CO[3]
                         net (fo=1, unplaced)         0.000    65.405    u_mimo_detector_top/u_gram_matrix_compute/x_im_reg[3][21]_i_3604_n_0
                         CARRY4 (Prop_carry4_CI_CO[3])
                                                      0.100    65.505 r  u_mimo_detector_top/u_gram_matrix_compute/x_im_reg[3][21]_i_3599/CO[3]
                         net (fo=1, unplaced)         0.000    65.505    u_mimo_detector_top/u_gram_matrix_compute/x_im_reg[3][21]_i_3599_n_0
                         CARRY4 (Prop_carry4_CI_CO[3])
                                                      0.100    65.605 r  u_mimo_detector_top/u_gram_matrix_compute/x_im_reg[3][21]_i_3594/CO[3]
                         net (fo=1, unplaced)         0.000    65.605    u_mimo_detector_top/u_gram_matrix_compute/x_im_reg[3][21]_i_3594_n_0
                         CARRY4 (Prop_carry4_CI_CO[3])
                                                      0.100    65.705 r  u_mimo_detector_top/u_gram_matrix_compute/x_im_reg[3][21]_i_3589/CO[3]
                         net (fo=1, unplaced)         0.000    65.705    u_mimo_detector_top/u_gram_matrix_compute/x_im_reg[3][21]_i_3589_n_0
                         CARRY4 (Prop_carry4_CI_CO[3])
                                                      0.100    65.805 r  u_mimo_detector_top/u_gram_matrix_compute/x_im_reg[3][21]_i_3586/CO[3]
                         net (fo=1, unplaced)         0.000    65.805    u_mimo_detector_top/u_gram_matrix_compute/x_im_reg[3][21]_i_3586_n_0
                         CARRY4 (Prop_carry4_CI_CO[1])
                                                      0.150    65.955 r  u_mimo_detector_top/u_gram_matrix_compute/x_im_reg[3][21]_i_3585/CO[1]
                         net (fo=59, unplaced)        0.488    66.443    u_mimo_detector_top/u_gram_matrix_compute/x_im[3][21]_i_3751_0[0]
                         CARRY4 (Prop_carry4_CYINIT_CO[3])
                                                      0.666    67.109 r  u_mimo_detector_top/u_gram_matrix_compute/x_im_reg[3][21]_i_3482/CO[3]
                         net (fo=1, unplaced)         0.008    67.117    u_mimo_detector_top/u_gram_matrix_compute/x_im_reg[3][21]_i_3482_n_0
                         CARRY4 (Prop_carry4_CI_CO[3])
                                                      0.100    67.217 r  u_mimo_detector_top/u_gram_matrix_compute/x_im_reg[3][21]_i_3477/CO[3]
                         net (fo=1, unplaced)         0.000    67.217    u_mimo_detector_top/u_gram_matrix_compute/x_im_reg[3][21]_i_3477_n_0
                         CARRY4 (Prop_carry4_CI_CO[3])
                                                      0.100    67.317 r  u_mimo_detector_top/u_gram_matrix_compute/x_im_reg[3][21]_i_3472/CO[3]
                         net (fo=1, unplaced)         0.000    67.317    u_mimo_detector_top/u_gram_matrix_compute/x_im_reg[3][21]_i_3472_n_0
                         CARRY4 (Prop_carry4_CI_CO[3])
                                                      0.100    67.417 r  u_mimo_detector_top/u_gram_matrix_compute/x_im_reg[3][21]_i_3467/CO[3]
                         net (fo=1, unplaced)         0.000    67.417    u_mimo_detector_top/u_gram_matrix_compute/x_im_reg[3][21]_i_3467_n_0
                         CARRY4 (Prop_carry4_CI_CO[3])
                                                      0.100    67.517 r  u_mimo_detector_top/u_gram_matrix_compute/x_im_reg[3][21]_i_3462/CO[3]
                         net (fo=1, unplaced)         0.000    67.517    u_mimo_detector_top/u_gram_matrix_compute/x_im_reg[3][21]_i_3462_n_0
                         CARRY4 (Prop_carry4_CI_CO[3])
                                                      0.100    67.617 r  u_mimo_detector_top/u_gram_matrix_compute/x_im_reg[3][21]_i_3457/CO[3]
                         net (fo=1, unplaced)         0.000    67.617    u_mimo_detector_top/u_gram_matrix_compute/x_im_reg[3][21]_i_3457_n_0
                         CARRY4 (Prop_carry4_CI_CO[3])
                                                      0.100    67.717 r  u_mimo_detector_top/u_gram_matrix_compute/x_im_reg[3][21]_i_3452/CO[3]
                         net (fo=1, unplaced)         0.000    67.717    u_mimo_detector_top/u_gram_matrix_compute/x_im_reg[3][21]_i_3452_n_0
                         CARRY4 (Prop_carry4_CI_CO[3])
                                                      0.100    67.817 r  u_mimo_detector_top/u_gram_matrix_compute/x_im_reg[3][21]_i_3447/CO[3]
                         net (fo=1, unplaced)         0.000    67.817    u_mimo_detector_top/u_gram_matrix_compute/x_im_reg[3][21]_i_3447_n_0
                         CARRY4 (Prop_carry4_CI_CO[3])
                                                      0.100    67.917 r  u_mimo_detector_top/u_gram_matrix_compute/x_im_reg[3][21]_i_3442/CO[3]
                         net (fo=1, unplaced)         0.000    67.917    u_mimo_detector_top/u_gram_matrix_compute/x_im_reg[3][21]_i_3442_n_0
                         CARRY4 (Prop_carry4_CI_CO[3])
                                                      0.100    68.017 r  u_mimo_detector_top/u_gram_matrix_compute/x_im_reg[3][21]_i_3437/CO[3]
                         net (fo=1, unplaced)         0.000    68.017    u_mimo_detector_top/u_gram_matrix_compute/x_im_reg[3][21]_i_3437_n_0
                         CARRY4 (Prop_carry4_CI_CO[3])
                                                      0.100    68.117 r  u_mimo_detector_top/u_gram_matrix_compute/x_im_reg[3][21]_i_3432/CO[3]
                         net (fo=1, unplaced)         0.000    68.117    u_mimo_detector_top/u_gram_matrix_compute/x_im_reg[3][21]_i_3432_n_0
                         CARRY4 (Prop_carry4_CI_CO[3])
                                                      0.100    68.217 r  u_mimo_detector_top/u_gram_matrix_compute/x_im_reg[3][21]_i_3427/CO[3]
                         net (fo=1, unplaced)         0.000    68.217    u_mimo_detector_top/u_gram_matrix_compute/x_im_reg[3][21]_i_3427_n_0
                         CARRY4 (Prop_carry4_CI_CO[3])
                                                      0.100    68.317 r  u_mimo_detector_top/u_gram_matrix_compute/x_im_reg[3][21]_i_3422/CO[3]
                         net (fo=1, unplaced)         0.000    68.317    u_mimo_detector_top/u_gram_matrix_compute/x_im_reg[3][21]_i_3422_n_0
                         CARRY4 (Prop_carry4_CI_CO[3])
                                                      0.100    68.417 r  u_mimo_detector_top/u_gram_matrix_compute/x_im_reg[3][21]_i_3419/CO[3]
                         net (fo=1, unplaced)         0.000    68.417    u_mimo_detector_top/u_gram_matrix_compute/x_im_reg[3][21]_i_3419_n_0
                         CARRY4 (Prop_carry4_CI_CO[1])
                                                      0.150    68.567 r  u_mimo_detector_top/u_gram_matrix_compute/x_im_reg[3][21]_i_3418/CO[1]
                         net (fo=59, unplaced)        0.488    69.055    u_mimo_detector_top/u_gram_matrix_compute/x_im[3][21]_i_3588_0[0]
                         CARRY4 (Prop_carry4_CYINIT_CO[3])
                                                      0.666    69.721 r  u_mimo_detector_top/u_gram_matrix_compute/x_im_reg[3][21]_i_3279/CO[3]
                         net (fo=1, unplaced)         0.008    69.729    u_mimo_detector_top/u_gram_matrix_compute/x_im_reg[3][21]_i_3279_n_0
                         CARRY4 (Prop_carry4_CI_CO[3])
                                                      0.100    69.829 r  u_mimo_detector_top/u_gram_matrix_compute/x_im_reg[3][21]_i_3274/CO[3]
                         net (fo=1, unplaced)         0.000    69.829    u_mimo_detector_top/u_gram_matrix_compute/x_im_reg[3][21]_i_3274_n_0
                         CARRY4 (Prop_carry4_CI_CO[3])
                                                      0.100    69.929 r  u_mimo_detector_top/u_gram_matrix_compute/x_im_reg[3][21]_i_3269/CO[3]
                         net (fo=1, unplaced)         0.000    69.929    u_mimo_detector_top/u_gram_matrix_compute/x_im_reg[3][21]_i_3269_n_0
                         CARRY4 (Prop_carry4_CI_CO[3])
                                                      0.100    70.029 r  u_mimo_detector_top/u_gram_matrix_compute/x_im_reg[3][21]_i_3264/CO[3]
                         net (fo=1, unplaced)         0.000    70.029    u_mimo_detector_top/u_gram_matrix_compute/x_im_reg[3][21]_i_3264_n_0
                         CARRY4 (Prop_carry4_CI_CO[3])
                                                      0.100    70.129 r  u_mimo_detector_top/u_gram_matrix_compute/x_im_reg[3][21]_i_3259/CO[3]
                         net (fo=1, unplaced)         0.000    70.129    u_mimo_detector_top/u_gram_matrix_compute/x_im_reg[3][21]_i_3259_n_0
                         CARRY4 (Prop_carry4_CI_CO[3])
                                                      0.100    70.229 r  u_mimo_detector_top/u_gram_matrix_compute/x_im_reg[3][21]_i_3254/CO[3]
                         net (fo=1, unplaced)         0.000    70.229    u_mimo_detector_top/u_gram_matrix_compute/x_im_reg[3][21]_i_3254_n_0
                         CARRY4 (Prop_carry4_CI_CO[3])
                                                      0.100    70.329 r  u_mimo_detector_top/u_gram_matrix_compute/x_im_reg[3][21]_i_3249/CO[3]
                         net (fo=1, unplaced)         0.000    70.329    u_mimo_detector_top/u_gram_matrix_compute/x_im_reg[3][21]_i_3249_n_0
                         CARRY4 (Prop_carry4_CI_CO[3])
                                                      0.100    70.429 r  u_mimo_detector_top/u_gram_matrix_compute/x_im_reg[3][21]_i_3244/CO[3]
                         net (fo=1, unplaced)         0.000    70.429    u_mimo_detector_top/u_gram_matrix_compute/x_im_reg[3][21]_i_3244_n_0
                         CARRY4 (Prop_carry4_CI_CO[3])
                                                      0.100    70.529 r  u_mimo_detector_top/u_gram_matrix_compute/x_im_reg[3][21]_i_3239/CO[3]
                         net (fo=1, unplaced)         0.000    70.529    u_mimo_detector_top/u_gram_matrix_compute/x_im_reg[3][21]_i_3239_n_0
                         CARRY4 (Prop_carry4_CI_CO[3])
                                                      0.100    70.629 r  u_mimo_detector_top/u_gram_matrix_compute/x_im_reg[3][21]_i_3234/CO[3]
                         net (fo=1, unplaced)         0.000    70.629    u_mimo_detector_top/u_gram_matrix_compute/x_im_reg[3][21]_i_3234_n_0
                         CARRY4 (Prop_carry4_CI_CO[3])
                                                      0.100    70.729 r  u_mimo_detector_top/u_gram_matrix_compute/x_im_reg[3][21]_i_3229/CO[3]
                         net (fo=1, unplaced)         0.000    70.729    u_mimo_detector_top/u_gram_matrix_compute/x_im_reg[3][21]_i_3229_n_0
                         CARRY4 (Prop_carry4_CI_CO[3])
                                                      0.100    70.829 r  u_mimo_detector_top/u_gram_matrix_compute/x_im_reg[3][21]_i_3224/CO[3]
                         net (fo=1, unplaced)         0.000    70.829    u_mimo_detector_top/u_gram_matrix_compute/x_im_reg[3][21]_i_3224_n_0
                         CARRY4 (Prop_carry4_CI_CO[3])
                                                      0.100    70.929 r  u_mimo_detector_top/u_gram_matrix_compute/x_im_reg[3][21]_i_3219/CO[3]
                         net (fo=1, unplaced)         0.000    70.929    u_mimo_detector_top/u_gram_matrix_compute/x_im_reg[3][21]_i_3219_n_0
                         CARRY4 (Prop_carry4_CI_CO[3])
                                                      0.100    71.029 r  u_mimo_detector_top/u_gram_matrix_compute/x_im_reg[3][21]_i_3216/CO[3]
                         net (fo=1, unplaced)         0.000    71.029    u_mimo_detector_top/u_gram_matrix_compute/x_im_reg[3][21]_i_3216_n_0
                         CARRY4 (Prop_carry4_CI_CO[1])
                                                      0.150    71.179 r  u_mimo_detector_top/u_gram_matrix_compute/x_im_reg[3][21]_i_3215/CO[1]
                         net (fo=59, unplaced)        0.488    71.667    u_mimo_detector_top/u_gram_matrix_compute/x_im[3][21]_i_3421_0[0]
                         CARRY4 (Prop_carry4_CYINIT_CO[3])
                                                      0.666    72.333 r  u_mimo_detector_top/u_gram_matrix_compute/x_im_reg[3][21]_i_3210/CO[3]
                         net (fo=1, unplaced)         0.008    72.341    u_mimo_detector_top/u_gram_matrix_compute/x_im_reg[3][21]_i_3210_n_0
                         CARRY4 (Prop_carry4_CI_CO[3])
                                                      0.100    72.441 r  u_mimo_detector_top/u_gram_matrix_compute/x_im_reg[3][21]_i_3015/CO[3]
                         net (fo=1, unplaced)         0.000    72.441    u_mimo_detector_top/u_gram_matrix_compute/x_im_reg[3][21]_i_3015_n_0
                         CARRY4 (Prop_carry4_CI_CO[3])
                                                      0.100    72.541 r  u_mimo_detector_top/u_gram_matrix_compute/x_im_reg[3][21]_i_3010/CO[3]
                         net (fo=1, unplaced)         0.000    72.541    u_mimo_detector_top/u_gram_matrix_compute/x_im_reg[3][21]_i_3010_n_0
                         CARRY4 (Prop_carry4_CI_CO[3])
                                                      0.100    72.641 r  u_mimo_detector_top/u_gram_matrix_compute/x_im_reg[3][21]_i_3005/CO[3]
                         net (fo=1, unplaced)         0.000    72.641    u_mimo_detector_top/u_gram_matrix_compute/x_im_reg[3][21]_i_3005_n_0
                         CARRY4 (Prop_carry4_CI_CO[3])
                                                      0.100    72.741 r  u_mimo_detector_top/u_gram_matrix_compute/x_im_reg[3][21]_i_3000/CO[3]
                         net (fo=1, unplaced)         0.000    72.741    u_mimo_detector_top/u_gram_matrix_compute/x_im_reg[3][21]_i_3000_n_0
                         CARRY4 (Prop_carry4_CI_CO[3])
                                                      0.100    72.841 r  u_mimo_detector_top/u_gram_matrix_compute/x_im_reg[3][21]_i_2995/CO[3]
                         net (fo=1, unplaced)         0.000    72.841    u_mimo_detector_top/u_gram_matrix_compute/x_im_reg[3][21]_i_2995_n_0
                         CARRY4 (Prop_carry4_CI_CO[3])
                                                      0.100    72.941 r  u_mimo_detector_top/u_gram_matrix_compute/x_im_reg[3][21]_i_2990/CO[3]
                         net (fo=1, unplaced)         0.000    72.941    u_mimo_detector_top/u_gram_matrix_compute/x_im_reg[3][21]_i_2990_n_0
                         CARRY4 (Prop_carry4_CI_CO[3])
                                                      0.100    73.041 r  u_mimo_detector_top/u_gram_matrix_compute/x_im_reg[3][21]_i_2985/CO[3]
                         net (fo=1, unplaced)         0.000    73.041    u_mimo_detector_top/u_gram_matrix_compute/x_im_reg[3][21]_i_2985_n_0
                         CARRY4 (Prop_carry4_CI_CO[3])
                                                      0.100    73.141 r  u_mimo_detector_top/u_gram_matrix_compute/x_im_reg[3][21]_i_2980/CO[3]
                         net (fo=1, unplaced)         0.000    73.141    u_mimo_detector_top/u_gram_matrix_compute/x_im_reg[3][21]_i_2980_n_0
                         CARRY4 (Prop_carry4_CI_CO[3])
                                                      0.100    73.241 r  u_mimo_detector_top/u_gram_matrix_compute/x_im_reg[3][21]_i_2975/CO[3]
                         net (fo=1, unplaced)         0.000    73.241    u_mimo_detector_top/u_gram_matrix_compute/x_im_reg[3][21]_i_2975_n_0
                         CARRY4 (Prop_carry4_CI_CO[3])
                                                      0.100    73.341 r  u_mimo_detector_top/u_gram_matrix_compute/x_im_reg[3][21]_i_2970/CO[3]
                         net (fo=1, unplaced)         0.000    73.341    u_mimo_detector_top/u_gram_matrix_compute/x_im_reg[3][21]_i_2970_n_0
                         CARRY4 (Prop_carry4_CI_CO[3])
                                                      0.100    73.441 r  u_mimo_detector_top/u_gram_matrix_compute/x_im_reg[3][21]_i_2965/CO[3]
                         net (fo=1, unplaced)         0.000    73.441    u_mimo_detector_top/u_gram_matrix_compute/x_im_reg[3][21]_i_2965_n_0
                         CARRY4 (Prop_carry4_CI_CO[3])
                                                      0.100    73.541 r  u_mimo_detector_top/u_gram_matrix_compute/x_im_reg[3][21]_i_2960/CO[3]
                         net (fo=1, unplaced)         0.000    73.541    u_mimo_detector_top/u_gram_matrix_compute/x_im_reg[3][21]_i_2960_n_0
                         CARRY4 (Prop_carry4_CI_CO[3])
                                                      0.100    73.641 r  u_mimo_detector_top/u_gram_matrix_compute/x_im_reg[3][21]_i_2957/CO[3]
                         net (fo=1, unplaced)         0.000    73.641    u_mimo_detector_top/u_gram_matrix_compute/x_im_reg[3][21]_i_2957_n_0
                         CARRY4 (Prop_carry4_CI_CO[1])
                                                      0.150    73.791 r  u_mimo_detector_top/u_gram_matrix_compute/x_im_reg[3][21]_i_2956/CO[1]
                         net (fo=59, unplaced)        0.488    74.279    u_mimo_detector_top/u_gram_matrix_compute/x_im[3][21]_i_3218_0[0]
                         CARRY4 (Prop_carry4_CYINIT_CO[3])
                                                      0.666    74.945 r  u_mimo_detector_top/u_gram_matrix_compute/x_im_reg[3][21]_i_3205/CO[3]
                         net (fo=1, unplaced)         0.008    74.953    u_mimo_detector_top/u_gram_matrix_compute/x_im_reg[3][21]_i_3205_n_0
                         CARRY4 (Prop_carry4_CI_CO[3])
                                                      0.100    75.053 r  u_mimo_detector_top/u_gram_matrix_compute/x_im_reg[3][21]_i_2951/CO[3]
                         net (fo=1, unplaced)         0.000    75.053    u_mimo_detector_top/u_gram_matrix_compute/x_im_reg[3][21]_i_2951_n_0
                         CARRY4 (Prop_carry4_CI_CO[3])
                                                      0.100    75.153 r  u_mimo_detector_top/u_gram_matrix_compute/x_im_reg[3][21]_i_2754/CO[3]
                         net (fo=1, unplaced)         0.000    75.153    u_mimo_detector_top/u_gram_matrix_compute/x_im_reg[3][21]_i_2754_n_0
                         CARRY4 (Prop_carry4_CI_CO[3])
                                                      0.100    75.253 r  u_mimo_detector_top/u_gram_matrix_compute/x_im_reg[3][21]_i_2749/CO[3]
                         net (fo=1, unplaced)         0.000    75.253    u_mimo_detector_top/u_gram_matrix_compute/x_im_reg[3][21]_i_2749_n_0
                         CARRY4 (Prop_carry4_CI_CO[3])
                                                      0.100    75.353 r  u_mimo_detector_top/u_gram_matrix_compute/x_im_reg[3][21]_i_2744/CO[3]
                         net (fo=1, unplaced)         0.000    75.353    u_mimo_detector_top/u_gram_matrix_compute/x_im_reg[3][21]_i_2744_n_0
                         CARRY4 (Prop_carry4_CI_CO[3])
                                                      0.100    75.453 r  u_mimo_detector_top/u_gram_matrix_compute/x_im_reg[3][21]_i_2739/CO[3]
                         net (fo=1, unplaced)         0.000    75.453    u_mimo_detector_top/u_gram_matrix_compute/x_im_reg[3][21]_i_2739_n_0
                         CARRY4 (Prop_carry4_CI_CO[3])
                                                      0.100    75.553 r  u_mimo_detector_top/u_gram_matrix_compute/x_im_reg[3][21]_i_2734/CO[3]
                         net (fo=1, unplaced)         0.000    75.553    u_mimo_detector_top/u_gram_matrix_compute/x_im_reg[3][21]_i_2734_n_0
                         CARRY4 (Prop_carry4_CI_CO[3])
                                                      0.100    75.653 r  u_mimo_detector_top/u_gram_matrix_compute/x_im_reg[3][21]_i_2729/CO[3]
                         net (fo=1, unplaced)         0.000    75.653    u_mimo_detector_top/u_gram_matrix_compute/x_im_reg[3][21]_i_2729_n_0
                         CARRY4 (Prop_carry4_CI_CO[3])
                                                      0.100    75.753 r  u_mimo_detector_top/u_gram_matrix_compute/x_im_reg[3][21]_i_2724/CO[3]
                         net (fo=1, unplaced)         0.000    75.753    u_mimo_detector_top/u_gram_matrix_compute/x_im_reg[3][21]_i_2724_n_0
                         CARRY4 (Prop_carry4_CI_CO[3])
                                                      0.100    75.853 r  u_mimo_detector_top/u_gram_matrix_compute/x_im_reg[3][21]_i_2719/CO[3]
                         net (fo=1, unplaced)         0.000    75.853    u_mimo_detector_top/u_gram_matrix_compute/x_im_reg[3][21]_i_2719_n_0
                         CARRY4 (Prop_carry4_CI_CO[3])
                                                      0.100    75.953 r  u_mimo_detector_top/u_gram_matrix_compute/x_im_reg[3][21]_i_2714/CO[3]
                         net (fo=1, unplaced)         0.000    75.953    u_mimo_detector_top/u_gram_matrix_compute/x_im_reg[3][21]_i_2714_n_0
                         CARRY4 (Prop_carry4_CI_CO[3])
                                                      0.100    76.053 r  u_mimo_detector_top/u_gram_matrix_compute/x_im_reg[3][21]_i_2709/CO[3]
                         net (fo=1, unplaced)         0.000    76.053    u_mimo_detector_top/u_gram_matrix_compute/x_im_reg[3][21]_i_2709_n_0
                         CARRY4 (Prop_carry4_CI_CO[3])
                                                      0.100    76.153 r  u_mimo_detector_top/u_gram_matrix_compute/x_im_reg[3][21]_i_2704/CO[3]
                         net (fo=1, unplaced)         0.000    76.153    u_mimo_detector_top/u_gram_matrix_compute/x_im_reg[3][21]_i_2704_n_0
                         CARRY4 (Prop_carry4_CI_CO[3])
                                                      0.100    76.253 r  u_mimo_detector_top/u_gram_matrix_compute/x_im_reg[3][21]_i_2701/CO[3]
                         net (fo=1, unplaced)         0.000    76.253    u_mimo_detector_top/u_gram_matrix_compute/x_im_reg[3][21]_i_2701_n_0
                         CARRY4 (Prop_carry4_CI_CO[1])
                                                      0.150    76.403 r  u_mimo_detector_top/u_gram_matrix_compute/x_im_reg[3][21]_i_2700/CO[1]
                         net (fo=59, unplaced)        0.488    76.891    u_mimo_detector_top/u_gram_matrix_compute/x_im[3][21]_i_2959_0[0]
                         CARRY4 (Prop_carry4_CYINIT_CO[3])
                                                      0.666    77.557 r  u_mimo_detector_top/u_gram_matrix_compute/x_im_reg[3][21]_i_3200/CO[3]
                         net (fo=1, unplaced)         0.008    77.565    u_mimo_detector_top/u_gram_matrix_compute/x_im_reg[3][21]_i_3200_n_0
                         CARRY4 (Prop_carry4_CI_CO[3])
                                                      0.100    77.665 r  u_mimo_detector_top/u_gram_matrix_compute/x_im_reg[3][21]_i_2946/CO[3]
                         net (fo=1, unplaced)         0.000    77.665    u_mimo_detector_top/u_gram_matrix_compute/x_im_reg[3][21]_i_2946_n_0
                         CARRY4 (Prop_carry4_CI_CO[3])
                                                      0.100    77.765 r  u_mimo_detector_top/u_gram_matrix_compute/x_im_reg[3][21]_i_2695/CO[3]
                         net (fo=1, unplaced)         0.000    77.765    u_mimo_detector_top/u_gram_matrix_compute/x_im_reg[3][21]_i_2695_n_0
                         CARRY4 (Prop_carry4_CI_CO[3])
                                                      0.100    77.865 r  u_mimo_detector_top/u_gram_matrix_compute/x_im_reg[3][21]_i_2498/CO[3]
                         net (fo=1, unplaced)         0.000    77.865    u_mimo_detector_top/u_gram_matrix_compute/x_im_reg[3][21]_i_2498_n_0
                         CARRY4 (Prop_carry4_CI_CO[3])
                                                      0.100    77.965 r  u_mimo_detector_top/u_gram_matrix_compute/x_im_reg[3][21]_i_2493/CO[3]
                         net (fo=1, unplaced)         0.000    77.965    u_mimo_detector_top/u_gram_matrix_compute/x_im_reg[3][21]_i_2493_n_0
                         CARRY4 (Prop_carry4_CI_CO[3])
                                                      0.100    78.065 r  u_mimo_detector_top/u_gram_matrix_compute/x_im_reg[3][21]_i_2488/CO[3]
                         net (fo=1, unplaced)         0.000    78.065    u_mimo_detector_top/u_gram_matrix_compute/x_im_reg[3][21]_i_2488_n_0
                         CARRY4 (Prop_carry4_CI_CO[3])
                                                      0.100    78.165 r  u_mimo_detector_top/u_gram_matrix_compute/x_im_reg[3][21]_i_2483/CO[3]
                         net (fo=1, unplaced)         0.000    78.165    u_mimo_detector_top/u_gram_matrix_compute/x_im_reg[3][21]_i_2483_n_0
                         CARRY4 (Prop_carry4_CI_CO[3])
                                                      0.100    78.265 r  u_mimo_detector_top/u_gram_matrix_compute/x_im_reg[3][21]_i_2478/CO[3]
                         net (fo=1, unplaced)         0.000    78.265    u_mimo_detector_top/u_gram_matrix_compute/x_im_reg[3][21]_i_2478_n_0
                         CARRY4 (Prop_carry4_CI_CO[3])
                                                      0.100    78.365 r  u_mimo_detector_top/u_gram_matrix_compute/x_im_reg[3][21]_i_2473/CO[3]
                         net (fo=1, unplaced)         0.000    78.365    u_mimo_detector_top/u_gram_matrix_compute/x_im_reg[3][21]_i_2473_n_0
                         CARRY4 (Prop_carry4_CI_CO[3])
                                                      0.100    78.465 r  u_mimo_detector_top/u_gram_matrix_compute/x_im_reg[3][21]_i_2468/CO[3]
                         net (fo=1, unplaced)         0.000    78.465    u_mimo_detector_top/u_gram_matrix_compute/x_im_reg[3][21]_i_2468_n_0
                         CARRY4 (Prop_carry4_CI_CO[3])
                                                      0.100    78.565 r  u_mimo_detector_top/u_gram_matrix_compute/x_im_reg[3][21]_i_2463/CO[3]
                         net (fo=1, unplaced)         0.000    78.565    u_mimo_detector_top/u_gram_matrix_compute/x_im_reg[3][21]_i_2463_n_0
                         CARRY4 (Prop_carry4_CI_CO[3])
                                                      0.100    78.665 r  u_mimo_detector_top/u_gram_matrix_compute/x_im_reg[3][21]_i_2458/CO[3]
                         net (fo=1, unplaced)         0.000    78.665    u_mimo_detector_top/u_gram_matrix_compute/x_im_reg[3][21]_i_2458_n_0
                         CARRY4 (Prop_carry4_CI_CO[3])
                                                      0.100    78.765 r  u_mimo_detector_top/u_gram_matrix_compute/x_im_reg[3][21]_i_2453/CO[3]
                         net (fo=1, unplaced)         0.000    78.765    u_mimo_detector_top/u_gram_matrix_compute/x_im_reg[3][21]_i_2453_n_0
                         CARRY4 (Prop_carry4_CI_CO[3])
                                                      0.100    78.865 r  u_mimo_detector_top/u_gram_matrix_compute/x_im_reg[3][21]_i_2450/CO[3]
                         net (fo=1, unplaced)         0.000    78.865    u_mimo_detector_top/u_gram_matrix_compute/x_im_reg[3][21]_i_2450_n_0
                         CARRY4 (Prop_carry4_CI_CO[1])
                                                      0.150    79.015 r  u_mimo_detector_top/u_gram_matrix_compute/x_im_reg[3][21]_i_2449/CO[1]
                         net (fo=59, unplaced)        0.488    79.503    u_mimo_detector_top/u_gram_matrix_compute/x_im[3][21]_i_2703_0[0]
                         CARRY4 (Prop_carry4_CYINIT_CO[3])
                                                      0.666    80.169 r  u_mimo_detector_top/u_gram_matrix_compute/x_im_reg[3][21]_i_3195/CO[3]
                         net (fo=1, unplaced)         0.008    80.177    u_mimo_detector_top/u_gram_matrix_compute/x_im_reg[3][21]_i_3195_n_0
                         CARRY4 (Prop_carry4_CI_CO[3])
                                                      0.100    80.277 r  u_mimo_detector_top/u_gram_matrix_compute/x_im_reg[3][21]_i_2941/CO[3]
                         net (fo=1, unplaced)         0.000    80.277    u_mimo_detector_top/u_gram_matrix_compute/x_im_reg[3][21]_i_2941_n_0
                         CARRY4 (Prop_carry4_CI_CO[3])
                                                      0.100    80.377 r  u_mimo_detector_top/u_gram_matrix_compute/x_im_reg[3][21]_i_2690/CO[3]
                         net (fo=1, unplaced)         0.000    80.377    u_mimo_detector_top/u_gram_matrix_compute/x_im_reg[3][21]_i_2690_n_0
                         CARRY4 (Prop_carry4_CI_CO[3])
                                                      0.100    80.477 r  u_mimo_detector_top/u_gram_matrix_compute/x_im_reg[3][21]_i_2444/CO[3]
                         net (fo=1, unplaced)         0.000    80.477    u_mimo_detector_top/u_gram_matrix_compute/x_im_reg[3][21]_i_2444_n_0
                         CARRY4 (Prop_carry4_CI_CO[3])
                                                      0.100    80.577 r  u_mimo_detector_top/u_gram_matrix_compute/x_im_reg[3][21]_i_2198/CO[3]
                         net (fo=1, unplaced)         0.000    80.577    u_mimo_detector_top/u_gram_matrix_compute/x_im_reg[3][21]_i_2198_n_0
                         CARRY4 (Prop_carry4_CI_CO[3])
                                                      0.100    80.677 r  u_mimo_detector_top/u_gram_matrix_compute/x_im_reg[3][21]_i_2193/CO[3]
                         net (fo=1, unplaced)         0.000    80.677    u_mimo_detector_top/u_gram_matrix_compute/x_im_reg[3][21]_i_2193_n_0
                         CARRY4 (Prop_carry4_CI_CO[3])
                                                      0.100    80.777 r  u_mimo_detector_top/u_gram_matrix_compute/x_im_reg[3][21]_i_2188/CO[3]
                         net (fo=1, unplaced)         0.000    80.777    u_mimo_detector_top/u_gram_matrix_compute/x_im_reg[3][21]_i_2188_n_0
                         CARRY4 (Prop_carry4_CI_CO[3])
                                                      0.100    80.877 r  u_mimo_detector_top/u_gram_matrix_compute/x_im_reg[3][21]_i_2183/CO[3]
                         net (fo=1, unplaced)         0.000    80.877    u_mimo_detector_top/u_gram_matrix_compute/x_im_reg[3][21]_i_2183_n_0
                         CARRY4 (Prop_carry4_CI_CO[3])
                                                      0.100    80.977 r  u_mimo_detector_top/u_gram_matrix_compute/x_im_reg[3][21]_i_2178/CO[3]
                         net (fo=1, unplaced)         0.000    80.977    u_mimo_detector_top/u_gram_matrix_compute/x_im_reg[3][21]_i_2178_n_0
                         CARRY4 (Prop_carry4_CI_CO[3])
                                                      0.100    81.077 r  u_mimo_detector_top/u_gram_matrix_compute/x_im_reg[3][21]_i_2173/CO[3]
                         net (fo=1, unplaced)         0.000    81.077    u_mimo_detector_top/u_gram_matrix_compute/x_im_reg[3][21]_i_2173_n_0
                         CARRY4 (Prop_carry4_CI_CO[3])
                                                      0.100    81.177 r  u_mimo_detector_top/u_gram_matrix_compute/x_im_reg[3][21]_i_2168/CO[3]
                         net (fo=1, unplaced)         0.000    81.177    u_mimo_detector_top/u_gram_matrix_compute/x_im_reg[3][21]_i_2168_n_0
                         CARRY4 (Prop_carry4_CI_CO[3])
                                                      0.100    81.277 r  u_mimo_detector_top/u_gram_matrix_compute/x_im_reg[3][21]_i_2163/CO[3]
                         net (fo=1, unplaced)         0.000    81.277    u_mimo_detector_top/u_gram_matrix_compute/x_im_reg[3][21]_i_2163_n_0
                         CARRY4 (Prop_carry4_CI_CO[3])
                                                      0.100    81.377 r  u_mimo_detector_top/u_gram_matrix_compute/x_im_reg[3][21]_i_2158/CO[3]
                         net (fo=1, unplaced)         0.000    81.377    u_mimo_detector_top/u_gram_matrix_compute/x_im_reg[3][21]_i_2158_n_0
                         CARRY4 (Prop_carry4_CI_CO[3])
                                                      0.100    81.477 r  u_mimo_detector_top/u_gram_matrix_compute/x_im_reg[3][21]_i_2155/CO[3]
                         net (fo=1, unplaced)         0.000    81.477    u_mimo_detector_top/u_gram_matrix_compute/x_im_reg[3][21]_i_2155_n_0
                         CARRY4 (Prop_carry4_CI_CO[1])
                                                      0.150    81.627 r  u_mimo_detector_top/u_gram_matrix_compute/x_im_reg[3][21]_i_2154/CO[1]
                         net (fo=59, unplaced)        0.488    82.115    u_mimo_detector_top/u_gram_matrix_compute/x_im[3][21]_i_2452_0[0]
                         CARRY4 (Prop_carry4_CYINIT_CO[3])
                                                      0.666    82.781 r  u_mimo_detector_top/u_gram_matrix_compute/x_im_reg[3][21]_i_3190/CO[3]
                         net (fo=1, unplaced)         0.008    82.789    u_mimo_detector_top/u_gram_matrix_compute/x_im_reg[3][21]_i_3190_n_0
                         CARRY4 (Prop_carry4_CI_CO[3])
                                                      0.100    82.889 r  u_mimo_detector_top/u_gram_matrix_compute/x_im_reg[3][21]_i_2936/CO[3]
                         net (fo=1, unplaced)         0.000    82.889    u_mimo_detector_top/u_gram_matrix_compute/x_im_reg[3][21]_i_2936_n_0
                         CARRY4 (Prop_carry4_CI_CO[3])
                                                      0.100    82.989 r  u_mimo_detector_top/u_gram_matrix_compute/x_im_reg[3][21]_i_2685/CO[3]
                         net (fo=1, unplaced)         0.000    82.989    u_mimo_detector_top/u_gram_matrix_compute/x_im_reg[3][21]_i_2685_n_0
                         CARRY4 (Prop_carry4_CI_CO[3])
                                                      0.100    83.089 r  u_mimo_detector_top/u_gram_matrix_compute/x_im_reg[3][21]_i_2439/CO[3]
                         net (fo=1, unplaced)         0.000    83.089    u_mimo_detector_top/u_gram_matrix_compute/x_im_reg[3][21]_i_2439_n_0
                         CARRY4 (Prop_carry4_CI_CO[3])
                                                      0.100    83.189 r  u_mimo_detector_top/u_gram_matrix_compute/x_im_reg[3][21]_i_2149/CO[3]
                         net (fo=1, unplaced)         0.000    83.189    u_mimo_detector_top/u_gram_matrix_compute/x_im_reg[3][21]_i_2149_n_0
                         CARRY4 (Prop_carry4_CI_CO[3])
                                                      0.100    83.289 r  u_mimo_detector_top/u_gram_matrix_compute/x_im_reg[3][21]_i_1862/CO[3]
                         net (fo=1, unplaced)         0.000    83.289    u_mimo_detector_top/u_gram_matrix_compute/x_im_reg[3][21]_i_1862_n_0
                         CARRY4 (Prop_carry4_CI_CO[3])
                                                      0.100    83.389 r  u_mimo_detector_top/u_gram_matrix_compute/x_im_reg[3][21]_i_1857/CO[3]
                         net (fo=1, unplaced)         0.000    83.389    u_mimo_detector_top/u_gram_matrix_compute/x_im_reg[3][21]_i_1857_n_0
                         CARRY4 (Prop_carry4_CI_CO[3])
                                                      0.100    83.489 r  u_mimo_detector_top/u_gram_matrix_compute/x_im_reg[3][21]_i_1852/CO[3]
                         net (fo=1, unplaced)         0.000    83.489    u_mimo_detector_top/u_gram_matrix_compute/x_im_reg[3][21]_i_1852_n_0
                         CARRY4 (Prop_carry4_CI_CO[3])
                                                      0.100    83.589 r  u_mimo_detector_top/u_gram_matrix_compute/x_im_reg[3][21]_i_1847/CO[3]
                         net (fo=1, unplaced)         0.000    83.589    u_mimo_detector_top/u_gram_matrix_compute/x_im_reg[3][21]_i_1847_n_0
                         CARRY4 (Prop_carry4_CI_CO[3])
                                                      0.100    83.689 r  u_mimo_detector_top/u_gram_matrix_compute/x_im_reg[3][21]_i_1842/CO[3]
                         net (fo=1, unplaced)         0.000    83.689    u_mimo_detector_top/u_gram_matrix_compute/x_im_reg[3][21]_i_1842_n_0
                         CARRY4 (Prop_carry4_CI_CO[3])
                                                      0.100    83.789 r  u_mimo_detector_top/u_gram_matrix_compute/x_im_reg[3][21]_i_1837/CO[3]
                         net (fo=1, unplaced)         0.000    83.789    u_mimo_detector_top/u_gram_matrix_compute/x_im_reg[3][21]_i_1837_n_0
                         CARRY4 (Prop_carry4_CI_CO[3])
                                                      0.100    83.889 r  u_mimo_detector_top/u_gram_matrix_compute/x_im_reg[3][21]_i_1832/CO[3]
                         net (fo=1, unplaced)         0.000    83.889    u_mimo_detector_top/u_gram_matrix_compute/x_im_reg[3][21]_i_1832_n_0
                         CARRY4 (Prop_carry4_CI_CO[3])
                                                      0.100    83.989 r  u_mimo_detector_top/u_gram_matrix_compute/x_im_reg[3][21]_i_1827/CO[3]
                         net (fo=1, unplaced)         0.000    83.989    u_mimo_detector_top/u_gram_matrix_compute/x_im_reg[3][21]_i_1827_n_0
                         CARRY4 (Prop_carry4_CI_CO[3])
                                                      0.100    84.089 r  u_mimo_detector_top/u_gram_matrix_compute/x_im_reg[3][21]_i_1824/CO[3]
                         net (fo=1, unplaced)         0.000    84.089    u_mimo_detector_top/u_gram_matrix_compute/x_im_reg[3][21]_i_1824_n_0
                         CARRY4 (Prop_carry4_CI_CO[1])
                                                      0.150    84.239 r  u_mimo_detector_top/u_gram_matrix_compute/x_im_reg[3][21]_i_1823/CO[1]
                         net (fo=59, unplaced)        0.488    84.727    u_mimo_detector_top/u_gram_matrix_compute/x_im[3][21]_i_2157_0[0]
                         CARRY4 (Prop_carry4_CYINIT_CO[3])
                                                      0.666    85.393 r  u_mimo_detector_top/u_gram_matrix_compute/x_im_reg[3][21]_i_3185/CO[3]
                         net (fo=1, unplaced)         0.008    85.401    u_mimo_detector_top/u_gram_matrix_compute/x_im_reg[3][21]_i_3185_n_0
                         CARRY4 (Prop_carry4_CI_CO[3])
                                                      0.100    85.501 r  u_mimo_detector_top/u_gram_matrix_compute/x_im_reg[3][21]_i_2931/CO[3]
                         net (fo=1, unplaced)         0.000    85.501    u_mimo_detector_top/u_gram_matrix_compute/x_im_reg[3][21]_i_2931_n_0
                         CARRY4 (Prop_carry4_CI_CO[3])
                                                      0.100    85.601 r  u_mimo_detector_top/u_gram_matrix_compute/x_im_reg[3][21]_i_2680/CO[3]
                         net (fo=1, unplaced)         0.000    85.601    u_mimo_detector_top/u_gram_matrix_compute/x_im_reg[3][21]_i_2680_n_0
                         CARRY4 (Prop_carry4_CI_CO[3])
                                                      0.100    85.701 r  u_mimo_detector_top/u_gram_matrix_compute/x_im_reg[3][21]_i_2434/CO[3]
                         net (fo=1, unplaced)         0.000    85.701    u_mimo_detector_top/u_gram_matrix_compute/x_im_reg[3][21]_i_2434_n_0
                         CARRY4 (Prop_carry4_CI_CO[3])
                                                      0.100    85.801 r  u_mimo_detector_top/u_gram_matrix_compute/x_im_reg[3][21]_i_2144/CO[3]
                         net (fo=1, unplaced)         0.000    85.801    u_mimo_detector_top/u_gram_matrix_compute/x_im_reg[3][21]_i_2144_n_0
                         CARRY4 (Prop_carry4_CI_CO[3])
                                                      0.100    85.901 r  u_mimo_detector_top/u_gram_matrix_compute/x_im_reg[3][21]_i_1818/CO[3]
                         net (fo=1, unplaced)         0.000    85.901    u_mimo_detector_top/u_gram_matrix_compute/x_im_reg[3][21]_i_1818_n_0
                         CARRY4 (Prop_carry4_CI_CO[3])
                                                      0.100    86.001 r  u_mimo_detector_top/u_gram_matrix_compute/x_im_reg[3][21]_i_1513/CO[3]
                         net (fo=1, unplaced)         0.000    86.001    u_mimo_detector_top/u_gram_matrix_compute/x_im_reg[3][21]_i_1513_n_0
                         CARRY4 (Prop_carry4_CI_CO[3])
                                                      0.100    86.101 r  u_mimo_detector_top/u_gram_matrix_compute/x_im_reg[3][21]_i_1508/CO[3]
                         net (fo=1, unplaced)         0.000    86.101    u_mimo_detector_top/u_gram_matrix_compute/x_im_reg[3][21]_i_1508_n_0
                         CARRY4 (Prop_carry4_CI_CO[3])
                                                      0.100    86.201 r  u_mimo_detector_top/u_gram_matrix_compute/x_im_reg[3][21]_i_1503/CO[3]
                         net (fo=1, unplaced)         0.000    86.201    u_mimo_detector_top/u_gram_matrix_compute/x_im_reg[3][21]_i_1503_n_0
                         CARRY4 (Prop_carry4_CI_CO[3])
                                                      0.100    86.301 r  u_mimo_detector_top/u_gram_matrix_compute/x_im_reg[3][21]_i_1498/CO[3]
                         net (fo=1, unplaced)         0.000    86.301    u_mimo_detector_top/u_gram_matrix_compute/x_im_reg[3][21]_i_1498_n_0
                         CARRY4 (Prop_carry4_CI_CO[3])
                                                      0.100    86.401 r  u_mimo_detector_top/u_gram_matrix_compute/x_im_reg[3][21]_i_1493/CO[3]
                         net (fo=1, unplaced)         0.000    86.401    u_mimo_detector_top/u_gram_matrix_compute/x_im_reg[3][21]_i_1493_n_0
                         CARRY4 (Prop_carry4_CI_CO[3])
                                                      0.100    86.501 r  u_mimo_detector_top/u_gram_matrix_compute/x_im_reg[3][21]_i_1488/CO[3]
                         net (fo=1, unplaced)         0.000    86.501    u_mimo_detector_top/u_gram_matrix_compute/x_im_reg[3][21]_i_1488_n_0
                         CARRY4 (Prop_carry4_CI_CO[3])
                                                      0.100    86.601 r  u_mimo_detector_top/u_gram_matrix_compute/x_im_reg[3][21]_i_1483/CO[3]
                         net (fo=1, unplaced)         0.000    86.601    u_mimo_detector_top/u_gram_matrix_compute/x_im_reg[3][21]_i_1483_n_0
                         CARRY4 (Prop_carry4_CI_CO[3])
                                                      0.100    86.701 r  u_mimo_detector_top/u_gram_matrix_compute/x_im_reg[3][21]_i_1480/CO[3]
                         net (fo=1, unplaced)         0.000    86.701    u_mimo_detector_top/u_gram_matrix_compute/x_im_reg[3][21]_i_1480_n_0
                         CARRY4 (Prop_carry4_CI_CO[1])
                                                      0.150    86.851 r  u_mimo_detector_top/u_gram_matrix_compute/x_im_reg[3][21]_i_1479/CO[1]
                         net (fo=59, unplaced)        0.488    87.339    u_mimo_detector_top/u_gram_matrix_compute/x_im[3][21]_i_1826_0[0]
                         CARRY4 (Prop_carry4_CYINIT_CO[3])
                                                      0.666    88.005 r  u_mimo_detector_top/u_gram_matrix_compute/x_im_reg[3][21]_i_3180/CO[3]
                         net (fo=1, unplaced)         0.008    88.013    u_mimo_detector_top/u_gram_matrix_compute/x_im_reg[3][21]_i_3180_n_0
                         CARRY4 (Prop_carry4_CI_CO[3])
                                                      0.100    88.113 r  u_mimo_detector_top/u_gram_matrix_compute/x_im_reg[3][21]_i_2926/CO[3]
                         net (fo=1, unplaced)         0.000    88.113    u_mimo_detector_top/u_gram_matrix_compute/x_im_reg[3][21]_i_2926_n_0
                         CARRY4 (Prop_carry4_CI_CO[3])
                                                      0.100    88.213 r  u_mimo_detector_top/u_gram_matrix_compute/x_im_reg[3][21]_i_2675/CO[3]
                         net (fo=1, unplaced)         0.000    88.213    u_mimo_detector_top/u_gram_matrix_compute/x_im_reg[3][21]_i_2675_n_0
                         CARRY4 (Prop_carry4_CI_CO[3])
                                                      0.100    88.313 r  u_mimo_detector_top/u_gram_matrix_compute/x_im_reg[3][21]_i_2429/CO[3]
                         net (fo=1, unplaced)         0.000    88.313    u_mimo_detector_top/u_gram_matrix_compute/x_im_reg[3][21]_i_2429_n_0
                         CARRY4 (Prop_carry4_CI_CO[3])
                                                      0.100    88.413 r  u_mimo_detector_top/u_gram_matrix_compute/x_im_reg[3][21]_i_2139/CO[3]
                         net (fo=1, unplaced)         0.000    88.413    u_mimo_detector_top/u_gram_matrix_compute/x_im_reg[3][21]_i_2139_n_0
                         CARRY4 (Prop_carry4_CI_CO[3])
                                                      0.100    88.513 r  u_mimo_detector_top/u_gram_matrix_compute/x_im_reg[3][21]_i_1813/CO[3]
                         net (fo=1, unplaced)         0.000    88.513    u_mimo_detector_top/u_gram_matrix_compute/x_im_reg[3][21]_i_1813_n_0
                         CARRY4 (Prop_carry4_CI_CO[3])
                                                      0.100    88.613 r  u_mimo_detector_top/u_gram_matrix_compute/x_im_reg[3][21]_i_1474/CO[3]
                         net (fo=1, unplaced)         0.000    88.613    u_mimo_detector_top/u_gram_matrix_compute/x_im_reg[3][21]_i_1474_n_0
                         CARRY4 (Prop_carry4_CI_CO[3])
                                                      0.100    88.713 r  u_mimo_detector_top/u_gram_matrix_compute/x_im_reg[3][21]_i_1141/CO[3]
                         net (fo=1, unplaced)         0.000    88.713    u_mimo_detector_top/u_gram_matrix_compute/x_im_reg[3][21]_i_1141_n_0
                         CARRY4 (Prop_carry4_CI_CO[3])
                                                      0.100    88.813 r  u_mimo_detector_top/u_gram_matrix_compute/x_im_reg[3][21]_i_1136/CO[3]
                         net (fo=1, unplaced)         0.000    88.813    u_mimo_detector_top/u_gram_matrix_compute/x_im_reg[3][21]_i_1136_n_0
                         CARRY4 (Prop_carry4_CI_CO[3])
                                                      0.100    88.913 r  u_mimo_detector_top/u_gram_matrix_compute/x_im_reg[3][21]_i_1131/CO[3]
                         net (fo=1, unplaced)         0.000    88.913    u_mimo_detector_top/u_gram_matrix_compute/x_im_reg[3][21]_i_1131_n_0
                         CARRY4 (Prop_carry4_CI_CO[3])
                                                      0.100    89.013 r  u_mimo_detector_top/u_gram_matrix_compute/x_im_reg[3][21]_i_1126/CO[3]
                         net (fo=1, unplaced)         0.000    89.013    u_mimo_detector_top/u_gram_matrix_compute/x_im_reg[3][21]_i_1126_n_0
                         CARRY4 (Prop_carry4_CI_CO[3])
                                                      0.100    89.113 r  u_mimo_detector_top/u_gram_matrix_compute/x_im_reg[3][21]_i_1121/CO[3]
                         net (fo=1, unplaced)         0.000    89.113    u_mimo_detector_top/u_gram_matrix_compute/x_im_reg[3][21]_i_1121_n_0
                         CARRY4 (Prop_carry4_CI_CO[3])
                                                      0.100    89.213 r  u_mimo_detector_top/u_gram_matrix_compute/x_im_reg[3][21]_i_1115/CO[3]
                         net (fo=1, unplaced)         0.000    89.213    u_mimo_detector_top/u_gram_matrix_compute/x_im_reg[3][21]_i_1115_n_0
                         CARRY4 (Prop_carry4_CI_CO[3])
                                                      0.100    89.313 r  u_mimo_detector_top/u_gram_matrix_compute/x_im_reg[3][21]_i_1112/CO[3]
                         net (fo=1, unplaced)         0.000    89.313    u_mimo_detector_top/u_gram_matrix_compute/x_im_reg[3][21]_i_1112_n_0
                         CARRY4 (Prop_carry4_CI_CO[1])
                                                      0.150    89.463 r  u_mimo_detector_top/u_gram_matrix_compute/x_im_reg[3][21]_i_1111/CO[1]
                         net (fo=59, unplaced)        0.488    89.951    u_mimo_detector_top/u_gram_matrix_compute/x_im[3][21]_i_1482_0[0]
                         CARRY4 (Prop_carry4_CYINIT_CO[3])
                                                      0.666    90.617 r  u_mimo_detector_top/u_gram_matrix_compute/x_im_reg[3][21]_i_3175/CO[3]
                         net (fo=1, unplaced)         0.008    90.625    u_mimo_detector_top/u_gram_matrix_compute/x_im_reg[3][21]_i_3175_n_0
                         CARRY4 (Prop_carry4_CI_CO[3])
                                                      0.100    90.725 r  u_mimo_detector_top/u_gram_matrix_compute/x_im_reg[3][21]_i_2921/CO[3]
                         net (fo=1, unplaced)         0.000    90.725    u_mimo_detector_top/u_gram_matrix_compute/x_im_reg[3][21]_i_2921_n_0
                         CARRY4 (Prop_carry4_CI_CO[3])
                                                      0.100    90.825 r  u_mimo_detector_top/u_gram_matrix_compute/x_im_reg[3][21]_i_2670/CO[3]
                         net (fo=1, unplaced)         0.000    90.825    u_mimo_detector_top/u_gram_matrix_compute/x_im_reg[3][21]_i_2670_n_0
                         CARRY4 (Prop_carry4_CI_CO[3])
                                                      0.100    90.925 r  u_mimo_detector_top/u_gram_matrix_compute/x_im_reg[3][21]_i_2424/CO[3]
                         net (fo=1, unplaced)         0.000    90.925    u_mimo_detector_top/u_gram_matrix_compute/x_im_reg[3][21]_i_2424_n_0
                         CARRY4 (Prop_carry4_CI_CO[3])
                                                      0.100    91.025 r  u_mimo_detector_top/u_gram_matrix_compute/x_im_reg[3][21]_i_2134/CO[3]
                         net (fo=1, unplaced)         0.000    91.025    u_mimo_detector_top/u_gram_matrix_compute/x_im_reg[3][21]_i_2134_n_0
                         CARRY4 (Prop_carry4_CI_CO[3])
                                                      0.100    91.125 r  u_mimo_detector_top/u_gram_matrix_compute/x_im_reg[3][21]_i_1808/CO[3]
                         net (fo=1, unplaced)         0.000    91.125    u_mimo_detector_top/u_gram_matrix_compute/x_im_reg[3][21]_i_1808_n_0
                         CARRY4 (Prop_carry4_CI_CO[3])
                                                      0.100    91.225 r  u_mimo_detector_top/u_gram_matrix_compute/x_im_reg[3][21]_i_1469/CO[3]
                         net (fo=1, unplaced)         0.000    91.225    u_mimo_detector_top/u_gram_matrix_compute/x_im_reg[3][21]_i_1469_n_0
                         CARRY4 (Prop_carry4_CI_CO[3])
                                                      0.100    91.325 r  u_mimo_detector_top/u_gram_matrix_compute/x_im_reg[3][21]_i_1106/CO[3]
                         net (fo=1, unplaced)         0.000    91.325    u_mimo_detector_top/u_gram_matrix_compute/x_im_reg[3][21]_i_1106_n_0
                         CARRY4 (Prop_carry4_CI_CO[3])
                                                      0.100    91.425 r  u_mimo_detector_top/u_gram_matrix_compute/x_im_reg[3][21]_i_858/CO[3]
                         net (fo=1, unplaced)         0.000    91.425    u_mimo_detector_top/u_gram_matrix_compute/x_im_reg[3][21]_i_858_n_0
                         CARRY4 (Prop_carry4_CI_CO[3])
                                                      0.100    91.525 r  u_mimo_detector_top/u_gram_matrix_compute/x_im_reg[3][21]_i_853/CO[3]
                         net (fo=1, unplaced)         0.000    91.525    u_mimo_detector_top/u_gram_matrix_compute/x_im_reg[3][21]_i_853_n_0
                         CARRY4 (Prop_carry4_CI_CO[3])
                                                      0.100    91.625 r  u_mimo_detector_top/u_gram_matrix_compute/x_im_reg[3][21]_i_848/CO[3]
                         net (fo=1, unplaced)         0.000    91.625    u_mimo_detector_top/u_gram_matrix_compute/x_im_reg[3][21]_i_848_n_0
                         CARRY4 (Prop_carry4_CI_CO[3])
                                                      0.100    91.725 r  u_mimo_detector_top/u_gram_matrix_compute/x_im_reg[3][21]_i_843/CO[3]
                         net (fo=1, unplaced)         0.000    91.725    u_mimo_detector_top/u_gram_matrix_compute/x_im_reg[3][21]_i_843_n_0
                         CARRY4 (Prop_carry4_CI_CO[3])
                                                      0.100    91.825 r  u_mimo_detector_top/u_gram_matrix_compute/x_im_reg[3][21]_i_838/CO[3]
                         net (fo=1, unplaced)         0.000    91.825    u_mimo_detector_top/u_gram_matrix_compute/x_im_reg[3][21]_i_838_n_0
                         CARRY4 (Prop_carry4_CI_CO[3])
                                                      0.100    91.925 r  u_mimo_detector_top/u_gram_matrix_compute/x_im_reg[3][21]_i_835/CO[3]
                         net (fo=1, unplaced)         0.000    91.925    u_mimo_detector_top/u_gram_matrix_compute/x_im_reg[3][21]_i_835_n_0
                         CARRY4 (Prop_carry4_CI_CO[1])
                                                      0.150    92.075 r  u_mimo_detector_top/u_gram_matrix_compute/x_im_reg[3][21]_i_834/CO[1]
                         net (fo=59, unplaced)        0.488    92.563    u_mimo_detector_top/u_gram_matrix_compute/x_im[3][21]_i_1114_0[0]
                         CARRY4 (Prop_carry4_CYINIT_CO[3])
                                                      0.666    93.229 r  u_mimo_detector_top/u_gram_matrix_compute/x_im_reg[3][21]_i_3170/CO[3]
                         net (fo=1, unplaced)         0.008    93.237    u_mimo_detector_top/u_gram_matrix_compute/x_im_reg[3][21]_i_3170_n_0
                         CARRY4 (Prop_carry4_CI_CO[3])
                                                      0.100    93.337 r  u_mimo_detector_top/u_gram_matrix_compute/x_im_reg[3][21]_i_2916/CO[3]
                         net (fo=1, unplaced)         0.000    93.337    u_mimo_detector_top/u_gram_matrix_compute/x_im_reg[3][21]_i_2916_n_0
                         CARRY4 (Prop_carry4_CI_CO[3])
                                                      0.100    93.437 r  u_mimo_detector_top/u_gram_matrix_compute/x_im_reg[3][21]_i_2665/CO[3]
                         net (fo=1, unplaced)         0.000    93.437    u_mimo_detector_top/u_gram_matrix_compute/x_im_reg[3][21]_i_2665_n_0
                         CARRY4 (Prop_carry4_CI_CO[3])
                                                      0.100    93.537 r  u_mimo_detector_top/u_gram_matrix_compute/x_im_reg[3][21]_i_2419/CO[3]
                         net (fo=1, unplaced)         0.000    93.537    u_mimo_detector_top/u_gram_matrix_compute/x_im_reg[3][21]_i_2419_n_0
                         CARRY4 (Prop_carry4_CI_CO[3])
                                                      0.100    93.637 r  u_mimo_detector_top/u_gram_matrix_compute/x_im_reg[3][21]_i_2129/CO[3]
                         net (fo=1, unplaced)         0.000    93.637    u_mimo_detector_top/u_gram_matrix_compute/x_im_reg[3][21]_i_2129_n_0
                         CARRY4 (Prop_carry4_CI_CO[3])
                                                      0.100    93.737 r  u_mimo_detector_top/u_gram_matrix_compute/x_im_reg[3][21]_i_1803/CO[3]
                         net (fo=1, unplaced)         0.000    93.737    u_mimo_detector_top/u_gram_matrix_compute/x_im_reg[3][21]_i_1803_n_0
                         CARRY4 (Prop_carry4_CI_CO[3])
                                                      0.100    93.837 r  u_mimo_detector_top/u_gram_matrix_compute/x_im_reg[3][21]_i_1464/CO[3]
                         net (fo=1, unplaced)         0.000    93.837    u_mimo_detector_top/u_gram_matrix_compute/x_im_reg[3][21]_i_1464_n_0
                         CARRY4 (Prop_carry4_CI_CO[3])
                                                      0.100    93.937 r  u_mimo_detector_top/u_gram_matrix_compute/x_im_reg[3][21]_i_1101/CO[3]
                         net (fo=1, unplaced)         0.000    93.937    u_mimo_detector_top/u_gram_matrix_compute/x_im_reg[3][21]_i_1101_n_0
                         CARRY4 (Prop_carry4_CI_CO[3])
                                                      0.100    94.037 r  u_mimo_detector_top/u_gram_matrix_compute/x_im_reg[3][21]_i_829/CO[3]
                         net (fo=1, unplaced)         0.000    94.037    u_mimo_detector_top/u_gram_matrix_compute/x_im_reg[3][21]_i_829_n_0
                         CARRY4 (Prop_carry4_CI_CO[3])
                                                      0.100    94.137 r  u_mimo_detector_top/u_gram_matrix_compute/x_im_reg[3][21]_i_582/CO[3]
                         net (fo=1, unplaced)         0.000    94.137    u_mimo_detector_top/u_gram_matrix_compute/x_im_reg[3][21]_i_582_n_0
                         CARRY4 (Prop_carry4_CI_CO[3])
                                                      0.100    94.237 r  u_mimo_detector_top/u_gram_matrix_compute/x_im_reg[3][21]_i_577/CO[3]
                         net (fo=1, unplaced)         0.000    94.237    u_mimo_detector_top/u_gram_matrix_compute/x_im_reg[3][21]_i_577_n_0
                         CARRY4 (Prop_carry4_CI_CO[3])
                                                      0.100    94.337 r  u_mimo_detector_top/u_gram_matrix_compute/x_im_reg[3][21]_i_572/CO[3]
                         net (fo=1, unplaced)         0.000    94.337    u_mimo_detector_top/u_gram_matrix_compute/x_im_reg[3][21]_i_572_n_0
                         CARRY4 (Prop_carry4_CI_CO[3])
                                                      0.100    94.437 r  u_mimo_detector_top/u_gram_matrix_compute/x_im_reg[3][21]_i_567/CO[3]
                         net (fo=1, unplaced)         0.000    94.437    u_mimo_detector_top/u_gram_matrix_compute/x_im_reg[3][21]_i_567_n_0
                         CARRY4 (Prop_carry4_CI_CO[3])
                                                      0.100    94.537 r  u_mimo_detector_top/u_gram_matrix_compute/x_im_reg[3][21]_i_564/CO[3]
                         net (fo=1, unplaced)         0.000    94.537    u_mimo_detector_top/u_gram_matrix_compute/x_im_reg[3][21]_i_564_n_0
                         CARRY4 (Prop_carry4_CI_CO[1])
                                                      0.150    94.687 r  u_mimo_detector_top/u_gram_matrix_compute/x_im_reg[3][21]_i_563/CO[1]
                         net (fo=59, unplaced)        0.488    95.175    u_mimo_detector_top/u_gram_matrix_compute/x_im[3][21]_i_837_0[0]
                         CARRY4 (Prop_carry4_CYINIT_CO[3])
                                                      0.666    95.841 r  u_mimo_detector_top/u_gram_matrix_compute/x_im_reg[3][21]_i_3165/CO[3]
                         net (fo=1, unplaced)         0.008    95.849    u_mimo_detector_top/u_gram_matrix_compute/x_im_reg[3][21]_i_3165_n_0
                         CARRY4 (Prop_carry4_CI_CO[3])
                                                      0.100    95.949 r  u_mimo_detector_top/u_gram_matrix_compute/x_im_reg[3][21]_i_2911/CO[3]
                         net (fo=1, unplaced)         0.000    95.949    u_mimo_detector_top/u_gram_matrix_compute/x_im_reg[3][21]_i_2911_n_0
                         CARRY4 (Prop_carry4_CI_CO[3])
                                                      0.100    96.049 r  u_mimo_detector_top/u_gram_matrix_compute/x_im_reg[3][21]_i_2660/CO[3]
                         net (fo=1, unplaced)         0.000    96.049    u_mimo_detector_top/u_gram_matrix_compute/x_im_reg[3][21]_i_2660_n_0
                         CARRY4 (Prop_carry4_CI_CO[3])
                                                      0.100    96.149 r  u_mimo_detector_top/u_gram_matrix_compute/x_im_reg[3][21]_i_2414/CO[3]
                         net (fo=1, unplaced)         0.000    96.149    u_mimo_detector_top/u_gram_matrix_compute/x_im_reg[3][21]_i_2414_n_0
                         CARRY4 (Prop_carry4_CI_CO[3])
                                                      0.100    96.249 r  u_mimo_detector_top/u_gram_matrix_compute/x_im_reg[3][21]_i_2124/CO[3]
                         net (fo=1, unplaced)         0.000    96.249    u_mimo_detector_top/u_gram_matrix_compute/x_im_reg[3][21]_i_2124_n_0
                         CARRY4 (Prop_carry4_CI_CO[3])
                                                      0.100    96.349 r  u_mimo_detector_top/u_gram_matrix_compute/x_im_reg[3][21]_i_1798/CO[3]
                         net (fo=1, unplaced)         0.000    96.349    u_mimo_detector_top/u_gram_matrix_compute/x_im_reg[3][21]_i_1798_n_0
                         CARRY4 (Prop_carry4_CI_CO[3])
                                                      0.100    96.449 r  u_mimo_detector_top/u_gram_matrix_compute/x_im_reg[3][21]_i_1459/CO[3]
                         net (fo=1, unplaced)         0.000    96.449    u_mimo_detector_top/u_gram_matrix_compute/x_im_reg[3][21]_i_1459_n_0
                         CARRY4 (Prop_carry4_CI_CO[3])
                                                      0.100    96.549 r  u_mimo_detector_top/u_gram_matrix_compute/x_im_reg[3][21]_i_1096/CO[3]
                         net (fo=1, unplaced)         0.000    96.549    u_mimo_detector_top/u_gram_matrix_compute/x_im_reg[3][21]_i_1096_n_0
                         CARRY4 (Prop_carry4_CI_CO[3])
                                                      0.100    96.649 r  u_mimo_detector_top/u_gram_matrix_compute/x_im_reg[3][21]_i_824/CO[3]
                         net (fo=1, unplaced)         0.000    96.649    u_mimo_detector_top/u_gram_matrix_compute/x_im_reg[3][21]_i_824_n_0
                         CARRY4 (Prop_carry4_CI_CO[3])
                                                      0.100    96.749 r  u_mimo_detector_top/u_gram_matrix_compute/x_im_reg[3][21]_i_558/CO[3]
                         net (fo=1, unplaced)         0.000    96.749    u_mimo_detector_top/u_gram_matrix_compute/x_im_reg[3][21]_i_558_n_0
                         CARRY4 (Prop_carry4_CI_CO[3])
                                                      0.100    96.849 r  u_mimo_detector_top/u_gram_matrix_compute/x_im_reg[3][21]_i_390/CO[3]
                         net (fo=1, unplaced)         0.000    96.849    u_mimo_detector_top/u_gram_matrix_compute/x_im_reg[3][21]_i_390_n_0
                         CARRY4 (Prop_carry4_CI_CO[3])
                                                      0.100    96.949 r  u_mimo_detector_top/u_gram_matrix_compute/x_im_reg[3][21]_i_385/CO[3]
                         net (fo=1, unplaced)         0.000    96.949    u_mimo_detector_top/u_gram_matrix_compute/x_im_reg[3][21]_i_385_n_0
                         CARRY4 (Prop_carry4_CI_CO[3])
                                                      0.100    97.049 r  u_mimo_detector_top/u_gram_matrix_compute/x_im_reg[3][21]_i_380/CO[3]
                         net (fo=1, unplaced)         0.000    97.049    u_mimo_detector_top/u_gram_matrix_compute/x_im_reg[3][21]_i_380_n_0
                         CARRY4 (Prop_carry4_CI_CO[3])
                                                      0.100    97.149 r  u_mimo_detector_top/u_gram_matrix_compute/x_im_reg[3][21]_i_377/CO[3]
                         net (fo=1, unplaced)         0.000    97.149    u_mimo_detector_top/u_gram_matrix_compute/x_im_reg[3][21]_i_377_n_0
                         CARRY4 (Prop_carry4_CI_CO[1])
                                                      0.150    97.299 r  u_mimo_detector_top/u_gram_matrix_compute/x_im_reg[3][21]_i_376/CO[1]
                         net (fo=59, unplaced)        0.488    97.787    u_mimo_detector_top/u_gram_matrix_compute/x_im[3][21]_i_566_0[0]
                         CARRY4 (Prop_carry4_CYINIT_CO[3])
                                                      0.666    98.453 r  u_mimo_detector_top/u_gram_matrix_compute/x_im_reg[3][21]_i_3160/CO[3]
                         net (fo=1, unplaced)         0.008    98.461    u_mimo_detector_top/u_gram_matrix_compute/x_im_reg[3][21]_i_3160_n_0
                         CARRY4 (Prop_carry4_CI_CO[3])
                                                      0.100    98.561 r  u_mimo_detector_top/u_gram_matrix_compute/x_im_reg[3][21]_i_2906/CO[3]
                         net (fo=1, unplaced)         0.000    98.561    u_mimo_detector_top/u_gram_matrix_compute/x_im_reg[3][21]_i_2906_n_0
                         CARRY4 (Prop_carry4_CI_CO[3])
                                                      0.100    98.661 r  u_mimo_detector_top/u_gram_matrix_compute/x_im_reg[3][21]_i_2655/CO[3]
                         net (fo=1, unplaced)         0.000    98.661    u_mimo_detector_top/u_gram_matrix_compute/x_im_reg[3][21]_i_2655_n_0
                         CARRY4 (Prop_carry4_CI_CO[3])
                                                      0.100    98.761 r  u_mimo_detector_top/u_gram_matrix_compute/x_im_reg[3][21]_i_2409/CO[3]
                         net (fo=1, unplaced)         0.000    98.761    u_mimo_detector_top/u_gram_matrix_compute/x_im_reg[3][21]_i_2409_n_0
                         CARRY4 (Prop_carry4_CI_CO[3])
                                                      0.100    98.861 r  u_mimo_detector_top/u_gram_matrix_compute/x_im_reg[3][21]_i_2119/CO[3]
                         net (fo=1, unplaced)         0.000    98.861    u_mimo_detector_top/u_gram_matrix_compute/x_im_reg[3][21]_i_2119_n_0
                         CARRY4 (Prop_carry4_CI_CO[3])
                                                      0.100    98.961 r  u_mimo_detector_top/u_gram_matrix_compute/x_im_reg[3][21]_i_1793/CO[3]
                         net (fo=1, unplaced)         0.000    98.961    u_mimo_detector_top/u_gram_matrix_compute/x_im_reg[3][21]_i_1793_n_0
                         CARRY4 (Prop_carry4_CI_CO[3])
                                                      0.100    99.061 r  u_mimo_detector_top/u_gram_matrix_compute/x_im_reg[3][21]_i_1454/CO[3]
                         net (fo=1, unplaced)         0.000    99.061    u_mimo_detector_top/u_gram_matrix_compute/x_im_reg[3][21]_i_1454_n_0
                         CARRY4 (Prop_carry4_CI_CO[3])
                                                      0.100    99.161 r  u_mimo_detector_top/u_gram_matrix_compute/x_im_reg[3][21]_i_1091/CO[3]
                         net (fo=1, unplaced)         0.000    99.161    u_mimo_detector_top/u_gram_matrix_compute/x_im_reg[3][21]_i_1091_n_0
                         CARRY4 (Prop_carry4_CI_CO[3])
                                                      0.100    99.261 r  u_mimo_detector_top/u_gram_matrix_compute/x_im_reg[3][21]_i_819/CO[3]
                         net (fo=1, unplaced)         0.000    99.261    u_mimo_detector_top/u_gram_matrix_compute/x_im_reg[3][21]_i_819_n_0
                         CARRY4 (Prop_carry4_CI_CO[3])
                                                      0.100    99.361 r  u_mimo_detector_top/u_gram_matrix_compute/x_im_reg[3][21]_i_553/CO[3]
                         net (fo=1, unplaced)         0.000    99.361    u_mimo_detector_top/u_gram_matrix_compute/x_im_reg[3][21]_i_553_n_0
                         CARRY4 (Prop_carry4_CI_CO[3])
                                                      0.100    99.461 r  u_mimo_detector_top/u_gram_matrix_compute/x_im_reg[3][21]_i_371/CO[3]
                         net (fo=1, unplaced)         0.000    99.461    u_mimo_detector_top/u_gram_matrix_compute/x_im_reg[3][21]_i_371_n_0
                         CARRY4 (Prop_carry4_CI_CO[3])
                                                      0.100    99.561 r  u_mimo_detector_top/u_gram_matrix_compute/x_im_reg[3][21]_i_230/CO[3]
                         net (fo=1, unplaced)         0.000    99.561    u_mimo_detector_top/u_gram_matrix_compute/x_im_reg[3][21]_i_230_n_0
                         CARRY4 (Prop_carry4_CI_CO[3])
                                                      0.100    99.661 r  u_mimo_detector_top/u_gram_matrix_compute/x_im_reg[3][21]_i_225/CO[3]
                         net (fo=1, unplaced)         0.000    99.661    u_mimo_detector_top/u_gram_matrix_compute/x_im_reg[3][21]_i_225_n_0
                         CARRY4 (Prop_carry4_CI_CO[3])
                                                      0.100    99.761 r  u_mimo_detector_top/u_gram_matrix_compute/x_im_reg[3][21]_i_222/CO[3]
                         net (fo=1, unplaced)         0.000    99.761    u_mimo_detector_top/u_gram_matrix_compute/x_im_reg[3][21]_i_222_n_0
                         CARRY4 (Prop_carry4_CI_CO[1])
                                                      0.150    99.911 r  u_mimo_detector_top/u_gram_matrix_compute/x_im_reg[3][21]_i_221/CO[1]
                         net (fo=59, unplaced)        0.488   100.399    u_mimo_detector_top/u_gram_matrix_compute/x_im[3][21]_i_379_0[0]
                         CARRY4 (Prop_carry4_CYINIT_CO[3])
                                                      0.666   101.065 r  u_mimo_detector_top/u_gram_matrix_compute/x_im_reg[3][21]_i_3155/CO[3]
                         net (fo=1, unplaced)         0.008   101.073    u_mimo_detector_top/u_gram_matrix_compute/x_im_reg[3][21]_i_3155_n_0
                         CARRY4 (Prop_carry4_CI_CO[3])
                                                      0.100   101.173 r  u_mimo_detector_top/u_gram_matrix_compute/x_im_reg[3][21]_i_2901/CO[3]
                         net (fo=1, unplaced)         0.000   101.173    u_mimo_detector_top/u_gram_matrix_compute/x_im_reg[3][21]_i_2901_n_0
                         CARRY4 (Prop_carry4_CI_CO[3])
                                                      0.100   101.273 r  u_mimo_detector_top/u_gram_matrix_compute/x_im_reg[3][21]_i_2650/CO[3]
                         net (fo=1, unplaced)         0.000   101.273    u_mimo_detector_top/u_gram_matrix_compute/x_im_reg[3][21]_i_2650_n_0
                         CARRY4 (Prop_carry4_CI_CO[3])
                                                      0.100   101.373 r  u_mimo_detector_top/u_gram_matrix_compute/x_im_reg[3][21]_i_2404/CO[3]
                         net (fo=1, unplaced)         0.000   101.373    u_mimo_detector_top/u_gram_matrix_compute/x_im_reg[3][21]_i_2404_n_0
                         CARRY4 (Prop_carry4_CI_CO[3])
                                                      0.100   101.473 r  u_mimo_detector_top/u_gram_matrix_compute/x_im_reg[3][21]_i_2114/CO[3]
                         net (fo=1, unplaced)         0.000   101.473    u_mimo_detector_top/u_gram_matrix_compute/x_im_reg[3][21]_i_2114_n_0
                         CARRY4 (Prop_carry4_CI_CO[3])
                                                      0.100   101.573 r  u_mimo_detector_top/u_gram_matrix_compute/x_im_reg[3][21]_i_1788/CO[3]
                         net (fo=1, unplaced)         0.000   101.573    u_mimo_detector_top/u_gram_matrix_compute/x_im_reg[3][21]_i_1788_n_0
                         CARRY4 (Prop_carry4_CI_CO[3])
                                                      0.100   101.673 r  u_mimo_detector_top/u_gram_matrix_compute/x_im_reg[3][21]_i_1449/CO[3]
                         net (fo=1, unplaced)         0.000   101.673    u_mimo_detector_top/u_gram_matrix_compute/x_im_reg[3][21]_i_1449_n_0
                         CARRY4 (Prop_carry4_CI_CO[3])
                                                      0.100   101.773 r  u_mimo_detector_top/u_gram_matrix_compute/x_im_reg[3][21]_i_1086/CO[3]
                         net (fo=1, unplaced)         0.000   101.773    u_mimo_detector_top/u_gram_matrix_compute/x_im_reg[3][21]_i_1086_n_0
                         CARRY4 (Prop_carry4_CI_CO[3])
                                                      0.100   101.873 r  u_mimo_detector_top/u_gram_matrix_compute/x_im_reg[3][21]_i_814/CO[3]
                         net (fo=1, unplaced)         0.000   101.873    u_mimo_detector_top/u_gram_matrix_compute/x_im_reg[3][21]_i_814_n_0
                         CARRY4 (Prop_carry4_CI_CO[3])
                                                      0.100   101.973 r  u_mimo_detector_top/u_gram_matrix_compute/x_im_reg[3][21]_i_548/CO[3]
                         net (fo=1, unplaced)         0.000   101.973    u_mimo_detector_top/u_gram_matrix_compute/x_im_reg[3][21]_i_548_n_0
                         CARRY4 (Prop_carry4_CI_CO[3])
                                                      0.100   102.073 r  u_mimo_detector_top/u_gram_matrix_compute/x_im_reg[3][21]_i_366/CO[3]
                         net (fo=1, unplaced)         0.000   102.073    u_mimo_detector_top/u_gram_matrix_compute/x_im_reg[3][21]_i_366_n_0
                         CARRY4 (Prop_carry4_CI_CO[3])
                                                      0.100   102.173 r  u_mimo_detector_top/u_gram_matrix_compute/x_im_reg[3][21]_i_216/CO[3]
                         net (fo=1, unplaced)         0.000   102.173    u_mimo_detector_top/u_gram_matrix_compute/x_im_reg[3][21]_i_216_n_0
                         CARRY4 (Prop_carry4_CI_CO[3])
                                                      0.100   102.273 r  u_mimo_detector_top/u_gram_matrix_compute/x_im_reg[3][21]_i_125/CO[3]
                         net (fo=1, unplaced)         0.000   102.273    u_mimo_detector_top/u_gram_matrix_compute/x_im_reg[3][21]_i_125_n_0
                         CARRY4 (Prop_carry4_CI_CO[3])
                                                      0.100   102.373 r  u_mimo_detector_top/u_gram_matrix_compute/x_im_reg[3][21]_i_122/CO[3]
                         net (fo=1, unplaced)         0.000   102.373    u_mimo_detector_top/u_gram_matrix_compute/x_im_reg[3][21]_i_122_n_0
                         CARRY4 (Prop_carry4_CI_CO[1])
                                                      0.150   102.523 r  u_mimo_detector_top/u_gram_matrix_compute/x_im_reg[3][21]_i_121/CO[1]
                         net (fo=59, unplaced)        0.488   103.011    u_mimo_detector_top/u_gram_matrix_compute/x_im[3][21]_i_224_0[0]
                         CARRY4 (Prop_carry4_CYINIT_CO[3])
                                                      0.666   103.677 r  u_mimo_detector_top/u_gram_matrix_compute/x_im_reg[3][21]_i_3150/CO[3]
                         net (fo=1, unplaced)         0.008   103.685    u_mimo_detector_top/u_gram_matrix_compute/x_im_reg[3][21]_i_3150_n_0
                         CARRY4 (Prop_carry4_CI_CO[3])
                                                      0.100   103.785 r  u_mimo_detector_top/u_gram_matrix_compute/x_im_reg[3][21]_i_2896/CO[3]
                         net (fo=1, unplaced)         0.000   103.785    u_mimo_detector_top/u_gram_matrix_compute/x_im_reg[3][21]_i_2896_n_0
                         CARRY4 (Prop_carry4_CI_CO[3])
                                                      0.100   103.885 r  u_mimo_detector_top/u_gram_matrix_compute/x_im_reg[3][21]_i_2645/CO[3]
                         net (fo=1, unplaced)         0.000   103.885    u_mimo_detector_top/u_gram_matrix_compute/x_im_reg[3][21]_i_2645_n_0
                         CARRY4 (Prop_carry4_CI_CO[3])
                                                      0.100   103.985 r  u_mimo_detector_top/u_gram_matrix_compute/x_im_reg[3][21]_i_2399/CO[3]
                         net (fo=1, unplaced)         0.000   103.985    u_mimo_detector_top/u_gram_matrix_compute/x_im_reg[3][21]_i_2399_n_0
                         CARRY4 (Prop_carry4_CI_CO[3])
                                                      0.100   104.085 r  u_mimo_detector_top/u_gram_matrix_compute/x_im_reg[3][21]_i_2109/CO[3]
                         net (fo=1, unplaced)         0.000   104.085    u_mimo_detector_top/u_gram_matrix_compute/x_im_reg[3][21]_i_2109_n_0
                         CARRY4 (Prop_carry4_CI_CO[3])
                                                      0.100   104.185 r  u_mimo_detector_top/u_gram_matrix_compute/x_im_reg[3][21]_i_1783/CO[3]
                         net (fo=1, unplaced)         0.000   104.185    u_mimo_detector_top/u_gram_matrix_compute/x_im_reg[3][21]_i_1783_n_0
                         CARRY4 (Prop_carry4_CI_CO[3])
                                                      0.100   104.285 r  u_mimo_detector_top/u_gram_matrix_compute/x_im_reg[3][21]_i_1444/CO[3]
                         net (fo=1, unplaced)         0.000   104.285    u_mimo_detector_top/u_gram_matrix_compute/x_im_reg[3][21]_i_1444_n_0
                         CARRY4 (Prop_carry4_CI_CO[3])
                                                      0.100   104.385 r  u_mimo_detector_top/u_gram_matrix_compute/x_im_reg[3][21]_i_1081/CO[3]
                         net (fo=1, unplaced)         0.000   104.385    u_mimo_detector_top/u_gram_matrix_compute/x_im_reg[3][21]_i_1081_n_0
                         CARRY4 (Prop_carry4_CI_CO[3])
                                                      0.100   104.485 r  u_mimo_detector_top/u_gram_matrix_compute/x_im_reg[3][21]_i_809/CO[3]
                         net (fo=1, unplaced)         0.000   104.485    u_mimo_detector_top/u_gram_matrix_compute/x_im_reg[3][21]_i_809_n_0
                         CARRY4 (Prop_carry4_CI_CO[3])
                                                      0.100   104.585 r  u_mimo_detector_top/u_gram_matrix_compute/x_im_reg[3][21]_i_543/CO[3]
                         net (fo=1, unplaced)         0.000   104.585    u_mimo_detector_top/u_gram_matrix_compute/x_im_reg[3][21]_i_543_n_0
                         CARRY4 (Prop_carry4_CI_CO[3])
                                                      0.100   104.685 r  u_mimo_detector_top/u_gram_matrix_compute/x_im_reg[3][21]_i_361/CO[3]
                         net (fo=1, unplaced)         0.000   104.685    u_mimo_detector_top/u_gram_matrix_compute/x_im_reg[3][21]_i_361_n_0
                         CARRY4 (Prop_carry4_CI_CO[3])
                                                      0.100   104.785 r  u_mimo_detector_top/u_gram_matrix_compute/x_im_reg[3][21]_i_211/CO[3]
                         net (fo=1, unplaced)         0.000   104.785    u_mimo_detector_top/u_gram_matrix_compute/x_im_reg[3][21]_i_211_n_0
                         CARRY4 (Prop_carry4_CI_CO[3])
                                                      0.100   104.885 r  u_mimo_detector_top/u_gram_matrix_compute/x_im_reg[3][21]_i_116/CO[3]
                         net (fo=1, unplaced)         0.000   104.885    u_mimo_detector_top/u_gram_matrix_compute/x_im_reg[3][21]_i_116_n_0
                         CARRY4 (Prop_carry4_CI_CO[3])
                                                      0.100   104.985 r  u_mimo_detector_top/u_gram_matrix_compute/x_im_reg[3][21]_i_49/CO[3]
                         net (fo=1, unplaced)         0.000   104.985    u_mimo_detector_top/u_gram_matrix_compute/x_im_reg[3][21]_i_49_n_0
                         CARRY4 (Prop_carry4_CI_CO[1])
                                                      0.150   105.135 r  u_mimo_detector_top/u_gram_matrix_compute/x_im_reg[3][21]_i_48/CO[1]
                         net (fo=59, unplaced)        0.488   105.623    u_mimo_detector_top/u_gram_matrix_compute/x_im[3][21]_i_124_0[0]
                         CARRY4 (Prop_carry4_CYINIT_CO[3])
                                                      0.666   106.289 r  u_mimo_detector_top/u_gram_matrix_compute/x_im_reg[3][21]_i_3149/CO[3]
                         net (fo=1, unplaced)         0.008   106.297    u_mimo_detector_top/u_gram_matrix_compute/x_im_reg[3][21]_i_3149_n_0
                         CARRY4 (Prop_carry4_CI_CO[3])
                                                      0.100   106.397 r  u_mimo_detector_top/u_gram_matrix_compute/x_im_reg[3][21]_i_2895/CO[3]
                         net (fo=1, unplaced)         0.000   106.397    u_mimo_detector_top/u_gram_matrix_compute/x_im_reg[3][21]_i_2895_n_0
                         CARRY4 (Prop_carry4_CI_CO[3])
                                                      0.100   106.497 r  u_mimo_detector_top/u_gram_matrix_compute/x_im_reg[3][21]_i_2644/CO[3]
                         net (fo=1, unplaced)         0.000   106.497    u_mimo_detector_top/u_gram_matrix_compute/x_im_reg[3][21]_i_2644_n_0
                         CARRY4 (Prop_carry4_CI_CO[3])
                                                      0.100   106.597 r  u_mimo_detector_top/u_gram_matrix_compute/x_im_reg[3][21]_i_2398/CO[3]
                         net (fo=1, unplaced)         0.000   106.597    u_mimo_detector_top/u_gram_matrix_compute/x_im_reg[3][21]_i_2398_n_0
                         CARRY4 (Prop_carry4_CI_CO[3])
                                                      0.100   106.697 r  u_mimo_detector_top/u_gram_matrix_compute/x_im_reg[3][21]_i_2108/CO[3]
                         net (fo=1, unplaced)         0.000   106.697    u_mimo_detector_top/u_gram_matrix_compute/x_im_reg[3][21]_i_2108_n_0
                         CARRY4 (Prop_carry4_CI_CO[3])
                                                      0.100   106.797 r  u_mimo_detector_top/u_gram_matrix_compute/x_im_reg[3][21]_i_1782/CO[3]
                         net (fo=1, unplaced)         0.000   106.797    u_mimo_detector_top/u_gram_matrix_compute/x_im_reg[3][21]_i_1782_n_0
                         CARRY4 (Prop_carry4_CI_CO[3])
                                                      0.100   106.897 r  u_mimo_detector_top/u_gram_matrix_compute/x_im_reg[3][21]_i_1443/CO[3]
                         net (fo=1, unplaced)         0.000   106.897    u_mimo_detector_top/u_gram_matrix_compute/x_im_reg[3][21]_i_1443_n_0
                         CARRY4 (Prop_carry4_CI_CO[3])
                                                      0.100   106.997 r  u_mimo_detector_top/u_gram_matrix_compute/x_im_reg[3][21]_i_1080/CO[3]
                         net (fo=1, unplaced)         0.000   106.997    u_mimo_detector_top/u_gram_matrix_compute/x_im_reg[3][21]_i_1080_n_0
                         CARRY4 (Prop_carry4_CI_CO[3])
                                                      0.100   107.097 r  u_mimo_detector_top/u_gram_matrix_compute/x_im_reg[3][21]_i_808/CO[3]
                         net (fo=1, unplaced)         0.000   107.097    u_mimo_detector_top/u_gram_matrix_compute/x_im_reg[3][21]_i_808_n_0
                         CARRY4 (Prop_carry4_CI_CO[3])
                                                      0.100   107.197 r  u_mimo_detector_top/u_gram_matrix_compute/x_im_reg[3][21]_i_542/CO[3]
                         net (fo=1, unplaced)         0.000   107.197    u_mimo_detector_top/u_gram_matrix_compute/x_im_reg[3][21]_i_542_n_0
                         CARRY4 (Prop_carry4_CI_CO[3])
                                                      0.100   107.297 r  u_mimo_detector_top/u_gram_matrix_compute/x_im_reg[3][21]_i_360/CO[3]
                         net (fo=1, unplaced)         0.000   107.297    u_mimo_detector_top/u_gram_matrix_compute/x_im_reg[3][21]_i_360_n_0
                         CARRY4 (Prop_carry4_CI_CO[3])
                                                      0.100   107.397 r  u_mimo_detector_top/u_gram_matrix_compute/x_im_reg[3][21]_i_210/CO[3]
                         net (fo=1, unplaced)         0.000   107.397    u_mimo_detector_top/u_gram_matrix_compute/x_im_reg[3][21]_i_210_n_0
                         CARRY4 (Prop_carry4_CI_CO[3])
                                                      0.100   107.497 r  u_mimo_detector_top/u_gram_matrix_compute/x_im_reg[3][21]_i_115/CO[3]
                         net (fo=1, unplaced)         0.000   107.497    u_mimo_detector_top/u_gram_matrix_compute/x_im_reg[3][21]_i_115_n_0
                         CARRY4 (Prop_carry4_CI_CO[3])
                                                      0.100   107.597 r  u_mimo_detector_top/u_gram_matrix_compute/x_im_reg[3][21]_i_47/CO[3]
                         net (fo=1, unplaced)         0.000   107.597    u_mimo_detector_top/u_gram_matrix_compute/x_im_reg[3][21]_i_47_n_0
                         CARRY4 (Prop_carry4_CI_CO[1])
                                                      0.150   107.747 r  u_mimo_detector_top/u_gram_matrix_compute/x_im_reg[3][21]_i_14/CO[1]
                         net (fo=61, unplaced)        0.489   108.236    u_mimo_detector_top/u_gram_matrix_compute/x_im[3][21]_i_51_0[0]
                         CARRY4 (Prop_carry4_CYINIT_CO[3])
                                                      0.666   108.902 r  u_mimo_detector_top/u_gram_matrix_compute/x_im_reg[3][20]_i_150/CO[3]
                         net (fo=1, unplaced)         0.008   108.910    u_mimo_detector_top/u_gram_matrix_compute/x_im_reg[3][20]_i_150_n_0
                         CARRY4 (Prop_carry4_CI_CO[3])
                                                      0.100   109.010 r  u_mimo_detector_top/u_gram_matrix_compute/x_im_reg[3][20]_i_141/CO[3]
                         net (fo=1, unplaced)         0.000   109.010    u_mimo_detector_top/u_gram_matrix_compute/x_im_reg[3][20]_i_141_n_0
                         CARRY4 (Prop_carry4_CI_CO[3])
                                                      0.100   109.110 r  u_mimo_detector_top/u_gram_matrix_compute/x_im_reg[3][20]_i_131/CO[3]
                         net (fo=1, unplaced)         0.000   109.110    u_mimo_detector_top/u_gram_matrix_compute/x_im_reg[3][20]_i_131_n_0
                         CARRY4 (Prop_carry4_CI_CO[3])
                                                      0.100   109.210 r  u_mimo_detector_top/u_gram_matrix_compute/x_im_reg[3][20]_i_121/CO[3]
                         net (fo=1, unplaced)         0.000   109.210    u_mimo_detector_top/u_gram_matrix_compute/x_im_reg[3][20]_i_121_n_0
                         CARRY4 (Prop_carry4_CI_CO[3])
                                                      0.100   109.310 r  u_mimo_detector_top/u_gram_matrix_compute/x_im_reg[3][20]_i_111/CO[3]
                         net (fo=1, unplaced)         0.000   109.310    u_mimo_detector_top/u_gram_matrix_compute/x_im_reg[3][20]_i_111_n_0
                         CARRY4 (Prop_carry4_CI_CO[3])
                                                      0.100   109.410 r  u_mimo_detector_top/u_gram_matrix_compute/x_im_reg[3][20]_i_101/CO[3]
                         net (fo=1, unplaced)         0.000   109.410    u_mimo_detector_top/u_gram_matrix_compute/x_im_reg[3][20]_i_101_n_0
                         CARRY4 (Prop_carry4_CI_CO[3])
                                                      0.100   109.510 r  u_mimo_detector_top/u_gram_matrix_compute/x_im_reg[3][20]_i_91/CO[3]
                         net (fo=1, unplaced)         0.000   109.510    u_mimo_detector_top/u_gram_matrix_compute/x_im_reg[3][20]_i_91_n_0
                         CARRY4 (Prop_carry4_CI_CO[3])
                                                      0.100   109.610 r  u_mimo_detector_top/u_gram_matrix_compute/x_im_reg[3][20]_i_81/CO[3]
                         net (fo=1, unplaced)         0.000   109.610    u_mimo_detector_top/u_gram_matrix_compute/x_im_reg[3][20]_i_81_n_0
                         CARRY4 (Prop_carry4_CI_CO[3])
                                                      0.100   109.710 r  u_mimo_detector_top/u_gram_matrix_compute/x_im_reg[3][20]_i_71/CO[3]
                         net (fo=1, unplaced)         0.000   109.710    u_mimo_detector_top/u_gram_matrix_compute/x_im_reg[3][20]_i_71_n_0
                         CARRY4 (Prop_carry4_CI_CO[3])
                                                      0.100   109.810 r  u_mimo_detector_top/u_gram_matrix_compute/x_im_reg[3][20]_i_61/CO[3]
                         net (fo=1, unplaced)         0.000   109.810    u_mimo_detector_top/u_gram_matrix_compute/x_im_reg[3][20]_i_61_n_0
                         CARRY4 (Prop_carry4_CI_CO[3])
                                                      0.100   109.910 r  u_mimo_detector_top/u_gram_matrix_compute/x_im_reg[3][20]_i_51/CO[3]
                         net (fo=1, unplaced)         0.000   109.910    u_mimo_detector_top/u_gram_matrix_compute/x_im_reg[3][20]_i_51_n_0
                         CARRY4 (Prop_carry4_CI_CO[3])
                                                      0.100   110.010 r  u_mimo_detector_top/u_gram_matrix_compute/x_im_reg[3][20]_i_41/CO[3]
                         net (fo=1, unplaced)         0.000   110.010    u_mimo_detector_top/u_gram_matrix_compute/x_im_reg[3][20]_i_41_n_0
                         CARRY4 (Prop_carry4_CI_CO[3])
                                                      0.100   110.110 r  u_mimo_detector_top/u_gram_matrix_compute/x_im_reg[3][20]_i_31/CO[3]
                         net (fo=1, unplaced)         0.000   110.110    u_mimo_detector_top/u_gram_matrix_compute/x_im_reg[3][20]_i_31_n_0
                         CARRY4 (Prop_carry4_CI_CO[3])
                                                      0.100   110.210 r  u_mimo_detector_top/u_gram_matrix_compute/x_im_reg[3][20]_i_19/CO[3]
                         net (fo=1, unplaced)         0.000   110.210    u_mimo_detector_top/u_gram_matrix_compute/x_im_reg[3][20]_i_19_n_0
                         CARRY4 (Prop_carry4_CI_CO[1])
                                                      0.150   110.360 r  u_mimo_detector_top/u_gram_matrix_compute/x_im_reg[3][20]_i_12/CO[1]
                         net (fo=61, unplaced)        0.489   110.849    u_mimo_detector_top/u_gram_matrix_compute/x_im[3][20]_i_21_0[0]
                         CARRY4 (Prop_carry4_CYINIT_CO[3])
                                                      0.666   111.515 r  u_mimo_detector_top/u_gram_matrix_compute/x_im_reg[3][19]_i_140/CO[3]
                         net (fo=1, unplaced)         0.008   111.523    u_mimo_detector_top/u_gram_matrix_compute/x_im_reg[3][19]_i_140_n_0
                         CARRY4 (Prop_carry4_CI_CO[3])
                                                      0.100   111.623 r  u_mimo_detector_top/u_gram_matrix_compute/x_im_reg[3][19]_i_131/CO[3]
                         net (fo=1, unplaced)         0.000   111.623    u_mimo_detector_top/u_gram_matrix_compute/x_im_reg[3][19]_i_131_n_0
                         CARRY4 (Prop_carry4_CI_CO[3])
                                                      0.100   111.723 r  u_mimo_detector_top/u_gram_matrix_compute/x_im_reg[3][19]_i_121/CO[3]
                         net (fo=1, unplaced)         0.000   111.723    u_mimo_detector_top/u_gram_matrix_compute/x_im_reg[3][19]_i_121_n_0
                         CARRY4 (Prop_carry4_CI_CO[3])
                                                      0.100   111.823 r  u_mimo_detector_top/u_gram_matrix_compute/x_im_reg[3][19]_i_111/CO[3]
                         net (fo=1, unplaced)         0.000   111.823    u_mimo_detector_top/u_gram_matrix_compute/x_im_reg[3][19]_i_111_n_0
                         CARRY4 (Prop_carry4_CI_CO[3])
                                                      0.100   111.923 r  u_mimo_detector_top/u_gram_matrix_compute/x_im_reg[3][19]_i_101/CO[3]
                         net (fo=1, unplaced)         0.000   111.923    u_mimo_detector_top/u_gram_matrix_compute/x_im_reg[3][19]_i_101_n_0
                         CARRY4 (Prop_carry4_CI_CO[3])
                                                      0.100   112.023 r  u_mimo_detector_top/u_gram_matrix_compute/x_im_reg[3][19]_i_91/CO[3]
                         net (fo=1, unplaced)         0.000   112.023    u_mimo_detector_top/u_gram_matrix_compute/x_im_reg[3][19]_i_91_n_0
                         CARRY4 (Prop_carry4_CI_CO[3])
                                                      0.100   112.123 r  u_mimo_detector_top/u_gram_matrix_compute/x_im_reg[3][19]_i_81/CO[3]
                         net (fo=1, unplaced)         0.000   112.123    u_mimo_detector_top/u_gram_matrix_compute/x_im_reg[3][19]_i_81_n_0
                         CARRY4 (Prop_carry4_CI_CO[3])
                                                      0.100   112.223 r  u_mimo_detector_top/u_gram_matrix_compute/x_im_reg[3][19]_i_71/CO[3]
                         net (fo=1, unplaced)         0.000   112.223    u_mimo_detector_top/u_gram_matrix_compute/x_im_reg[3][19]_i_71_n_0
                         CARRY4 (Prop_carry4_CI_CO[3])
                                                      0.100   112.323 r  u_mimo_detector_top/u_gram_matrix_compute/x_im_reg[3][19]_i_61/CO[3]
                         net (fo=1, unplaced)         0.000   112.323    u_mimo_detector_top/u_gram_matrix_compute/x_im_reg[3][19]_i_61_n_0
                         CARRY4 (Prop_carry4_CI_CO[3])
                                                      0.100   112.423 r  u_mimo_detector_top/u_gram_matrix_compute/x_im_reg[3][19]_i_51/CO[3]
                         net (fo=1, unplaced)         0.000   112.423    u_mimo_detector_top/u_gram_matrix_compute/x_im_reg[3][19]_i_51_n_0
                         CARRY4 (Prop_carry4_CI_CO[3])
                                                      0.100   112.523 r  u_mimo_detector_top/u_gram_matrix_compute/x_im_reg[3][19]_i_41/CO[3]
                         net (fo=1, unplaced)         0.000   112.523    u_mimo_detector_top/u_gram_matrix_compute/x_im_reg[3][19]_i_41_n_0
                         CARRY4 (Prop_carry4_CI_CO[3])
                                                      0.100   112.623 r  u_mimo_detector_top/u_gram_matrix_compute/x_im_reg[3][19]_i_31/CO[3]
                         net (fo=1, unplaced)         0.000   112.623    u_mimo_detector_top/u_gram_matrix_compute/x_im_reg[3][19]_i_31_n_0
                         CARRY4 (Prop_carry4_CI_CO[3])
                                                      0.100   112.723 r  u_mimo_detector_top/u_gram_matrix_compute/x_im_reg[3][19]_i_21/CO[3]
                         net (fo=1, unplaced)         0.000   112.723    u_mimo_detector_top/u_gram_matrix_compute/x_im_reg[3][19]_i_21_n_0
                         CARRY4 (Prop_carry4_CI_CO[3])
                                                      0.100   112.823 r  u_mimo_detector_top/u_gram_matrix_compute/x_im_reg[3][19]_i_13/CO[3]
                         net (fo=1, unplaced)         0.000   112.823    u_mimo_detector_top/u_gram_matrix_compute/x_im_reg[3][19]_i_13_n_0
                         CARRY4 (Prop_carry4_CI_CO[1])
                                                      0.150   112.973 r  u_mimo_detector_top/u_gram_matrix_compute/x_im_reg[3][19]_i_7/CO[1]
                         net (fo=61, unplaced)        0.489   113.462    u_mimo_detector_top/u_gram_matrix_compute/x_im[3][19]_i_15_0[0]
                         CARRY4 (Prop_carry4_CYINIT_CO[3])
                                                      0.666   114.128 r  u_mimo_detector_top/u_gram_matrix_compute/x_im_reg[3][18]_i_140/CO[3]
                         net (fo=1, unplaced)         0.008   114.136    u_mimo_detector_top/u_gram_matrix_compute/x_im_reg[3][18]_i_140_n_0
                         CARRY4 (Prop_carry4_CI_CO[3])
                                                      0.100   114.236 r  u_mimo_detector_top/u_gram_matrix_compute/x_im_reg[3][18]_i_131/CO[3]
                         net (fo=1, unplaced)         0.000   114.236    u_mimo_detector_top/u_gram_matrix_compute/x_im_reg[3][18]_i_131_n_0
                         CARRY4 (Prop_carry4_CI_CO[3])
                                                      0.100   114.336 r  u_mimo_detector_top/u_gram_matrix_compute/x_im_reg[3][18]_i_121/CO[3]
                         net (fo=1, unplaced)         0.000   114.336    u_mimo_detector_top/u_gram_matrix_compute/x_im_reg[3][18]_i_121_n_0
                         CARRY4 (Prop_carry4_CI_CO[3])
                                                      0.100   114.436 r  u_mimo_detector_top/u_gram_matrix_compute/x_im_reg[3][18]_i_111/CO[3]
                         net (fo=1, unplaced)         0.000   114.436    u_mimo_detector_top/u_gram_matrix_compute/x_im_reg[3][18]_i_111_n_0
                         CARRY4 (Prop_carry4_CI_CO[3])
                                                      0.100   114.536 r  u_mimo_detector_top/u_gram_matrix_compute/x_im_reg[3][18]_i_101/CO[3]
                         net (fo=1, unplaced)         0.000   114.536    u_mimo_detector_top/u_gram_matrix_compute/x_im_reg[3][18]_i_101_n_0
                         CARRY4 (Prop_carry4_CI_CO[3])
                                                      0.100   114.636 r  u_mimo_detector_top/u_gram_matrix_compute/x_im_reg[3][18]_i_91/CO[3]
                         net (fo=1, unplaced)         0.000   114.636    u_mimo_detector_top/u_gram_matrix_compute/x_im_reg[3][18]_i_91_n_0
                         CARRY4 (Prop_carry4_CI_CO[3])
                                                      0.100   114.736 r  u_mimo_detector_top/u_gram_matrix_compute/x_im_reg[3][18]_i_81/CO[3]
                         net (fo=1, unplaced)         0.000   114.736    u_mimo_detector_top/u_gram_matrix_compute/x_im_reg[3][18]_i_81_n_0
                         CARRY4 (Prop_carry4_CI_CO[3])
                                                      0.100   114.836 r  u_mimo_detector_top/u_gram_matrix_compute/x_im_reg[3][18]_i_71/CO[3]
                         net (fo=1, unplaced)         0.000   114.836    u_mimo_detector_top/u_gram_matrix_compute/x_im_reg[3][18]_i_71_n_0
                         CARRY4 (Prop_carry4_CI_CO[3])
                                                      0.100   114.936 r  u_mimo_detector_top/u_gram_matrix_compute/x_im_reg[3][18]_i_61/CO[3]
                         net (fo=1, unplaced)         0.000   114.936    u_mimo_detector_top/u_gram_matrix_compute/x_im_reg[3][18]_i_61_n_0
                         CARRY4 (Prop_carry4_CI_CO[3])
                                                      0.100   115.036 r  u_mimo_detector_top/u_gram_matrix_compute/x_im_reg[3][18]_i_51/CO[3]
                         net (fo=1, unplaced)         0.000   115.036    u_mimo_detector_top/u_gram_matrix_compute/x_im_reg[3][18]_i_51_n_0
                         CARRY4 (Prop_carry4_CI_CO[3])
                                                      0.100   115.136 r  u_mimo_detector_top/u_gram_matrix_compute/x_im_reg[3][18]_i_41/CO[3]
                         net (fo=1, unplaced)         0.000   115.136    u_mimo_detector_top/u_gram_matrix_compute/x_im_reg[3][18]_i_41_n_0
                         CARRY4 (Prop_carry4_CI_CO[3])
                                                      0.100   115.236 r  u_mimo_detector_top/u_gram_matrix_compute/x_im_reg[3][18]_i_31/CO[3]
                         net (fo=1, unplaced)         0.000   115.236    u_mimo_detector_top/u_gram_matrix_compute/x_im_reg[3][18]_i_31_n_0
                         CARRY4 (Prop_carry4_CI_CO[3])
                                                      0.100   115.336 r  u_mimo_detector_top/u_gram_matrix_compute/x_im_reg[3][18]_i_21/CO[3]
                         net (fo=1, unplaced)         0.000   115.336    u_mimo_detector_top/u_gram_matrix_compute/x_im_reg[3][18]_i_21_n_0
                         CARRY4 (Prop_carry4_CI_CO[3])
                                                      0.100   115.436 r  u_mimo_detector_top/u_gram_matrix_compute/x_im_reg[3][18]_i_13/CO[3]
                         net (fo=1, unplaced)         0.000   115.436    u_mimo_detector_top/u_gram_matrix_compute/x_im_reg[3][18]_i_13_n_0
                         CARRY4 (Prop_carry4_CI_CO[1])
                                                      0.150   115.586 r  u_mimo_detector_top/u_gram_matrix_compute/x_im_reg[3][18]_i_7/CO[1]
                         net (fo=61, unplaced)        0.489   116.075    u_mimo_detector_top/u_gram_matrix_compute/x_im[3][18]_i_15_0[0]
                         CARRY4 (Prop_carry4_CYINIT_CO[3])
                                                      0.666   116.741 r  u_mimo_detector_top/u_gram_matrix_compute/x_im_reg[3][17]_i_140/CO[3]
                         net (fo=1, unplaced)         0.008   116.749    u_mimo_detector_top/u_gram_matrix_compute/x_im_reg[3][17]_i_140_n_0
                         CARRY4 (Prop_carry4_CI_CO[3])
                                                      0.100   116.849 r  u_mimo_detector_top/u_gram_matrix_compute/x_im_reg[3][17]_i_131/CO[3]
                         net (fo=1, unplaced)         0.000   116.849    u_mimo_detector_top/u_gram_matrix_compute/x_im_reg[3][17]_i_131_n_0
                         CARRY4 (Prop_carry4_CI_CO[3])
                                                      0.100   116.949 r  u_mimo_detector_top/u_gram_matrix_compute/x_im_reg[3][17]_i_121/CO[3]
                         net (fo=1, unplaced)         0.000   116.949    u_mimo_detector_top/u_gram_matrix_compute/x_im_reg[3][17]_i_121_n_0
                         CARRY4 (Prop_carry4_CI_CO[3])
                                                      0.100   117.049 r  u_mimo_detector_top/u_gram_matrix_compute/x_im_reg[3][17]_i_111/CO[3]
                         net (fo=1, unplaced)         0.000   117.049    u_mimo_detector_top/u_gram_matrix_compute/x_im_reg[3][17]_i_111_n_0
                         CARRY4 (Prop_carry4_CI_CO[3])
                                                      0.100   117.149 r  u_mimo_detector_top/u_gram_matrix_compute/x_im_reg[3][17]_i_101/CO[3]
                         net (fo=1, unplaced)         0.000   117.149    u_mimo_detector_top/u_gram_matrix_compute/x_im_reg[3][17]_i_101_n_0
                         CARRY4 (Prop_carry4_CI_CO[3])
                                                      0.100   117.249 r  u_mimo_detector_top/u_gram_matrix_compute/x_im_reg[3][17]_i_91/CO[3]
                         net (fo=1, unplaced)         0.000   117.249    u_mimo_detector_top/u_gram_matrix_compute/x_im_reg[3][17]_i_91_n_0
                         CARRY4 (Prop_carry4_CI_CO[3])
                                                      0.100   117.349 r  u_mimo_detector_top/u_gram_matrix_compute/x_im_reg[3][17]_i_81/CO[3]
                         net (fo=1, unplaced)         0.000   117.349    u_mimo_detector_top/u_gram_matrix_compute/x_im_reg[3][17]_i_81_n_0
                         CARRY4 (Prop_carry4_CI_CO[3])
                                                      0.100   117.449 r  u_mimo_detector_top/u_gram_matrix_compute/x_im_reg[3][17]_i_71/CO[3]
                         net (fo=1, unplaced)         0.000   117.449    u_mimo_detector_top/u_gram_matrix_compute/x_im_reg[3][17]_i_71_n_0
                         CARRY4 (Prop_carry4_CI_CO[3])
                                                      0.100   117.549 r  u_mimo_detector_top/u_gram_matrix_compute/x_im_reg[3][17]_i_61/CO[3]
                         net (fo=1, unplaced)         0.000   117.549    u_mimo_detector_top/u_gram_matrix_compute/x_im_reg[3][17]_i_61_n_0
                         CARRY4 (Prop_carry4_CI_CO[3])
                                                      0.100   117.649 r  u_mimo_detector_top/u_gram_matrix_compute/x_im_reg[3][17]_i_51/CO[3]
                         net (fo=1, unplaced)         0.000   117.649    u_mimo_detector_top/u_gram_matrix_compute/x_im_reg[3][17]_i_51_n_0
                         CARRY4 (Prop_carry4_CI_CO[3])
                                                      0.100   117.749 r  u_mimo_detector_top/u_gram_matrix_compute/x_im_reg[3][17]_i_41/CO[3]
                         net (fo=1, unplaced)         0.000   117.749    u_mimo_detector_top/u_gram_matrix_compute/x_im_reg[3][17]_i_41_n_0
                         CARRY4 (Prop_carry4_CI_CO[3])
                                                      0.100   117.849 r  u_mimo_detector_top/u_gram_matrix_compute/x_im_reg[3][17]_i_31/CO[3]
                         net (fo=1, unplaced)         0.000   117.849    u_mimo_detector_top/u_gram_matrix_compute/x_im_reg[3][17]_i_31_n_0
                         CARRY4 (Prop_carry4_CI_CO[3])
                                                      0.100   117.949 r  u_mimo_detector_top/u_gram_matrix_compute/x_im_reg[3][17]_i_21/CO[3]
                         net (fo=1, unplaced)         0.000   117.949    u_mimo_detector_top/u_gram_matrix_compute/x_im_reg[3][17]_i_21_n_0
                         CARRY4 (Prop_carry4_CI_CO[3])
                                                      0.100   118.049 r  u_mimo_detector_top/u_gram_matrix_compute/x_im_reg[3][17]_i_13/CO[3]
                         net (fo=1, unplaced)         0.000   118.049    u_mimo_detector_top/u_gram_matrix_compute/x_im_reg[3][17]_i_13_n_0
                         CARRY4 (Prop_carry4_CI_CO[1])
                                                      0.150   118.199 r  u_mimo_detector_top/u_gram_matrix_compute/x_im_reg[3][17]_i_7/CO[1]
                         net (fo=61, unplaced)        0.489   118.688    u_mimo_detector_top/u_gram_matrix_compute/x_im[3][17]_i_15_0[0]
                         CARRY4 (Prop_carry4_CYINIT_CO[3])
                                                      0.666   119.354 r  u_mimo_detector_top/u_gram_matrix_compute/x_im_reg[3][16]_i_150/CO[3]
                         net (fo=1, unplaced)         0.008   119.362    u_mimo_detector_top/u_gram_matrix_compute/x_im_reg[3][16]_i_150_n_0
                         CARRY4 (Prop_carry4_CI_CO[3])
                                                      0.100   119.462 r  u_mimo_detector_top/u_gram_matrix_compute/x_im_reg[3][16]_i_141/CO[3]
                         net (fo=1, unplaced)         0.000   119.462    u_mimo_detector_top/u_gram_matrix_compute/x_im_reg[3][16]_i_141_n_0
                         CARRY4 (Prop_carry4_CI_CO[3])
                                                      0.100   119.562 r  u_mimo_detector_top/u_gram_matrix_compute/x_im_reg[3][16]_i_131/CO[3]
                         net (fo=1, unplaced)         0.000   119.562    u_mimo_detector_top/u_gram_matrix_compute/x_im_reg[3][16]_i_131_n_0
                         CARRY4 (Prop_carry4_CI_CO[3])
                                                      0.100   119.662 r  u_mimo_detector_top/u_gram_matrix_compute/x_im_reg[3][16]_i_121/CO[3]
                         net (fo=1, unplaced)         0.000   119.662    u_mimo_detector_top/u_gram_matrix_compute/x_im_reg[3][16]_i_121_n_0
                         CARRY4 (Prop_carry4_CI_CO[3])
                                                      0.100   119.762 r  u_mimo_detector_top/u_gram_matrix_compute/x_im_reg[3][16]_i_111/CO[3]
                         net (fo=1, unplaced)         0.000   119.762    u_mimo_detector_top/u_gram_matrix_compute/x_im_reg[3][16]_i_111_n_0
                         CARRY4 (Prop_carry4_CI_CO[3])
                                                      0.100   119.862 r  u_mimo_detector_top/u_gram_matrix_compute/x_im_reg[3][16]_i_101/CO[3]
                         net (fo=1, unplaced)         0.000   119.862    u_mimo_detector_top/u_gram_matrix_compute/x_im_reg[3][16]_i_101_n_0
                         CARRY4 (Prop_carry4_CI_CO[3])
                                                      0.100   119.962 r  u_mimo_detector_top/u_gram_matrix_compute/x_im_reg[3][16]_i_91/CO[3]
                         net (fo=1, unplaced)         0.000   119.962    u_mimo_detector_top/u_gram_matrix_compute/x_im_reg[3][16]_i_91_n_0
                         CARRY4 (Prop_carry4_CI_CO[3])
                                                      0.100   120.062 r  u_mimo_detector_top/u_gram_matrix_compute/x_im_reg[3][16]_i_81/CO[3]
                         net (fo=1, unplaced)         0.000   120.062    u_mimo_detector_top/u_gram_matrix_compute/x_im_reg[3][16]_i_81_n_0
                         CARRY4 (Prop_carry4_CI_CO[3])
                                                      0.100   120.162 r  u_mimo_detector_top/u_gram_matrix_compute/x_im_reg[3][16]_i_71/CO[3]
                         net (fo=1, unplaced)         0.000   120.162    u_mimo_detector_top/u_gram_matrix_compute/x_im_reg[3][16]_i_71_n_0
                         CARRY4 (Prop_carry4_CI_CO[3])
                                                      0.100   120.262 r  u_mimo_detector_top/u_gram_matrix_compute/x_im_reg[3][16]_i_61/CO[3]
                         net (fo=1, unplaced)         0.000   120.262    u_mimo_detector_top/u_gram_matrix_compute/x_im_reg[3][16]_i_61_n_0
                         CARRY4 (Prop_carry4_CI_CO[3])
                                                      0.100   120.362 r  u_mimo_detector_top/u_gram_matrix_compute/x_im_reg[3][16]_i_51/CO[3]
                         net (fo=1, unplaced)         0.000   120.362    u_mimo_detector_top/u_gram_matrix_compute/x_im_reg[3][16]_i_51_n_0
                         CARRY4 (Prop_carry4_CI_CO[3])
                                                      0.100   120.462 r  u_mimo_detector_top/u_gram_matrix_compute/x_im_reg[3][16]_i_41/CO[3]
                         net (fo=1, unplaced)         0.000   120.462    u_mimo_detector_top/u_gram_matrix_compute/x_im_reg[3][16]_i_41_n_0
                         CARRY4 (Prop_carry4_CI_CO[3])
                                                      0.100   120.562 r  u_mimo_detector_top/u_gram_matrix_compute/x_im_reg[3][16]_i_31/CO[3]
                         net (fo=1, unplaced)         0.000   120.562    u_mimo_detector_top/u_gram_matrix_compute/x_im_reg[3][16]_i_31_n_0
                         CARRY4 (Prop_carry4_CI_CO[3])
                                                      0.100   120.662 r  u_mimo_detector_top/u_gram_matrix_compute/x_im_reg[3][16]_i_19/CO[3]
                         net (fo=1, unplaced)         0.000   120.662    u_mimo_detector_top/u_gram_matrix_compute/x_im_reg[3][16]_i_19_n_0
                         CARRY4 (Prop_carry4_CI_CO[1])
                                                      0.150   120.812 r  u_mimo_detector_top/u_gram_matrix_compute/x_im_reg[3][16]_i_12/CO[1]
                         net (fo=61, unplaced)        0.489   121.301    u_mimo_detector_top/u_gram_matrix_compute/x_im[3][16]_i_21_0[0]
                         CARRY4 (Prop_carry4_CYINIT_CO[3])
                                                      0.666   121.967 r  u_mimo_detector_top/u_gram_matrix_compute/x_im_reg[3][15]_i_140/CO[3]
                         net (fo=1, unplaced)         0.008   121.975    u_mimo_detector_top/u_gram_matrix_compute/x_im_reg[3][15]_i_140_n_0
                         CARRY4 (Prop_carry4_CI_CO[3])
                                                      0.100   122.075 r  u_mimo_detector_top/u_gram_matrix_compute/x_im_reg[3][15]_i_131/CO[3]
                         net (fo=1, unplaced)         0.000   122.075    u_mimo_detector_top/u_gram_matrix_compute/x_im_reg[3][15]_i_131_n_0
                         CARRY4 (Prop_carry4_CI_CO[3])
                                                      0.100   122.175 r  u_mimo_detector_top/u_gram_matrix_compute/x_im_reg[3][15]_i_121/CO[3]
                         net (fo=1, unplaced)         0.000   122.175    u_mimo_detector_top/u_gram_matrix_compute/x_im_reg[3][15]_i_121_n_0
                         CARRY4 (Prop_carry4_CI_CO[3])
                                                      0.100   122.275 r  u_mimo_detector_top/u_gram_matrix_compute/x_im_reg[3][15]_i_111/CO[3]
                         net (fo=1, unplaced)         0.000   122.275    u_mimo_detector_top/u_gram_matrix_compute/x_im_reg[3][15]_i_111_n_0
                         CARRY4 (Prop_carry4_CI_CO[3])
                                                      0.100   122.375 r  u_mimo_detector_top/u_gram_matrix_compute/x_im_reg[3][15]_i_101/CO[3]
                         net (fo=1, unplaced)         0.000   122.375    u_mimo_detector_top/u_gram_matrix_compute/x_im_reg[3][15]_i_101_n_0
                         CARRY4 (Prop_carry4_CI_CO[3])
                                                      0.100   122.475 r  u_mimo_detector_top/u_gram_matrix_compute/x_im_reg[3][15]_i_91/CO[3]
                         net (fo=1, unplaced)         0.000   122.475    u_mimo_detector_top/u_gram_matrix_compute/x_im_reg[3][15]_i_91_n_0
                         CARRY4 (Prop_carry4_CI_CO[3])
                                                      0.100   122.575 r  u_mimo_detector_top/u_gram_matrix_compute/x_im_reg[3][15]_i_81/CO[3]
                         net (fo=1, unplaced)         0.000   122.575    u_mimo_detector_top/u_gram_matrix_compute/x_im_reg[3][15]_i_81_n_0
                         CARRY4 (Prop_carry4_CI_CO[3])
                                                      0.100   122.675 r  u_mimo_detector_top/u_gram_matrix_compute/x_im_reg[3][15]_i_71/CO[3]
                         net (fo=1, unplaced)         0.000   122.675    u_mimo_detector_top/u_gram_matrix_compute/x_im_reg[3][15]_i_71_n_0
                         CARRY4 (Prop_carry4_CI_CO[3])
                                                      0.100   122.775 r  u_mimo_detector_top/u_gram_matrix_compute/x_im_reg[3][15]_i_61/CO[3]
                         net (fo=1, unplaced)         0.000   122.775    u_mimo_detector_top/u_gram_matrix_compute/x_im_reg[3][15]_i_61_n_0
                         CARRY4 (Prop_carry4_CI_CO[3])
                                                      0.100   122.875 r  u_mimo_detector_top/u_gram_matrix_compute/x_im_reg[3][15]_i_51/CO[3]
                         net (fo=1, unplaced)         0.000   122.875    u_mimo_detector_top/u_gram_matrix_compute/x_im_reg[3][15]_i_51_n_0
                         CARRY4 (Prop_carry4_CI_CO[3])
                                                      0.100   122.975 r  u_mimo_detector_top/u_gram_matrix_compute/x_im_reg[3][15]_i_41/CO[3]
                         net (fo=1, unplaced)         0.000   122.975    u_mimo_detector_top/u_gram_matrix_compute/x_im_reg[3][15]_i_41_n_0
                         CARRY4 (Prop_carry4_CI_CO[3])
                                                      0.100   123.075 r  u_mimo_detector_top/u_gram_matrix_compute/x_im_reg[3][15]_i_31/CO[3]
                         net (fo=1, unplaced)         0.000   123.075    u_mimo_detector_top/u_gram_matrix_compute/x_im_reg[3][15]_i_31_n_0
                         CARRY4 (Prop_carry4_CI_CO[3])
                                                      0.100   123.175 r  u_mimo_detector_top/u_gram_matrix_compute/x_im_reg[3][15]_i_21/CO[3]
                         net (fo=1, unplaced)         0.000   123.175    u_mimo_detector_top/u_gram_matrix_compute/x_im_reg[3][15]_i_21_n_0
                         CARRY4 (Prop_carry4_CI_CO[3])
                                                      0.100   123.275 r  u_mimo_detector_top/u_gram_matrix_compute/x_im_reg[3][15]_i_13/CO[3]
                         net (fo=1, unplaced)         0.000   123.275    u_mimo_detector_top/u_gram_matrix_compute/x_im_reg[3][15]_i_13_n_0
                         CARRY4 (Prop_carry4_CI_CO[1])
                                                      0.150   123.425 r  u_mimo_detector_top/u_gram_matrix_compute/x_im_reg[3][15]_i_7/CO[1]
                         net (fo=61, unplaced)        0.489   123.914    u_mimo_detector_top/u_gram_matrix_compute/x_im[3][15]_i_15_0[0]
                         CARRY4 (Prop_carry4_CYINIT_CO[3])
                                                      0.666   124.580 r  u_mimo_detector_top/u_gram_matrix_compute/x_im_reg[3][14]_i_140/CO[3]
                         net (fo=1, unplaced)         0.008   124.588    u_mimo_detector_top/u_gram_matrix_compute/x_im_reg[3][14]_i_140_n_0
                         CARRY4 (Prop_carry4_CI_CO[3])
                                                      0.100   124.688 r  u_mimo_detector_top/u_gram_matrix_compute/x_im_reg[3][14]_i_131/CO[3]
                         net (fo=1, unplaced)         0.000   124.688    u_mimo_detector_top/u_gram_matrix_compute/x_im_reg[3][14]_i_131_n_0
                         CARRY4 (Prop_carry4_CI_CO[3])
                                                      0.100   124.788 r  u_mimo_detector_top/u_gram_matrix_compute/x_im_reg[3][14]_i_121/CO[3]
                         net (fo=1, unplaced)         0.000   124.788    u_mimo_detector_top/u_gram_matrix_compute/x_im_reg[3][14]_i_121_n_0
                         CARRY4 (Prop_carry4_CI_CO[3])
                                                      0.100   124.888 r  u_mimo_detector_top/u_gram_matrix_compute/x_im_reg[3][14]_i_111/CO[3]
                         net (fo=1, unplaced)         0.000   124.888    u_mimo_detector_top/u_gram_matrix_compute/x_im_reg[3][14]_i_111_n_0
                         CARRY4 (Prop_carry4_CI_CO[3])
                                                      0.100   124.988 r  u_mimo_detector_top/u_gram_matrix_compute/x_im_reg[3][14]_i_101/CO[3]
                         net (fo=1, unplaced)         0.000   124.988    u_mimo_detector_top/u_gram_matrix_compute/x_im_reg[3][14]_i_101_n_0
                         CARRY4 (Prop_carry4_CI_CO[3])
                                                      0.100   125.088 r  u_mimo_detector_top/u_gram_matrix_compute/x_im_reg[3][14]_i_91/CO[3]
                         net (fo=1, unplaced)         0.000   125.088    u_mimo_detector_top/u_gram_matrix_compute/x_im_reg[3][14]_i_91_n_0
                         CARRY4 (Prop_carry4_CI_CO[3])
                                                      0.100   125.188 r  u_mimo_detector_top/u_gram_matrix_compute/x_im_reg[3][14]_i_81/CO[3]
                         net (fo=1, unplaced)         0.000   125.188    u_mimo_detector_top/u_gram_matrix_compute/x_im_reg[3][14]_i_81_n_0
                         CARRY4 (Prop_carry4_CI_CO[3])
                                                      0.100   125.288 r  u_mimo_detector_top/u_gram_matrix_compute/x_im_reg[3][14]_i_71/CO[3]
                         net (fo=1, unplaced)         0.000   125.288    u_mimo_detector_top/u_gram_matrix_compute/x_im_reg[3][14]_i_71_n_0
                         CARRY4 (Prop_carry4_CI_CO[3])
                                                      0.100   125.388 r  u_mimo_detector_top/u_gram_matrix_compute/x_im_reg[3][14]_i_61/CO[3]
                         net (fo=1, unplaced)         0.000   125.388    u_mimo_detector_top/u_gram_matrix_compute/x_im_reg[3][14]_i_61_n_0
                         CARRY4 (Prop_carry4_CI_CO[3])
                                                      0.100   125.488 r  u_mimo_detector_top/u_gram_matrix_compute/x_im_reg[3][14]_i_51/CO[3]
                         net (fo=1, unplaced)         0.000   125.488    u_mimo_detector_top/u_gram_matrix_compute/x_im_reg[3][14]_i_51_n_0
                         CARRY4 (Prop_carry4_CI_CO[3])
                                                      0.100   125.588 r  u_mimo_detector_top/u_gram_matrix_compute/x_im_reg[3][14]_i_41/CO[3]
                         net (fo=1, unplaced)         0.000   125.588    u_mimo_detector_top/u_gram_matrix_compute/x_im_reg[3][14]_i_41_n_0
                         CARRY4 (Prop_carry4_CI_CO[3])
                                                      0.100   125.688 r  u_mimo_detector_top/u_gram_matrix_compute/x_im_reg[3][14]_i_31/CO[3]
                         net (fo=1, unplaced)         0.000   125.688    u_mimo_detector_top/u_gram_matrix_compute/x_im_reg[3][14]_i_31_n_0
                         CARRY4 (Prop_carry4_CI_CO[3])
                                                      0.100   125.788 r  u_mimo_detector_top/u_gram_matrix_compute/x_im_reg[3][14]_i_21/CO[3]
                         net (fo=1, unplaced)         0.000   125.788    u_mimo_detector_top/u_gram_matrix_compute/x_im_reg[3][14]_i_21_n_0
                         CARRY4 (Prop_carry4_CI_CO[3])
                                                      0.100   125.888 r  u_mimo_detector_top/u_gram_matrix_compute/x_im_reg[3][14]_i_13/CO[3]
                         net (fo=1, unplaced)         0.000   125.888    u_mimo_detector_top/u_gram_matrix_compute/x_im_reg[3][14]_i_13_n_0
                         CARRY4 (Prop_carry4_CI_CO[1])
                                                      0.150   126.038 r  u_mimo_detector_top/u_gram_matrix_compute/x_im_reg[3][14]_i_7/CO[1]
                         net (fo=61, unplaced)        0.489   126.527    u_mimo_detector_top/u_gram_matrix_compute/x_im[3][14]_i_15_0[0]
                         CARRY4 (Prop_carry4_CYINIT_CO[3])
                                                      0.666   127.193 r  u_mimo_detector_top/u_gram_matrix_compute/x_im_reg[3][13]_i_140/CO[3]
                         net (fo=1, unplaced)         0.008   127.201    u_mimo_detector_top/u_gram_matrix_compute/x_im_reg[3][13]_i_140_n_0
                         CARRY4 (Prop_carry4_CI_CO[3])
                                                      0.100   127.301 r  u_mimo_detector_top/u_gram_matrix_compute/x_im_reg[3][13]_i_131/CO[3]
                         net (fo=1, unplaced)         0.000   127.301    u_mimo_detector_top/u_gram_matrix_compute/x_im_reg[3][13]_i_131_n_0
                         CARRY4 (Prop_carry4_CI_CO[3])
                                                      0.100   127.401 r  u_mimo_detector_top/u_gram_matrix_compute/x_im_reg[3][13]_i_121/CO[3]
                         net (fo=1, unplaced)         0.000   127.401    u_mimo_detector_top/u_gram_matrix_compute/x_im_reg[3][13]_i_121_n_0
                         CARRY4 (Prop_carry4_CI_CO[3])
                                                      0.100   127.501 r  u_mimo_detector_top/u_gram_matrix_compute/x_im_reg[3][13]_i_111/CO[3]
                         net (fo=1, unplaced)         0.000   127.501    u_mimo_detector_top/u_gram_matrix_compute/x_im_reg[3][13]_i_111_n_0
                         CARRY4 (Prop_carry4_CI_CO[3])
                                                      0.100   127.601 r  u_mimo_detector_top/u_gram_matrix_compute/x_im_reg[3][13]_i_101/CO[3]
                         net (fo=1, unplaced)         0.000   127.601    u_mimo_detector_top/u_gram_matrix_compute/x_im_reg[3][13]_i_101_n_0
                         CARRY4 (Prop_carry4_CI_CO[3])
                                                      0.100   127.701 r  u_mimo_detector_top/u_gram_matrix_compute/x_im_reg[3][13]_i_91/CO[3]
                         net (fo=1, unplaced)         0.000   127.701    u_mimo_detector_top/u_gram_matrix_compute/x_im_reg[3][13]_i_91_n_0
                         CARRY4 (Prop_carry4_CI_CO[3])
                                                      0.100   127.801 r  u_mimo_detector_top/u_gram_matrix_compute/x_im_reg[3][13]_i_81/CO[3]
                         net (fo=1, unplaced)         0.000   127.801    u_mimo_detector_top/u_gram_matrix_compute/x_im_reg[3][13]_i_81_n_0
                         CARRY4 (Prop_carry4_CI_CO[3])
                                                      0.100   127.901 r  u_mimo_detector_top/u_gram_matrix_compute/x_im_reg[3][13]_i_71/CO[3]
                         net (fo=1, unplaced)         0.000   127.901    u_mimo_detector_top/u_gram_matrix_compute/x_im_reg[3][13]_i_71_n_0
                         CARRY4 (Prop_carry4_CI_CO[3])
                                                      0.100   128.001 r  u_mimo_detector_top/u_gram_matrix_compute/x_im_reg[3][13]_i_61/CO[3]
                         net (fo=1, unplaced)         0.000   128.001    u_mimo_detector_top/u_gram_matrix_compute/x_im_reg[3][13]_i_61_n_0
                         CARRY4 (Prop_carry4_CI_CO[3])
                                                      0.100   128.101 r  u_mimo_detector_top/u_gram_matrix_compute/x_im_reg[3][13]_i_51/CO[3]
                         net (fo=1, unplaced)         0.000   128.101    u_mimo_detector_top/u_gram_matrix_compute/x_im_reg[3][13]_i_51_n_0
                         CARRY4 (Prop_carry4_CI_CO[3])
                                                      0.100   128.201 r  u_mimo_detector_top/u_gram_matrix_compute/x_im_reg[3][13]_i_41/CO[3]
                         net (fo=1, unplaced)         0.000   128.201    u_mimo_detector_top/u_gram_matrix_compute/x_im_reg[3][13]_i_41_n_0
                         CARRY4 (Prop_carry4_CI_CO[3])
                                                      0.100   128.301 r  u_mimo_detector_top/u_gram_matrix_compute/x_im_reg[3][13]_i_31/CO[3]
                         net (fo=1, unplaced)         0.000   128.301    u_mimo_detector_top/u_gram_matrix_compute/x_im_reg[3][13]_i_31_n_0
                         CARRY4 (Prop_carry4_CI_CO[3])
                                                      0.100   128.401 r  u_mimo_detector_top/u_gram_matrix_compute/x_im_reg[3][13]_i_21/CO[3]
                         net (fo=1, unplaced)         0.000   128.401    u_mimo_detector_top/u_gram_matrix_compute/x_im_reg[3][13]_i_21_n_0
                         CARRY4 (Prop_carry4_CI_CO[3])
                                                      0.100   128.501 r  u_mimo_detector_top/u_gram_matrix_compute/x_im_reg[3][13]_i_13/CO[3]
                         net (fo=1, unplaced)         0.000   128.501    u_mimo_detector_top/u_gram_matrix_compute/x_im_reg[3][13]_i_13_n_0
                         CARRY4 (Prop_carry4_CI_CO[1])
                                                      0.150   128.651 r  u_mimo_detector_top/u_gram_matrix_compute/x_im_reg[3][13]_i_7/CO[1]
                         net (fo=61, unplaced)        0.489   129.140    u_mimo_detector_top/u_gram_matrix_compute/x_im[3][13]_i_15_0[0]
                         CARRY4 (Prop_carry4_CYINIT_CO[3])
                                                      0.666   129.806 r  u_mimo_detector_top/u_gram_matrix_compute/x_im_reg[3][12]_i_150/CO[3]
                         net (fo=1, unplaced)         0.008   129.814    u_mimo_detector_top/u_gram_matrix_compute/x_im_reg[3][12]_i_150_n_0
                         CARRY4 (Prop_carry4_CI_CO[3])
                                                      0.100   129.914 r  u_mimo_detector_top/u_gram_matrix_compute/x_im_reg[3][12]_i_141/CO[3]
                         net (fo=1, unplaced)         0.000   129.914    u_mimo_detector_top/u_gram_matrix_compute/x_im_reg[3][12]_i_141_n_0
                         CARRY4 (Prop_carry4_CI_CO[3])
                                                      0.100   130.014 r  u_mimo_detector_top/u_gram_matrix_compute/x_im_reg[3][12]_i_131/CO[3]
                         net (fo=1, unplaced)         0.000   130.014    u_mimo_detector_top/u_gram_matrix_compute/x_im_reg[3][12]_i_131_n_0
                         CARRY4 (Prop_carry4_CI_CO[3])
                                                      0.100   130.114 r  u_mimo_detector_top/u_gram_matrix_compute/x_im_reg[3][12]_i_121/CO[3]
                         net (fo=1, unplaced)         0.000   130.114    u_mimo_detector_top/u_gram_matrix_compute/x_im_reg[3][12]_i_121_n_0
                         CARRY4 (Prop_carry4_CI_CO[3])
                                                      0.100   130.214 r  u_mimo_detector_top/u_gram_matrix_compute/x_im_reg[3][12]_i_111/CO[3]
                         net (fo=1, unplaced)         0.000   130.214    u_mimo_detector_top/u_gram_matrix_compute/x_im_reg[3][12]_i_111_n_0
                         CARRY4 (Prop_carry4_CI_CO[3])
                                                      0.100   130.314 r  u_mimo_detector_top/u_gram_matrix_compute/x_im_reg[3][12]_i_101/CO[3]
                         net (fo=1, unplaced)         0.000   130.314    u_mimo_detector_top/u_gram_matrix_compute/x_im_reg[3][12]_i_101_n_0
                         CARRY4 (Prop_carry4_CI_CO[3])
                                                      0.100   130.414 r  u_mimo_detector_top/u_gram_matrix_compute/x_im_reg[3][12]_i_91/CO[3]
                         net (fo=1, unplaced)         0.000   130.414    u_mimo_detector_top/u_gram_matrix_compute/x_im_reg[3][12]_i_91_n_0
                         CARRY4 (Prop_carry4_CI_CO[3])
                                                      0.100   130.514 r  u_mimo_detector_top/u_gram_matrix_compute/x_im_reg[3][12]_i_81/CO[3]
                         net (fo=1, unplaced)         0.000   130.514    u_mimo_detector_top/u_gram_matrix_compute/x_im_reg[3][12]_i_81_n_0
                         CARRY4 (Prop_carry4_CI_CO[3])
                                                      0.100   130.614 r  u_mimo_detector_top/u_gram_matrix_compute/x_im_reg[3][12]_i_71/CO[3]
                         net (fo=1, unplaced)         0.000   130.614    u_mimo_detector_top/u_gram_matrix_compute/x_im_reg[3][12]_i_71_n_0
                         CARRY4 (Prop_carry4_CI_CO[3])
                                                      0.100   130.714 r  u_mimo_detector_top/u_gram_matrix_compute/x_im_reg[3][12]_i_61/CO[3]
                         net (fo=1, unplaced)         0.000   130.714    u_mimo_detector_top/u_gram_matrix_compute/x_im_reg[3][12]_i_61_n_0
                         CARRY4 (Prop_carry4_CI_CO[3])
                                                      0.100   130.814 r  u_mimo_detector_top/u_gram_matrix_compute/x_im_reg[3][12]_i_51/CO[3]
                         net (fo=1, unplaced)         0.000   130.814    u_mimo_detector_top/u_gram_matrix_compute/x_im_reg[3][12]_i_51_n_0
                         CARRY4 (Prop_carry4_CI_CO[3])
                                                      0.100   130.914 r  u_mimo_detector_top/u_gram_matrix_compute/x_im_reg[3][12]_i_41/CO[3]
                         net (fo=1, unplaced)         0.000   130.914    u_mimo_detector_top/u_gram_matrix_compute/x_im_reg[3][12]_i_41_n_0
                         CARRY4 (Prop_carry4_CI_CO[3])
                                                      0.100   131.014 r  u_mimo_detector_top/u_gram_matrix_compute/x_im_reg[3][12]_i_31/CO[3]
                         net (fo=1, unplaced)         0.000   131.014    u_mimo_detector_top/u_gram_matrix_compute/x_im_reg[3][12]_i_31_n_0
                         CARRY4 (Prop_carry4_CI_CO[3])
                                                      0.100   131.114 r  u_mimo_detector_top/u_gram_matrix_compute/x_im_reg[3][12]_i_19/CO[3]
                         net (fo=1, unplaced)         0.000   131.114    u_mimo_detector_top/u_gram_matrix_compute/x_im_reg[3][12]_i_19_n_0
                         CARRY4 (Prop_carry4_CI_CO[1])
                                                      0.150   131.264 r  u_mimo_detector_top/u_gram_matrix_compute/x_im_reg[3][12]_i_12/CO[1]
                         net (fo=62, unplaced)        0.490   131.754    u_mimo_detector_top/u_gram_matrix_compute/x_im_reg[3][12]_i_12_n_2
                         CARRY4 (Prop_carry4_CYINIT_CO[3])
                                                      0.666   132.420 r  u_mimo_detector_top/u_gram_matrix_compute/x_im_reg[3][11]_i_140/CO[3]
                         net (fo=1, unplaced)         0.008   132.428    u_mimo_detector_top/u_gram_matrix_compute/x_im_reg[3][11]_i_140_n_0
                         CARRY4 (Prop_carry4_CI_CO[3])
                                                      0.100   132.528 r  u_mimo_detector_top/u_gram_matrix_compute/x_im_reg[3][11]_i_131/CO[3]
                         net (fo=1, unplaced)         0.000   132.528    u_mimo_detector_top/u_gram_matrix_compute/x_im_reg[3][11]_i_131_n_0
                         CARRY4 (Prop_carry4_CI_CO[3])
                                                      0.100   132.628 r  u_mimo_detector_top/u_gram_matrix_compute/x_im_reg[3][11]_i_121/CO[3]
                         net (fo=1, unplaced)         0.000   132.628    u_mimo_detector_top/u_gram_matrix_compute/x_im_reg[3][11]_i_121_n_0
                         CARRY4 (Prop_carry4_CI_CO[3])
                                                      0.100   132.728 r  u_mimo_detector_top/u_gram_matrix_compute/x_im_reg[3][11]_i_111/CO[3]
                         net (fo=1, unplaced)         0.000   132.728    u_mimo_detector_top/u_gram_matrix_compute/x_im_reg[3][11]_i_111_n_0
                         CARRY4 (Prop_carry4_CI_CO[3])
                                                      0.100   132.828 r  u_mimo_detector_top/u_gram_matrix_compute/x_im_reg[3][11]_i_101/CO[3]
                         net (fo=1, unplaced)         0.000   132.828    u_mimo_detector_top/u_gram_matrix_compute/x_im_reg[3][11]_i_101_n_0
                         CARRY4 (Prop_carry4_CI_CO[3])
                                                      0.100   132.928 r  u_mimo_detector_top/u_gram_matrix_compute/x_im_reg[3][11]_i_91/CO[3]
                         net (fo=1, unplaced)         0.000   132.928    u_mimo_detector_top/u_gram_matrix_compute/x_im_reg[3][11]_i_91_n_0
                         CARRY4 (Prop_carry4_CI_CO[3])
                                                      0.100   133.028 r  u_mimo_detector_top/u_gram_matrix_compute/x_im_reg[3][11]_i_81/CO[3]
                         net (fo=1, unplaced)         0.000   133.028    u_mimo_detector_top/u_gram_matrix_compute/x_im_reg[3][11]_i_81_n_0
                         CARRY4 (Prop_carry4_CI_CO[3])
                                                      0.100   133.128 r  u_mimo_detector_top/u_gram_matrix_compute/x_im_reg[3][11]_i_71/CO[3]
                         net (fo=1, unplaced)         0.000   133.128    u_mimo_detector_top/u_gram_matrix_compute/x_im_reg[3][11]_i_71_n_0
                         CARRY4 (Prop_carry4_CI_CO[3])
                                                      0.100   133.228 r  u_mimo_detector_top/u_gram_matrix_compute/x_im_reg[3][11]_i_61/CO[3]
                         net (fo=1, unplaced)         0.000   133.228    u_mimo_detector_top/u_gram_matrix_compute/x_im_reg[3][11]_i_61_n_0
                         CARRY4 (Prop_carry4_CI_CO[3])
                                                      0.100   133.328 r  u_mimo_detector_top/u_gram_matrix_compute/x_im_reg[3][11]_i_51/CO[3]
                         net (fo=1, unplaced)         0.000   133.328    u_mimo_detector_top/u_gram_matrix_compute/x_im_reg[3][11]_i_51_n_0
                         CARRY4 (Prop_carry4_CI_CO[3])
                                                      0.100   133.428 r  u_mimo_detector_top/u_gram_matrix_compute/x_im_reg[3][11]_i_41/CO[3]
                         net (fo=1, unplaced)         0.000   133.428    u_mimo_detector_top/u_gram_matrix_compute/x_im_reg[3][11]_i_41_n_0
                         CARRY4 (Prop_carry4_CI_CO[3])
                                                      0.100   133.528 r  u_mimo_detector_top/u_gram_matrix_compute/x_im_reg[3][11]_i_31/CO[3]
                         net (fo=1, unplaced)         0.000   133.528    u_mimo_detector_top/u_gram_matrix_compute/x_im_reg[3][11]_i_31_n_0
                         CARRY4 (Prop_carry4_CI_CO[3])
                                                      0.100   133.628 r  u_mimo_detector_top/u_gram_matrix_compute/x_im_reg[3][11]_i_21/CO[3]
                         net (fo=1, unplaced)         0.000   133.628    u_mimo_detector_top/u_gram_matrix_compute/x_im_reg[3][11]_i_21_n_0
                         CARRY4 (Prop_carry4_CI_CO[3])
                                                      0.100   133.728 r  u_mimo_detector_top/u_gram_matrix_compute/x_im_reg[3][11]_i_13/CO[3]
                         net (fo=1, unplaced)         0.000   133.728    u_mimo_detector_top/u_gram_matrix_compute/x_im_reg[3][11]_i_13_n_0
                         CARRY4 (Prop_carry4_CI_CO[1])
                                                      0.150   133.878 r  u_mimo_detector_top/u_gram_matrix_compute/x_im_reg[3][11]_i_7/CO[1]
                         net (fo=62, unplaced)        0.490   134.368    u_mimo_detector_top/u_gram_matrix_compute/x_im_reg[3][11]_i_7_n_2
                         CARRY4 (Prop_carry4_CYINIT_CO[3])
                                                      0.666   135.034 r  u_mimo_detector_top/u_gram_matrix_compute/x_im_reg[3][10]_i_140/CO[3]
                         net (fo=1, unplaced)         0.008   135.042    u_mimo_detector_top/u_gram_matrix_compute/x_im_reg[3][10]_i_140_n_0
                         CARRY4 (Prop_carry4_CI_CO[3])
                                                      0.100   135.142 r  u_mimo_detector_top/u_gram_matrix_compute/x_im_reg[3][10]_i_131/CO[3]
                         net (fo=1, unplaced)         0.000   135.142    u_mimo_detector_top/u_gram_matrix_compute/x_im_reg[3][10]_i_131_n_0
                         CARRY4 (Prop_carry4_CI_CO[3])
                                                      0.100   135.242 r  u_mimo_detector_top/u_gram_matrix_compute/x_im_reg[3][10]_i_121/CO[3]
                         net (fo=1, unplaced)         0.000   135.242    u_mimo_detector_top/u_gram_matrix_compute/x_im_reg[3][10]_i_121_n_0
                         CARRY4 (Prop_carry4_CI_CO[3])
                                                      0.100   135.342 r  u_mimo_detector_top/u_gram_matrix_compute/x_im_reg[3][10]_i_111/CO[3]
                         net (fo=1, unplaced)         0.000   135.342    u_mimo_detector_top/u_gram_matrix_compute/x_im_reg[3][10]_i_111_n_0
                         CARRY4 (Prop_carry4_CI_CO[3])
                                                      0.100   135.442 r  u_mimo_detector_top/u_gram_matrix_compute/x_im_reg[3][10]_i_101/CO[3]
                         net (fo=1, unplaced)         0.000   135.442    u_mimo_detector_top/u_gram_matrix_compute/x_im_reg[3][10]_i_101_n_0
                         CARRY4 (Prop_carry4_CI_CO[3])
                                                      0.100   135.542 r  u_mimo_detector_top/u_gram_matrix_compute/x_im_reg[3][10]_i_91/CO[3]
                         net (fo=1, unplaced)         0.000   135.542    u_mimo_detector_top/u_gram_matrix_compute/x_im_reg[3][10]_i_91_n_0
                         CARRY4 (Prop_carry4_CI_CO[3])
                                                      0.100   135.642 r  u_mimo_detector_top/u_gram_matrix_compute/x_im_reg[3][10]_i_81/CO[3]
                         net (fo=1, unplaced)         0.000   135.642    u_mimo_detector_top/u_gram_matrix_compute/x_im_reg[3][10]_i_81_n_0
                         CARRY4 (Prop_carry4_CI_CO[3])
                                                      0.100   135.742 r  u_mimo_detector_top/u_gram_matrix_compute/x_im_reg[3][10]_i_71/CO[3]
                         net (fo=1, unplaced)         0.000   135.742    u_mimo_detector_top/u_gram_matrix_compute/x_im_reg[3][10]_i_71_n_0
                         CARRY4 (Prop_carry4_CI_CO[3])
                                                      0.100   135.842 r  u_mimo_detector_top/u_gram_matrix_compute/x_im_reg[3][10]_i_61/CO[3]
                         net (fo=1, unplaced)         0.000   135.842    u_mimo_detector_top/u_gram_matrix_compute/x_im_reg[3][10]_i_61_n_0
                         CARRY4 (Prop_carry4_CI_CO[3])
                                                      0.100   135.942 r  u_mimo_detector_top/u_gram_matrix_compute/x_im_reg[3][10]_i_51/CO[3]
                         net (fo=1, unplaced)         0.000   135.942    u_mimo_detector_top/u_gram_matrix_compute/x_im_reg[3][10]_i_51_n_0
                         CARRY4 (Prop_carry4_CI_CO[3])
                                                      0.100   136.042 r  u_mimo_detector_top/u_gram_matrix_compute/x_im_reg[3][10]_i_41/CO[3]
                         net (fo=1, unplaced)         0.000   136.042    u_mimo_detector_top/u_gram_matrix_compute/x_im_reg[3][10]_i_41_n_0
                         CARRY4 (Prop_carry4_CI_CO[3])
                                                      0.100   136.142 r  u_mimo_detector_top/u_gram_matrix_compute/x_im_reg[3][10]_i_31/CO[3]
                         net (fo=1, unplaced)         0.000   136.142    u_mimo_detector_top/u_gram_matrix_compute/x_im_reg[3][10]_i_31_n_0
                         CARRY4 (Prop_carry4_CI_CO[3])
                                                      0.100   136.242 r  u_mimo_detector_top/u_gram_matrix_compute/x_im_reg[3][10]_i_21/CO[3]
                         net (fo=1, unplaced)         0.000   136.242    u_mimo_detector_top/u_gram_matrix_compute/x_im_reg[3][10]_i_21_n_0
                         CARRY4 (Prop_carry4_CI_CO[3])
                                                      0.100   136.342 r  u_mimo_detector_top/u_gram_matrix_compute/x_im_reg[3][10]_i_13/CO[3]
                         net (fo=1, unplaced)         0.000   136.342    u_mimo_detector_top/u_gram_matrix_compute/x_im_reg[3][10]_i_13_n_0
                         CARRY4 (Prop_carry4_CI_CO[1])
                                                      0.150   136.492 r  u_mimo_detector_top/u_gram_matrix_compute/x_im_reg[3][10]_i_7/CO[1]
                         net (fo=62, unplaced)        0.490   136.982    u_mimo_detector_top/u_gram_matrix_compute/x_im_reg[3][10]_i_7_n_2
                         CARRY4 (Prop_carry4_CYINIT_CO[3])
                                                      0.666   137.648 r  u_mimo_detector_top/u_gram_matrix_compute/x_im_reg[3][9]_i_140/CO[3]
                         net (fo=1, unplaced)         0.008   137.656    u_mimo_detector_top/u_gram_matrix_compute/x_im_reg[3][9]_i_140_n_0
                         CARRY4 (Prop_carry4_CI_CO[3])
                                                      0.100   137.756 r  u_mimo_detector_top/u_gram_matrix_compute/x_im_reg[3][9]_i_131/CO[3]
                         net (fo=1, unplaced)         0.000   137.756    u_mimo_detector_top/u_gram_matrix_compute/x_im_reg[3][9]_i_131_n_0
                         CARRY4 (Prop_carry4_CI_CO[3])
                                                      0.100   137.856 r  u_mimo_detector_top/u_gram_matrix_compute/x_im_reg[3][9]_i_121/CO[3]
                         net (fo=1, unplaced)         0.000   137.856    u_mimo_detector_top/u_gram_matrix_compute/x_im_reg[3][9]_i_121_n_0
                         CARRY4 (Prop_carry4_CI_CO[3])
                                                      0.100   137.956 r  u_mimo_detector_top/u_gram_matrix_compute/x_im_reg[3][9]_i_111/CO[3]
                         net (fo=1, unplaced)         0.000   137.956    u_mimo_detector_top/u_gram_matrix_compute/x_im_reg[3][9]_i_111_n_0
                         CARRY4 (Prop_carry4_CI_CO[3])
                                                      0.100   138.056 r  u_mimo_detector_top/u_gram_matrix_compute/x_im_reg[3][9]_i_101/CO[3]
                         net (fo=1, unplaced)         0.000   138.056    u_mimo_detector_top/u_gram_matrix_compute/x_im_reg[3][9]_i_101_n_0
                         CARRY4 (Prop_carry4_CI_CO[3])
                                                      0.100   138.156 r  u_mimo_detector_top/u_gram_matrix_compute/x_im_reg[3][9]_i_91/CO[3]
                         net (fo=1, unplaced)         0.000   138.156    u_mimo_detector_top/u_gram_matrix_compute/x_im_reg[3][9]_i_91_n_0
                         CARRY4 (Prop_carry4_CI_CO[3])
                                                      0.100   138.256 r  u_mimo_detector_top/u_gram_matrix_compute/x_im_reg[3][9]_i_81/CO[3]
                         net (fo=1, unplaced)         0.000   138.256    u_mimo_detector_top/u_gram_matrix_compute/x_im_reg[3][9]_i_81_n_0
                         CARRY4 (Prop_carry4_CI_CO[3])
                                                      0.100   138.356 r  u_mimo_detector_top/u_gram_matrix_compute/x_im_reg[3][9]_i_71/CO[3]
                         net (fo=1, unplaced)         0.000   138.356    u_mimo_detector_top/u_gram_matrix_compute/x_im_reg[3][9]_i_71_n_0
                         CARRY4 (Prop_carry4_CI_CO[3])
                                                      0.100   138.456 r  u_mimo_detector_top/u_gram_matrix_compute/x_im_reg[3][9]_i_61/CO[3]
                         net (fo=1, unplaced)         0.000   138.456    u_mimo_detector_top/u_gram_matrix_compute/x_im_reg[3][9]_i_61_n_0
                         CARRY4 (Prop_carry4_CI_CO[3])
                                                      0.100   138.556 r  u_mimo_detector_top/u_gram_matrix_compute/x_im_reg[3][9]_i_51/CO[3]
                         net (fo=1, unplaced)         0.000   138.556    u_mimo_detector_top/u_gram_matrix_compute/x_im_reg[3][9]_i_51_n_0
                         CARRY4 (Prop_carry4_CI_CO[3])
                                                      0.100   138.656 r  u_mimo_detector_top/u_gram_matrix_compute/x_im_reg[3][9]_i_41/CO[3]
                         net (fo=1, unplaced)         0.000   138.656    u_mimo_detector_top/u_gram_matrix_compute/x_im_reg[3][9]_i_41_n_0
                         CARRY4 (Prop_carry4_CI_CO[3])
                                                      0.100   138.756 r  u_mimo_detector_top/u_gram_matrix_compute/x_im_reg[3][9]_i_31/CO[3]
                         net (fo=1, unplaced)         0.000   138.756    u_mimo_detector_top/u_gram_matrix_compute/x_im_reg[3][9]_i_31_n_0
                         CARRY4 (Prop_carry4_CI_CO[3])
                                                      0.100   138.856 r  u_mimo_detector_top/u_gram_matrix_compute/x_im_reg[3][9]_i_21/CO[3]
                         net (fo=1, unplaced)         0.000   138.856    u_mimo_detector_top/u_gram_matrix_compute/x_im_reg[3][9]_i_21_n_0
                         CARRY4 (Prop_carry4_CI_CO[3])
                                                      0.100   138.956 r  u_mimo_detector_top/u_gram_matrix_compute/x_im_reg[3][9]_i_13/CO[3]
                         net (fo=1, unplaced)         0.000   138.956    u_mimo_detector_top/u_gram_matrix_compute/x_im_reg[3][9]_i_13_n_0
                         CARRY4 (Prop_carry4_CI_CO[1])
                                                      0.150   139.106 r  u_mimo_detector_top/u_gram_matrix_compute/x_im_reg[3][9]_i_7/CO[1]
                         net (fo=62, unplaced)        0.490   139.596    u_mimo_detector_top/u_gram_matrix_compute/x_im_reg[3][9]_i_7_n_2
                         CARRY4 (Prop_carry4_CYINIT_CO[3])
                                                      0.666   140.262 r  u_mimo_detector_top/u_gram_matrix_compute/x_im_reg[3][8]_i_150/CO[3]
                         net (fo=1, unplaced)         0.008   140.270    u_mimo_detector_top/u_gram_matrix_compute/x_im_reg[3][8]_i_150_n_0
                         CARRY4 (Prop_carry4_CI_CO[3])
                                                      0.100   140.370 r  u_mimo_detector_top/u_gram_matrix_compute/x_im_reg[3][8]_i_141/CO[3]
                         net (fo=1, unplaced)         0.000   140.370    u_mimo_detector_top/u_gram_matrix_compute/x_im_reg[3][8]_i_141_n_0
                         CARRY4 (Prop_carry4_CI_CO[3])
                                                      0.100   140.470 r  u_mimo_detector_top/u_gram_matrix_compute/x_im_reg[3][8]_i_131/CO[3]
                         net (fo=1, unplaced)         0.000   140.470    u_mimo_detector_top/u_gram_matrix_compute/x_im_reg[3][8]_i_131_n_0
                         CARRY4 (Prop_carry4_CI_CO[3])
                                                      0.100   140.570 r  u_mimo_detector_top/u_gram_matrix_compute/x_im_reg[3][8]_i_121/CO[3]
                         net (fo=1, unplaced)         0.000   140.570    u_mimo_detector_top/u_gram_matrix_compute/x_im_reg[3][8]_i_121_n_0
                         CARRY4 (Prop_carry4_CI_CO[3])
                                                      0.100   140.670 r  u_mimo_detector_top/u_gram_matrix_compute/x_im_reg[3][8]_i_111/CO[3]
                         net (fo=1, unplaced)         0.000   140.670    u_mimo_detector_top/u_gram_matrix_compute/x_im_reg[3][8]_i_111_n_0
                         CARRY4 (Prop_carry4_CI_CO[3])
                                                      0.100   140.770 r  u_mimo_detector_top/u_gram_matrix_compute/x_im_reg[3][8]_i_101/CO[3]
                         net (fo=1, unplaced)         0.000   140.770    u_mimo_detector_top/u_gram_matrix_compute/x_im_reg[3][8]_i_101_n_0
                         CARRY4 (Prop_carry4_CI_CO[3])
                                                      0.100   140.870 r  u_mimo_detector_top/u_gram_matrix_compute/x_im_reg[3][8]_i_91/CO[3]
                         net (fo=1, unplaced)         0.000   140.870    u_mimo_detector_top/u_gram_matrix_compute/x_im_reg[3][8]_i_91_n_0
                         CARRY4 (Prop_carry4_CI_CO[3])
                                                      0.100   140.970 r  u_mimo_detector_top/u_gram_matrix_compute/x_im_reg[3][8]_i_81/CO[3]
                         net (fo=1, unplaced)         0.000   140.970    u_mimo_detector_top/u_gram_matrix_compute/x_im_reg[3][8]_i_81_n_0
                         CARRY4 (Prop_carry4_CI_CO[3])
                                                      0.100   141.070 r  u_mimo_detector_top/u_gram_matrix_compute/x_im_reg[3][8]_i_71/CO[3]
                         net (fo=1, unplaced)         0.000   141.070    u_mimo_detector_top/u_gram_matrix_compute/x_im_reg[3][8]_i_71_n_0
                         CARRY4 (Prop_carry4_CI_CO[3])
                                                      0.100   141.170 r  u_mimo_detector_top/u_gram_matrix_compute/x_im_reg[3][8]_i_61/CO[3]
                         net (fo=1, unplaced)         0.000   141.170    u_mimo_detector_top/u_gram_matrix_compute/x_im_reg[3][8]_i_61_n_0
                         CARRY4 (Prop_carry4_CI_CO[3])
                                                      0.100   141.270 r  u_mimo_detector_top/u_gram_matrix_compute/x_im_reg[3][8]_i_51/CO[3]
                         net (fo=1, unplaced)         0.000   141.270    u_mimo_detector_top/u_gram_matrix_compute/x_im_reg[3][8]_i_51_n_0
                         CARRY4 (Prop_carry4_CI_CO[3])
                                                      0.100   141.370 r  u_mimo_detector_top/u_gram_matrix_compute/x_im_reg[3][8]_i_41/CO[3]
                         net (fo=1, unplaced)         0.000   141.370    u_mimo_detector_top/u_gram_matrix_compute/x_im_reg[3][8]_i_41_n_0
                         CARRY4 (Prop_carry4_CI_CO[3])
                                                      0.100   141.470 r  u_mimo_detector_top/u_gram_matrix_compute/x_im_reg[3][8]_i_31/CO[3]
                         net (fo=1, unplaced)         0.000   141.470    u_mimo_detector_top/u_gram_matrix_compute/x_im_reg[3][8]_i_31_n_0
                         CARRY4 (Prop_carry4_CI_CO[3])
                                                      0.100   141.570 r  u_mimo_detector_top/u_gram_matrix_compute/x_im_reg[3][8]_i_19/CO[3]
                         net (fo=1, unplaced)         0.000   141.570    u_mimo_detector_top/u_gram_matrix_compute/x_im_reg[3][8]_i_19_n_0
                         CARRY4 (Prop_carry4_CI_CO[1])
                                                      0.150   141.720 r  u_mimo_detector_top/u_gram_matrix_compute/x_im_reg[3][8]_i_12/CO[1]
                         net (fo=62, unplaced)        0.490   142.210    u_mimo_detector_top/u_gram_matrix_compute/x_im_reg[3][8]_i_12_n_2
                         CARRY4 (Prop_carry4_CYINIT_CO[3])
                                                      0.666   142.876 r  u_mimo_detector_top/u_gram_matrix_compute/x_im_reg[3][7]_i_140/CO[3]
                         net (fo=1, unplaced)         0.008   142.884    u_mimo_detector_top/u_gram_matrix_compute/x_im_reg[3][7]_i_140_n_0
                         CARRY4 (Prop_carry4_CI_CO[3])
                                                      0.100   142.984 r  u_mimo_detector_top/u_gram_matrix_compute/x_im_reg[3][7]_i_131/CO[3]
                         net (fo=1, unplaced)         0.000   142.984    u_mimo_detector_top/u_gram_matrix_compute/x_im_reg[3][7]_i_131_n_0
                         CARRY4 (Prop_carry4_CI_CO[3])
                                                      0.100   143.084 r  u_mimo_detector_top/u_gram_matrix_compute/x_im_reg[3][7]_i_121/CO[3]
                         net (fo=1, unplaced)         0.000   143.084    u_mimo_detector_top/u_gram_matrix_compute/x_im_reg[3][7]_i_121_n_0
                         CARRY4 (Prop_carry4_CI_CO[3])
                                                      0.100   143.184 r  u_mimo_detector_top/u_gram_matrix_compute/x_im_reg[3][7]_i_111/CO[3]
                         net (fo=1, unplaced)         0.000   143.184    u_mimo_detector_top/u_gram_matrix_compute/x_im_reg[3][7]_i_111_n_0
                         CARRY4 (Prop_carry4_CI_CO[3])
                                                      0.100   143.284 r  u_mimo_detector_top/u_gram_matrix_compute/x_im_reg[3][7]_i_101/CO[3]
                         net (fo=1, unplaced)         0.000   143.284    u_mimo_detector_top/u_gram_matrix_compute/x_im_reg[3][7]_i_101_n_0
                         CARRY4 (Prop_carry4_CI_CO[3])
                                                      0.100   143.384 r  u_mimo_detector_top/u_gram_matrix_compute/x_im_reg[3][7]_i_91/CO[3]
                         net (fo=1, unplaced)         0.000   143.384    u_mimo_detector_top/u_gram_matrix_compute/x_im_reg[3][7]_i_91_n_0
                         CARRY4 (Prop_carry4_CI_CO[3])
                                                      0.100   143.484 r  u_mimo_detector_top/u_gram_matrix_compute/x_im_reg[3][7]_i_81/CO[3]
                         net (fo=1, unplaced)         0.000   143.484    u_mimo_detector_top/u_gram_matrix_compute/x_im_reg[3][7]_i_81_n_0
                         CARRY4 (Prop_carry4_CI_CO[3])
                                                      0.100   143.584 r  u_mimo_detector_top/u_gram_matrix_compute/x_im_reg[3][7]_i_71/CO[3]
                         net (fo=1, unplaced)         0.000   143.584    u_mimo_detector_top/u_gram_matrix_compute/x_im_reg[3][7]_i_71_n_0
                         CARRY4 (Prop_carry4_CI_CO[3])
                                                      0.100   143.684 r  u_mimo_detector_top/u_gram_matrix_compute/x_im_reg[3][7]_i_61/CO[3]
                         net (fo=1, unplaced)         0.000   143.684    u_mimo_detector_top/u_gram_matrix_compute/x_im_reg[3][7]_i_61_n_0
                         CARRY4 (Prop_carry4_CI_CO[3])
                                                      0.100   143.785 r  u_mimo_detector_top/u_gram_matrix_compute/x_im_reg[3][7]_i_51/CO[3]
                         net (fo=1, unplaced)         0.000   143.785    u_mimo_detector_top/u_gram_matrix_compute/x_im_reg[3][7]_i_51_n_0
                         CARRY4 (Prop_carry4_CI_CO[3])
                                                      0.100   143.885 r  u_mimo_detector_top/u_gram_matrix_compute/x_im_reg[3][7]_i_41/CO[3]
                         net (fo=1, unplaced)         0.000   143.885    u_mimo_detector_top/u_gram_matrix_compute/x_im_reg[3][7]_i_41_n_0
                         CARRY4 (Prop_carry4_CI_CO[3])
                                                      0.100   143.985 r  u_mimo_detector_top/u_gram_matrix_compute/x_im_reg[3][7]_i_31/CO[3]
                         net (fo=1, unplaced)         0.000   143.985    u_mimo_detector_top/u_gram_matrix_compute/x_im_reg[3][7]_i_31_n_0
                         CARRY4 (Prop_carry4_CI_CO[3])
                                                      0.100   144.085 r  u_mimo_detector_top/u_gram_matrix_compute/x_im_reg[3][7]_i_21/CO[3]
                         net (fo=1, unplaced)         0.000   144.085    u_mimo_detector_top/u_gram_matrix_compute/x_im_reg[3][7]_i_21_n_0
                         CARRY4 (Prop_carry4_CI_CO[3])
                                                      0.100   144.185 r  u_mimo_detector_top/u_gram_matrix_compute/x_im_reg[3][7]_i_13/CO[3]
                         net (fo=1, unplaced)         0.000   144.185    u_mimo_detector_top/u_gram_matrix_compute/x_im_reg[3][7]_i_13_n_0
                         CARRY4 (Prop_carry4_CI_CO[1])
                                                      0.150   144.335 r  u_mimo_detector_top/u_gram_matrix_compute/x_im_reg[3][7]_i_7/CO[1]
                         net (fo=62, unplaced)        0.490   144.825    u_mimo_detector_top/u_gram_matrix_compute/x_im_reg[3][7]_i_7_n_2
                         CARRY4 (Prop_carry4_CYINIT_CO[3])
                                                      0.666   145.491 r  u_mimo_detector_top/u_gram_matrix_compute/x_im_reg[3][6]_i_140/CO[3]
                         net (fo=1, unplaced)         0.008   145.499    u_mimo_detector_top/u_gram_matrix_compute/x_im_reg[3][6]_i_140_n_0
                         CARRY4 (Prop_carry4_CI_CO[3])
                                                      0.100   145.599 r  u_mimo_detector_top/u_gram_matrix_compute/x_im_reg[3][6]_i_131/CO[3]
                         net (fo=1, unplaced)         0.000   145.599    u_mimo_detector_top/u_gram_matrix_compute/x_im_reg[3][6]_i_131_n_0
                         CARRY4 (Prop_carry4_CI_CO[3])
                                                      0.100   145.699 r  u_mimo_detector_top/u_gram_matrix_compute/x_im_reg[3][6]_i_121/CO[3]
                         net (fo=1, unplaced)         0.000   145.699    u_mimo_detector_top/u_gram_matrix_compute/x_im_reg[3][6]_i_121_n_0
                         CARRY4 (Prop_carry4_CI_CO[3])
                                                      0.100   145.799 r  u_mimo_detector_top/u_gram_matrix_compute/x_im_reg[3][6]_i_111/CO[3]
                         net (fo=1, unplaced)         0.000   145.799    u_mimo_detector_top/u_gram_matrix_compute/x_im_reg[3][6]_i_111_n_0
                         CARRY4 (Prop_carry4_CI_CO[3])
                                                      0.100   145.899 r  u_mimo_detector_top/u_gram_matrix_compute/x_im_reg[3][6]_i_101/CO[3]
                         net (fo=1, unplaced)         0.000   145.899    u_mimo_detector_top/u_gram_matrix_compute/x_im_reg[3][6]_i_101_n_0
                         CARRY4 (Prop_carry4_CI_CO[3])
                                                      0.100   145.999 r  u_mimo_detector_top/u_gram_matrix_compute/x_im_reg[3][6]_i_91/CO[3]
                         net (fo=1, unplaced)         0.000   145.999    u_mimo_detector_top/u_gram_matrix_compute/x_im_reg[3][6]_i_91_n_0
                         CARRY4 (Prop_carry4_CI_CO[3])
                                                      0.100   146.099 r  u_mimo_detector_top/u_gram_matrix_compute/x_im_reg[3][6]_i_81/CO[3]
                         net (fo=1, unplaced)         0.000   146.099    u_mimo_detector_top/u_gram_matrix_compute/x_im_reg[3][6]_i_81_n_0
                         CARRY4 (Prop_carry4_CI_CO[3])
                                                      0.100   146.199 r  u_mimo_detector_top/u_gram_matrix_compute/x_im_reg[3][6]_i_71/CO[3]
                         net (fo=1, unplaced)         0.000   146.199    u_mimo_detector_top/u_gram_matrix_compute/x_im_reg[3][6]_i_71_n_0
                         CARRY4 (Prop_carry4_CI_CO[3])
                                                      0.100   146.299 r  u_mimo_detector_top/u_gram_matrix_compute/x_im_reg[3][6]_i_61/CO[3]
                         net (fo=1, unplaced)         0.000   146.299    u_mimo_detector_top/u_gram_matrix_compute/x_im_reg[3][6]_i_61_n_0
                         CARRY4 (Prop_carry4_CI_CO[3])
                                                      0.100   146.399 r  u_mimo_detector_top/u_gram_matrix_compute/x_im_reg[3][6]_i_51/CO[3]
                         net (fo=1, unplaced)         0.000   146.399    u_mimo_detector_top/u_gram_matrix_compute/x_im_reg[3][6]_i_51_n_0
                         CARRY4 (Prop_carry4_CI_CO[3])
                                                      0.100   146.499 r  u_mimo_detector_top/u_gram_matrix_compute/x_im_reg[3][6]_i_41/CO[3]
                         net (fo=1, unplaced)         0.000   146.499    u_mimo_detector_top/u_gram_matrix_compute/x_im_reg[3][6]_i_41_n_0
                         CARRY4 (Prop_carry4_CI_CO[3])
                                                      0.100   146.599 r  u_mimo_detector_top/u_gram_matrix_compute/x_im_reg[3][6]_i_31/CO[3]
                         net (fo=1, unplaced)         0.000   146.599    u_mimo_detector_top/u_gram_matrix_compute/x_im_reg[3][6]_i_31_n_0
                         CARRY4 (Prop_carry4_CI_CO[3])
                                                      0.100   146.699 r  u_mimo_detector_top/u_gram_matrix_compute/x_im_reg[3][6]_i_21/CO[3]
                         net (fo=1, unplaced)         0.000   146.699    u_mimo_detector_top/u_gram_matrix_compute/x_im_reg[3][6]_i_21_n_0
                         CARRY4 (Prop_carry4_CI_CO[3])
                                                      0.100   146.799 r  u_mimo_detector_top/u_gram_matrix_compute/x_im_reg[3][6]_i_13/CO[3]
                         net (fo=1, unplaced)         0.000   146.799    u_mimo_detector_top/u_gram_matrix_compute/x_im_reg[3][6]_i_13_n_0
                         CARRY4 (Prop_carry4_CI_CO[1])
                                                      0.150   146.949 r  u_mimo_detector_top/u_gram_matrix_compute/x_im_reg[3][6]_i_7/CO[1]
                         net (fo=62, unplaced)        0.490   147.439    u_mimo_detector_top/u_gram_matrix_compute/x_im_reg[3][6]_i_7_n_2
                         CARRY4 (Prop_carry4_CYINIT_CO[3])
                                                      0.666   148.105 r  u_mimo_detector_top/u_gram_matrix_compute/x_im_reg[3][5]_i_140/CO[3]
                         net (fo=1, unplaced)         0.008   148.113    u_mimo_detector_top/u_gram_matrix_compute/x_im_reg[3][5]_i_140_n_0
                         CARRY4 (Prop_carry4_CI_CO[3])
                                                      0.100   148.213 r  u_mimo_detector_top/u_gram_matrix_compute/x_im_reg[3][5]_i_131/CO[3]
                         net (fo=1, unplaced)         0.000   148.213    u_mimo_detector_top/u_gram_matrix_compute/x_im_reg[3][5]_i_131_n_0
                         CARRY4 (Prop_carry4_CI_CO[3])
                                                      0.100   148.313 r  u_mimo_detector_top/u_gram_matrix_compute/x_im_reg[3][5]_i_121/CO[3]
                         net (fo=1, unplaced)         0.000   148.313    u_mimo_detector_top/u_gram_matrix_compute/x_im_reg[3][5]_i_121_n_0
                         CARRY4 (Prop_carry4_CI_CO[3])
                                                      0.100   148.413 r  u_mimo_detector_top/u_gram_matrix_compute/x_im_reg[3][5]_i_111/CO[3]
                         net (fo=1, unplaced)         0.000   148.413    u_mimo_detector_top/u_gram_matrix_compute/x_im_reg[3][5]_i_111_n_0
                         CARRY4 (Prop_carry4_CI_CO[3])
                                                      0.100   148.513 r  u_mimo_detector_top/u_gram_matrix_compute/x_im_reg[3][5]_i_101/CO[3]
                         net (fo=1, unplaced)         0.000   148.513    u_mimo_detector_top/u_gram_matrix_compute/x_im_reg[3][5]_i_101_n_0
                         CARRY4 (Prop_carry4_CI_CO[3])
                                                      0.100   148.613 r  u_mimo_detector_top/u_gram_matrix_compute/x_im_reg[3][5]_i_91/CO[3]
                         net (fo=1, unplaced)         0.000   148.613    u_mimo_detector_top/u_gram_matrix_compute/x_im_reg[3][5]_i_91_n_0
                         CARRY4 (Prop_carry4_CI_CO[3])
                                                      0.100   148.713 r  u_mimo_detector_top/u_gram_matrix_compute/x_im_reg[3][5]_i_81/CO[3]
                         net (fo=1, unplaced)         0.000   148.713    u_mimo_detector_top/u_gram_matrix_compute/x_im_reg[3][5]_i_81_n_0
                         CARRY4 (Prop_carry4_CI_CO[3])
                                                      0.100   148.813 r  u_mimo_detector_top/u_gram_matrix_compute/x_im_reg[3][5]_i_71/CO[3]
                         net (fo=1, unplaced)         0.000   148.813    u_mimo_detector_top/u_gram_matrix_compute/x_im_reg[3][5]_i_71_n_0
                         CARRY4 (Prop_carry4_CI_CO[3])
                                                      0.100   148.913 r  u_mimo_detector_top/u_gram_matrix_compute/x_im_reg[3][5]_i_61/CO[3]
                         net (fo=1, unplaced)         0.000   148.913    u_mimo_detector_top/u_gram_matrix_compute/x_im_reg[3][5]_i_61_n_0
                         CARRY4 (Prop_carry4_CI_CO[3])
                                                      0.100   149.013 r  u_mimo_detector_top/u_gram_matrix_compute/x_im_reg[3][5]_i_51/CO[3]
                         net (fo=1, unplaced)         0.000   149.013    u_mimo_detector_top/u_gram_matrix_compute/x_im_reg[3][5]_i_51_n_0
                         CARRY4 (Prop_carry4_CI_CO[3])
                                                      0.100   149.113 r  u_mimo_detector_top/u_gram_matrix_compute/x_im_reg[3][5]_i_41/CO[3]
                         net (fo=1, unplaced)         0.000   149.113    u_mimo_detector_top/u_gram_matrix_compute/x_im_reg[3][5]_i_41_n_0
                         CARRY4 (Prop_carry4_CI_CO[3])
                                                      0.100   149.213 r  u_mimo_detector_top/u_gram_matrix_compute/x_im_reg[3][5]_i_31/CO[3]
                         net (fo=1, unplaced)         0.000   149.213    u_mimo_detector_top/u_gram_matrix_compute/x_im_reg[3][5]_i_31_n_0
                         CARRY4 (Prop_carry4_CI_CO[3])
                                                      0.100   149.313 r  u_mimo_detector_top/u_gram_matrix_compute/x_im_reg[3][5]_i_21/CO[3]
                         net (fo=1, unplaced)         0.000   149.313    u_mimo_detector_top/u_gram_matrix_compute/x_im_reg[3][5]_i_21_n_0
                         CARRY4 (Prop_carry4_CI_CO[3])
                                                      0.100   149.413 r  u_mimo_detector_top/u_gram_matrix_compute/x_im_reg[3][5]_i_13/CO[3]
                         net (fo=1, unplaced)         0.000   149.413    u_mimo_detector_top/u_gram_matrix_compute/x_im_reg[3][5]_i_13_n_0
                         CARRY4 (Prop_carry4_CI_CO[1])
                                                      0.150   149.563 r  u_mimo_detector_top/u_gram_matrix_compute/x_im_reg[3][5]_i_7/CO[1]
                         net (fo=62, unplaced)        0.490   150.053    u_mimo_detector_top/u_gram_matrix_compute/x_im_reg[3][5]_i_7_n_2
                         CARRY4 (Prop_carry4_CYINIT_CO[3])
                                                      0.666   150.719 r  u_mimo_detector_top/u_gram_matrix_compute/x_im_reg[3][4]_i_152/CO[3]
                         net (fo=1, unplaced)         0.008   150.727    u_mimo_detector_top/u_gram_matrix_compute/x_im_reg[3][4]_i_152_n_0
                         CARRY4 (Prop_carry4_CI_CO[3])
                                                      0.100   150.827 r  u_mimo_detector_top/u_gram_matrix_compute/x_im_reg[3][4]_i_143/CO[3]
                         net (fo=1, unplaced)         0.000   150.827    u_mimo_detector_top/u_gram_matrix_compute/x_im_reg[3][4]_i_143_n_0
                         CARRY4 (Prop_carry4_CI_CO[3])
                                                      0.100   150.927 r  u_mimo_detector_top/u_gram_matrix_compute/x_im_reg[3][4]_i_133/CO[3]
                         net (fo=1, unplaced)         0.000   150.927    u_mimo_detector_top/u_gram_matrix_compute/x_im_reg[3][4]_i_133_n_0
                         CARRY4 (Prop_carry4_CI_CO[3])
                                                      0.100   151.027 r  u_mimo_detector_top/u_gram_matrix_compute/x_im_reg[3][4]_i_123/CO[3]
                         net (fo=1, unplaced)         0.000   151.027    u_mimo_detector_top/u_gram_matrix_compute/x_im_reg[3][4]_i_123_n_0
                         CARRY4 (Prop_carry4_CI_CO[3])
                                                      0.100   151.127 r  u_mimo_detector_top/u_gram_matrix_compute/x_im_reg[3][4]_i_113/CO[3]
                         net (fo=1, unplaced)         0.000   151.127    u_mimo_detector_top/u_gram_matrix_compute/x_im_reg[3][4]_i_113_n_0
                         CARRY4 (Prop_carry4_CI_CO[3])
                                                      0.100   151.227 r  u_mimo_detector_top/u_gram_matrix_compute/x_im_reg[3][4]_i_103/CO[3]
                         net (fo=1, unplaced)         0.000   151.227    u_mimo_detector_top/u_gram_matrix_compute/x_im_reg[3][4]_i_103_n_0
                         CARRY4 (Prop_carry4_CI_CO[3])
                                                      0.100   151.327 r  u_mimo_detector_top/u_gram_matrix_compute/x_im_reg[3][4]_i_93/CO[3]
                         net (fo=1, unplaced)         0.000   151.327    u_mimo_detector_top/u_gram_matrix_compute/x_im_reg[3][4]_i_93_n_0
                         CARRY4 (Prop_carry4_CI_CO[3])
                                                      0.100   151.427 r  u_mimo_detector_top/u_gram_matrix_compute/x_im_reg[3][4]_i_83/CO[3]
                         net (fo=1, unplaced)         0.000   151.427    u_mimo_detector_top/u_gram_matrix_compute/x_im_reg[3][4]_i_83_n_0
                         CARRY4 (Prop_carry4_CI_CO[3])
                                                      0.100   151.527 r  u_mimo_detector_top/u_gram_matrix_compute/x_im_reg[3][4]_i_73/CO[3]
                         net (fo=1, unplaced)         0.000   151.527    u_mimo_detector_top/u_gram_matrix_compute/x_im_reg[3][4]_i_73_n_0
                         CARRY4 (Prop_carry4_CI_CO[3])
                                                      0.100   151.627 r  u_mimo_detector_top/u_gram_matrix_compute/x_im_reg[3][4]_i_63/CO[3]
                         net (fo=1, unplaced)         0.000   151.627    u_mimo_detector_top/u_gram_matrix_compute/x_im_reg[3][4]_i_63_n_0
                         CARRY4 (Prop_carry4_CI_CO[3])
                                                      0.100   151.727 r  u_mimo_detector_top/u_gram_matrix_compute/x_im_reg[3][4]_i_53/CO[3]
                         net (fo=1, unplaced)         0.000   151.727    u_mimo_detector_top/u_gram_matrix_compute/x_im_reg[3][4]_i_53_n_0
                         CARRY4 (Prop_carry4_CI_CO[3])
                                                      0.100   151.827 r  u_mimo_detector_top/u_gram_matrix_compute/x_im_reg[3][4]_i_43/CO[3]
                         net (fo=1, unplaced)         0.000   151.827    u_mimo_detector_top/u_gram_matrix_compute/x_im_reg[3][4]_i_43_n_0
                         CARRY4 (Prop_carry4_CI_CO[3])
                                                      0.100   151.927 r  u_mimo_detector_top/u_gram_matrix_compute/x_im_reg[3][4]_i_33/CO[3]
                         net (fo=1, unplaced)         0.000   151.927    u_mimo_detector_top/u_gram_matrix_compute/x_im_reg[3][4]_i_33_n_0
                         CARRY4 (Prop_carry4_CI_CO[3])
                                                      0.100   152.027 r  u_mimo_detector_top/u_gram_matrix_compute/x_im_reg[3][4]_i_20/CO[3]
                         net (fo=1, unplaced)         0.000   152.027    u_mimo_detector_top/u_gram_matrix_compute/x_im_reg[3][4]_i_20_n_0
                         CARRY4 (Prop_carry4_CI_CO[1])
                                                      0.150   152.177 r  u_mimo_detector_top/u_gram_matrix_compute/x_im_reg[3][4]_i_13/CO[1]
                         net (fo=62, unplaced)        0.490   152.667    u_mimo_detector_top/u_gram_matrix_compute/x_im_reg[3][4]_i_13_n_2
                         CARRY4 (Prop_carry4_CYINIT_CO[3])
                                                      0.666   153.333 r  u_mimo_detector_top/u_gram_matrix_compute/x_im_reg[3][3]_i_140/CO[3]
                         net (fo=1, unplaced)         0.008   153.341    u_mimo_detector_top/u_gram_matrix_compute/x_im_reg[3][3]_i_140_n_0
                         CARRY4 (Prop_carry4_CI_CO[3])
                                                      0.100   153.441 r  u_mimo_detector_top/u_gram_matrix_compute/x_im_reg[3][3]_i_131/CO[3]
                         net (fo=1, unplaced)         0.000   153.441    u_mimo_detector_top/u_gram_matrix_compute/x_im_reg[3][3]_i_131_n_0
                         CARRY4 (Prop_carry4_CI_CO[3])
                                                      0.100   153.541 r  u_mimo_detector_top/u_gram_matrix_compute/x_im_reg[3][3]_i_121/CO[3]
                         net (fo=1, unplaced)         0.000   153.541    u_mimo_detector_top/u_gram_matrix_compute/x_im_reg[3][3]_i_121_n_0
                         CARRY4 (Prop_carry4_CI_CO[3])
                                                      0.100   153.641 r  u_mimo_detector_top/u_gram_matrix_compute/x_im_reg[3][3]_i_111/CO[3]
                         net (fo=1, unplaced)         0.000   153.641    u_mimo_detector_top/u_gram_matrix_compute/x_im_reg[3][3]_i_111_n_0
                         CARRY4 (Prop_carry4_CI_CO[3])
                                                      0.100   153.741 r  u_mimo_detector_top/u_gram_matrix_compute/x_im_reg[3][3]_i_101/CO[3]
                         net (fo=1, unplaced)         0.000   153.741    u_mimo_detector_top/u_gram_matrix_compute/x_im_reg[3][3]_i_101_n_0
                         CARRY4 (Prop_carry4_CI_CO[3])
                                                      0.100   153.841 r  u_mimo_detector_top/u_gram_matrix_compute/x_im_reg[3][3]_i_91/CO[3]
                         net (fo=1, unplaced)         0.000   153.841    u_mimo_detector_top/u_gram_matrix_compute/x_im_reg[3][3]_i_91_n_0
                         CARRY4 (Prop_carry4_CI_CO[3])
                                                      0.100   153.941 r  u_mimo_detector_top/u_gram_matrix_compute/x_im_reg[3][3]_i_81/CO[3]
                         net (fo=1, unplaced)         0.000   153.941    u_mimo_detector_top/u_gram_matrix_compute/x_im_reg[3][3]_i_81_n_0
                         CARRY4 (Prop_carry4_CI_CO[3])
                                                      0.100   154.041 r  u_mimo_detector_top/u_gram_matrix_compute/x_im_reg[3][3]_i_71/CO[3]
                         net (fo=1, unplaced)         0.000   154.041    u_mimo_detector_top/u_gram_matrix_compute/x_im_reg[3][3]_i_71_n_0
                         CARRY4 (Prop_carry4_CI_CO[3])
                                                      0.100   154.141 r  u_mimo_detector_top/u_gram_matrix_compute/x_im_reg[3][3]_i_61/CO[3]
                         net (fo=1, unplaced)         0.000   154.141    u_mimo_detector_top/u_gram_matrix_compute/x_im_reg[3][3]_i_61_n_0
                         CARRY4 (Prop_carry4_CI_CO[3])
                                                      0.100   154.241 r  u_mimo_detector_top/u_gram_matrix_compute/x_im_reg[3][3]_i_51/CO[3]
                         net (fo=1, unplaced)         0.000   154.241    u_mimo_detector_top/u_gram_matrix_compute/x_im_reg[3][3]_i_51_n_0
                         CARRY4 (Prop_carry4_CI_CO[3])
                                                      0.100   154.341 r  u_mimo_detector_top/u_gram_matrix_compute/x_im_reg[3][3]_i_41/CO[3]
                         net (fo=1, unplaced)         0.000   154.341    u_mimo_detector_top/u_gram_matrix_compute/x_im_reg[3][3]_i_41_n_0
                         CARRY4 (Prop_carry4_CI_CO[3])
                                                      0.100   154.441 r  u_mimo_detector_top/u_gram_matrix_compute/x_im_reg[3][3]_i_31/CO[3]
                         net (fo=1, unplaced)         0.000   154.441    u_mimo_detector_top/u_gram_matrix_compute/x_im_reg[3][3]_i_31_n_0
                         CARRY4 (Prop_carry4_CI_CO[3])
                                                      0.100   154.541 r  u_mimo_detector_top/u_gram_matrix_compute/x_im_reg[3][3]_i_21/CO[3]
                         net (fo=1, unplaced)         0.000   154.541    u_mimo_detector_top/u_gram_matrix_compute/x_im_reg[3][3]_i_21_n_0
                         CARRY4 (Prop_carry4_CI_CO[3])
                                                      0.100   154.641 r  u_mimo_detector_top/u_gram_matrix_compute/x_im_reg[3][3]_i_13/CO[3]
                         net (fo=1, unplaced)         0.000   154.641    u_mimo_detector_top/u_gram_matrix_compute/x_im_reg[3][3]_i_13_n_0
                         CARRY4 (Prop_carry4_CI_CO[1])
                                                      0.150   154.791 r  u_mimo_detector_top/u_gram_matrix_compute/x_im_reg[3][3]_i_7/CO[1]
                         net (fo=62, unplaced)        0.490   155.281    u_mimo_detector_top/u_gram_matrix_compute/x_im_reg[3][3]_i_7_n_2
                         CARRY4 (Prop_carry4_CYINIT_CO[3])
                                                      0.666   155.947 r  u_mimo_detector_top/u_gram_matrix_compute/x_im_reg[3][2]_i_140/CO[3]
                         net (fo=1, unplaced)         0.008   155.955    u_mimo_detector_top/u_gram_matrix_compute/x_im_reg[3][2]_i_140_n_0
                         CARRY4 (Prop_carry4_CI_CO[3])
                                                      0.100   156.055 r  u_mimo_detector_top/u_gram_matrix_compute/x_im_reg[3][2]_i_131/CO[3]
                         net (fo=1, unplaced)         0.000   156.055    u_mimo_detector_top/u_gram_matrix_compute/x_im_reg[3][2]_i_131_n_0
                         CARRY4 (Prop_carry4_CI_CO[3])
                                                      0.100   156.155 r  u_mimo_detector_top/u_gram_matrix_compute/x_im_reg[3][2]_i_121/CO[3]
                         net (fo=1, unplaced)         0.000   156.155    u_mimo_detector_top/u_gram_matrix_compute/x_im_reg[3][2]_i_121_n_0
                         CARRY4 (Prop_carry4_CI_CO[3])
                                                      0.100   156.255 r  u_mimo_detector_top/u_gram_matrix_compute/x_im_reg[3][2]_i_111/CO[3]
                         net (fo=1, unplaced)         0.000   156.255    u_mimo_detector_top/u_gram_matrix_compute/x_im_reg[3][2]_i_111_n_0
                         CARRY4 (Prop_carry4_CI_CO[3])
                                                      0.100   156.355 r  u_mimo_detector_top/u_gram_matrix_compute/x_im_reg[3][2]_i_101/CO[3]
                         net (fo=1, unplaced)         0.000   156.355    u_mimo_detector_top/u_gram_matrix_compute/x_im_reg[3][2]_i_101_n_0
                         CARRY4 (Prop_carry4_CI_CO[3])
                                                      0.100   156.455 r  u_mimo_detector_top/u_gram_matrix_compute/x_im_reg[3][2]_i_91/CO[3]
                         net (fo=1, unplaced)         0.000   156.455    u_mimo_detector_top/u_gram_matrix_compute/x_im_reg[3][2]_i_91_n_0
                         CARRY4 (Prop_carry4_CI_CO[3])
                                                      0.100   156.555 r  u_mimo_detector_top/u_gram_matrix_compute/x_im_reg[3][2]_i_81/CO[3]
                         net (fo=1, unplaced)         0.000   156.555    u_mimo_detector_top/u_gram_matrix_compute/x_im_reg[3][2]_i_81_n_0
                         CARRY4 (Prop_carry4_CI_CO[3])
                                                      0.100   156.655 r  u_mimo_detector_top/u_gram_matrix_compute/x_im_reg[3][2]_i_71/CO[3]
                         net (fo=1, unplaced)         0.000   156.655    u_mimo_detector_top/u_gram_matrix_compute/x_im_reg[3][2]_i_71_n_0
                         CARRY4 (Prop_carry4_CI_CO[3])
                                                      0.100   156.755 r  u_mimo_detector_top/u_gram_matrix_compute/x_im_reg[3][2]_i_61/CO[3]
                         net (fo=1, unplaced)         0.000   156.755    u_mimo_detector_top/u_gram_matrix_compute/x_im_reg[3][2]_i_61_n_0
                         CARRY4 (Prop_carry4_CI_CO[3])
                                                      0.100   156.855 r  u_mimo_detector_top/u_gram_matrix_compute/x_im_reg[3][2]_i_51/CO[3]
                         net (fo=1, unplaced)         0.000   156.855    u_mimo_detector_top/u_gram_matrix_compute/x_im_reg[3][2]_i_51_n_0
                         CARRY4 (Prop_carry4_CI_CO[3])
                                                      0.100   156.955 r  u_mimo_detector_top/u_gram_matrix_compute/x_im_reg[3][2]_i_41/CO[3]
                         net (fo=1, unplaced)         0.000   156.955    u_mimo_detector_top/u_gram_matrix_compute/x_im_reg[3][2]_i_41_n_0
                         CARRY4 (Prop_carry4_CI_CO[3])
                                                      0.100   157.055 r  u_mimo_detector_top/u_gram_matrix_compute/x_im_reg[3][2]_i_31/CO[3]
                         net (fo=1, unplaced)         0.000   157.055    u_mimo_detector_top/u_gram_matrix_compute/x_im_reg[3][2]_i_31_n_0
                         CARRY4 (Prop_carry4_CI_CO[3])
                                                      0.100   157.155 r  u_mimo_detector_top/u_gram_matrix_compute/x_im_reg[3][2]_i_21/CO[3]
                         net (fo=1, unplaced)         0.000   157.155    u_mimo_detector_top/u_gram_matrix_compute/x_im_reg[3][2]_i_21_n_0
                         CARRY4 (Prop_carry4_CI_CO[3])
                                                      0.100   157.255 r  u_mimo_detector_top/u_gram_matrix_compute/x_im_reg[3][2]_i_13/CO[3]
                         net (fo=1, unplaced)         0.000   157.255    u_mimo_detector_top/u_gram_matrix_compute/x_im_reg[3][2]_i_13_n_0
                         CARRY4 (Prop_carry4_CI_CO[1])
                                                      0.150   157.405 r  u_mimo_detector_top/u_gram_matrix_compute/x_im_reg[3][2]_i_7/CO[1]
                         net (fo=62, unplaced)        0.490   157.895    u_mimo_detector_top/u_gram_matrix_compute/x_im_reg[3][2]_i_7_n_2
                         CARRY4 (Prop_carry4_CYINIT_CO[3])
                                                      0.666   158.561 r  u_mimo_detector_top/u_gram_matrix_compute/x_im_reg[3][1]_i_140/CO[3]
                         net (fo=1, unplaced)         0.008   158.569    u_mimo_detector_top/u_gram_matrix_compute/x_im_reg[3][1]_i_140_n_0
                         CARRY4 (Prop_carry4_CI_CO[3])
                                                      0.100   158.669 r  u_mimo_detector_top/u_gram_matrix_compute/x_im_reg[3][1]_i_131/CO[3]
                         net (fo=1, unplaced)         0.000   158.669    u_mimo_detector_top/u_gram_matrix_compute/x_im_reg[3][1]_i_131_n_0
                         CARRY4 (Prop_carry4_CI_CO[3])
                                                      0.100   158.769 r  u_mimo_detector_top/u_gram_matrix_compute/x_im_reg[3][1]_i_121/CO[3]
                         net (fo=1, unplaced)         0.000   158.769    u_mimo_detector_top/u_gram_matrix_compute/x_im_reg[3][1]_i_121_n_0
                         CARRY4 (Prop_carry4_CI_CO[3])
                                                      0.100   158.869 r  u_mimo_detector_top/u_gram_matrix_compute/x_im_reg[3][1]_i_111/CO[3]
                         net (fo=1, unplaced)         0.000   158.869    u_mimo_detector_top/u_gram_matrix_compute/x_im_reg[3][1]_i_111_n_0
                         CARRY4 (Prop_carry4_CI_CO[3])
                                                      0.100   158.969 r  u_mimo_detector_top/u_gram_matrix_compute/x_im_reg[3][1]_i_101/CO[3]
                         net (fo=1, unplaced)         0.000   158.969    u_mimo_detector_top/u_gram_matrix_compute/x_im_reg[3][1]_i_101_n_0
                         CARRY4 (Prop_carry4_CI_CO[3])
                                                      0.100   159.069 r  u_mimo_detector_top/u_gram_matrix_compute/x_im_reg[3][1]_i_91/CO[3]
                         net (fo=1, unplaced)         0.000   159.069    u_mimo_detector_top/u_gram_matrix_compute/x_im_reg[3][1]_i_91_n_0
                         CARRY4 (Prop_carry4_CI_CO[3])
                                                      0.100   159.169 r  u_mimo_detector_top/u_gram_matrix_compute/x_im_reg[3][1]_i_81/CO[3]
                         net (fo=1, unplaced)         0.000   159.169    u_mimo_detector_top/u_gram_matrix_compute/x_im_reg[3][1]_i_81_n_0
                         CARRY4 (Prop_carry4_CI_CO[3])
                                                      0.100   159.269 r  u_mimo_detector_top/u_gram_matrix_compute/x_im_reg[3][1]_i_71/CO[3]
                         net (fo=1, unplaced)         0.000   159.269    u_mimo_detector_top/u_gram_matrix_compute/x_im_reg[3][1]_i_71_n_0
                         CARRY4 (Prop_carry4_CI_CO[3])
                                                      0.100   159.369 r  u_mimo_detector_top/u_gram_matrix_compute/x_im_reg[3][1]_i_61/CO[3]
                         net (fo=1, unplaced)         0.000   159.369    u_mimo_detector_top/u_gram_matrix_compute/x_im_reg[3][1]_i_61_n_0
                         CARRY4 (Prop_carry4_CI_CO[3])
                                                      0.100   159.469 r  u_mimo_detector_top/u_gram_matrix_compute/x_im_reg[3][1]_i_51/CO[3]
                         net (fo=1, unplaced)         0.000   159.469    u_mimo_detector_top/u_gram_matrix_compute/x_im_reg[3][1]_i_51_n_0
                         CARRY4 (Prop_carry4_CI_CO[3])
                                                      0.100   159.569 r  u_mimo_detector_top/u_gram_matrix_compute/x_im_reg[3][1]_i_41/CO[3]
                         net (fo=1, unplaced)         0.000   159.569    u_mimo_detector_top/u_gram_matrix_compute/x_im_reg[3][1]_i_41_n_0
                         CARRY4 (Prop_carry4_CI_CO[3])
                                                      0.100   159.669 r  u_mimo_detector_top/u_gram_matrix_compute/x_im_reg[3][1]_i_31/CO[3]
                         net (fo=1, unplaced)         0.000   159.669    u_mimo_detector_top/u_gram_matrix_compute/x_im_reg[3][1]_i_31_n_0
                         CARRY4 (Prop_carry4_CI_CO[3])
                                                      0.100   159.769 r  u_mimo_detector_top/u_gram_matrix_compute/x_im_reg[3][1]_i_21/CO[3]
                         net (fo=1, unplaced)         0.000   159.769    u_mimo_detector_top/u_gram_matrix_compute/x_im_reg[3][1]_i_21_n_0
                         CARRY4 (Prop_carry4_CI_CO[3])
                                                      0.100   159.869 r  u_mimo_detector_top/u_gram_matrix_compute/x_im_reg[3][1]_i_13/CO[3]
                         net (fo=1, unplaced)         0.000   159.869    u_mimo_detector_top/u_gram_matrix_compute/x_im_reg[3][1]_i_13_n_0
                         CARRY4 (Prop_carry4_CI_CO[1])
                                                      0.150   160.019 r  u_mimo_detector_top/u_gram_matrix_compute/x_im_reg[3][1]_i_7/CO[1]
                         net (fo=62, unplaced)        0.490   160.509    u_mimo_detector_top/u_gram_matrix_compute/x_im_reg[3][1]_i_7_n_2
                         CARRY4 (Prop_carry4_CYINIT_CO[3])
                                                      0.666   161.175 r  u_mimo_detector_top/u_gram_matrix_compute/x_im_reg[3][0]_i_133/CO[3]
                         net (fo=1, unplaced)         0.008   161.183    u_mimo_detector_top/u_gram_matrix_compute/x_im_reg[3][0]_i_133_n_0
                         CARRY4 (Prop_carry4_CI_CO[3])
                                                      0.100   161.283 r  u_mimo_detector_top/u_gram_matrix_compute/x_im_reg[3][0]_i_123/CO[3]
                         net (fo=1, unplaced)         0.000   161.283    u_mimo_detector_top/u_gram_matrix_compute/x_im_reg[3][0]_i_123_n_0
                         CARRY4 (Prop_carry4_CI_CO[3])
                                                      0.100   161.383 r  u_mimo_detector_top/u_gram_matrix_compute/x_im_reg[3][0]_i_113/CO[3]
                         net (fo=1, unplaced)         0.000   161.383    u_mimo_detector_top/u_gram_matrix_compute/x_im_reg[3][0]_i_113_n_0
                         CARRY4 (Prop_carry4_CI_CO[3])
                                                      0.100   161.483 r  u_mimo_detector_top/u_gram_matrix_compute/x_im_reg[3][0]_i_103/CO[3]
                         net (fo=1, unplaced)         0.000   161.483    u_mimo_detector_top/u_gram_matrix_compute/x_im_reg[3][0]_i_103_n_0
                         CARRY4 (Prop_carry4_CI_CO[3])
                                                      0.100   161.583 r  u_mimo_detector_top/u_gram_matrix_compute/x_im_reg[3][0]_i_93/CO[3]
                         net (fo=1, unplaced)         0.000   161.583    u_mimo_detector_top/u_gram_matrix_compute/x_im_reg[3][0]_i_93_n_0
                         CARRY4 (Prop_carry4_CI_CO[3])
                                                      0.100   161.683 r  u_mimo_detector_top/u_gram_matrix_compute/x_im_reg[3][0]_i_83/CO[3]
                         net (fo=1, unplaced)         0.000   161.683    u_mimo_detector_top/u_gram_matrix_compute/x_im_reg[3][0]_i_83_n_0
                         CARRY4 (Prop_carry4_CI_CO[3])
                                                      0.100   161.783 r  u_mimo_detector_top/u_gram_matrix_compute/x_im_reg[3][0]_i_73/CO[3]
                         net (fo=1, unplaced)         0.000   161.783    u_mimo_detector_top/u_gram_matrix_compute/x_im_reg[3][0]_i_73_n_0
                         CARRY4 (Prop_carry4_CI_CO[3])
                                                      0.100   161.883 r  u_mimo_detector_top/u_gram_matrix_compute/x_im_reg[3][0]_i_63/CO[3]
                         net (fo=1, unplaced)         0.000   161.883    u_mimo_detector_top/u_gram_matrix_compute/x_im_reg[3][0]_i_63_n_0
                         CARRY4 (Prop_carry4_CI_CO[3])
                                                      0.100   161.983 r  u_mimo_detector_top/u_gram_matrix_compute/x_im_reg[3][0]_i_53/CO[3]
                         net (fo=1, unplaced)         0.000   161.983    u_mimo_detector_top/u_gram_matrix_compute/x_im_reg[3][0]_i_53_n_0
                         CARRY4 (Prop_carry4_CI_CO[3])
                                                      0.100   162.083 r  u_mimo_detector_top/u_gram_matrix_compute/x_im_reg[3][0]_i_43/CO[3]
                         net (fo=1, unplaced)         0.000   162.083    u_mimo_detector_top/u_gram_matrix_compute/x_im_reg[3][0]_i_43_n_0
                         CARRY4 (Prop_carry4_CI_CO[3])
                                                      0.100   162.183 r  u_mimo_detector_top/u_gram_matrix_compute/x_im_reg[3][0]_i_33/CO[3]
                         net (fo=1, unplaced)         0.000   162.183    u_mimo_detector_top/u_gram_matrix_compute/x_im_reg[3][0]_i_33_n_0
                         CARRY4 (Prop_carry4_CI_CO[3])
                                                      0.100   162.283 r  u_mimo_detector_top/u_gram_matrix_compute/x_im_reg[3][0]_i_23/CO[3]
                         net (fo=1, unplaced)         0.000   162.283    u_mimo_detector_top/u_gram_matrix_compute/x_im_reg[3][0]_i_23_n_0
                         CARRY4 (Prop_carry4_CI_CO[3])
                                                      0.100   162.383 r  u_mimo_detector_top/u_gram_matrix_compute/x_im_reg[3][0]_i_13/CO[3]
                         net (fo=1, unplaced)         0.000   162.383    u_mimo_detector_top/u_gram_matrix_compute/x_im_reg[3][0]_i_13_n_0
                         CARRY4 (Prop_carry4_CI_CO[3])
                                                      0.100   162.483 r  u_mimo_detector_top/u_gram_matrix_compute/x_im_reg[3][0]_i_6/CO[3]
                         net (fo=1, unplaced)         0.000   162.483    u_mimo_detector_top/u_gram_matrix_compute/x_im_reg[3][0]_i_6_n_0
                         CARRY4 (Prop_carry4_CI_CO[0])
                                                      0.238   162.721 f  u_mimo_detector_top/u_gram_matrix_compute/x_im_reg[3][0]_i_3/CO[0]
                         net (fo=5, unplaced)         0.268   162.989    u_mimo_detector_top/u_gram_matrix_compute/x_im_reg[3][0]_i_3_n_3
                         LUT1 (Prop_lut1_I0_O)        0.297   163.286 r  u_mimo_detector_top/u_gram_matrix_compute/x_im[3][4]_i_23/O
                         net (fo=1, unplaced)         0.258   163.544    u_mimo_detector_top/u_gram_matrix_compute/x_im[3][4]_i_23_n_0
                         CARRY4 (Prop_carry4_CYINIT_CO[3])
                                                      0.494   164.038 r  u_mimo_detector_top/u_gram_matrix_compute/x_im_reg[3][4]_i_14/CO[3]
                         net (fo=1, unplaced)         0.008   164.046    u_mimo_detector_top/u_gram_matrix_compute/x_im_reg[3][4]_i_14_n_0
                         CARRY4 (Prop_carry4_CI_CO[3])
                                                      0.100   164.146 r  u_mimo_detector_top/u_gram_matrix_compute/x_im_reg[3][8]_i_13/CO[3]
                         net (fo=1, unplaced)         0.000   164.146    u_mimo_detector_top/u_gram_matrix_compute/x_im_reg[3][8]_i_13_n_0
                         CARRY4 (Prop_carry4_CI_CO[3])
                                                      0.100   164.246 r  u_mimo_detector_top/u_gram_matrix_compute/x_im_reg[3][12]_i_13/CO[3]
                         net (fo=1, unplaced)         0.000   164.246    u_mimo_detector_top/u_gram_matrix_compute/x_im_reg[3][12]_i_13_n_0
                         CARRY4 (Prop_carry4_CI_CO[3])
                                                      0.100   164.346 r  u_mimo_detector_top/u_gram_matrix_compute/x_im_reg[3][16]_i_13/CO[3]
                         net (fo=1, unplaced)         0.000   164.346    u_mimo_detector_top/u_gram_matrix_compute/x_im_reg[3][16]_i_13_n_0
                         CARRY4 (Prop_carry4_CI_O[3])
                                                      0.277   164.623 r  u_mimo_detector_top/u_gram_matrix_compute/x_im_reg[3][20]_i_13/O[3]
                         net (fo=1, unplaced)         0.519   165.142    u_mimo_detector_top/u_gram_matrix_compute/x_im_reg[3][20]_i_13_n_4
                         LUT6 (Prop_lut6_I5_O)        0.250   165.392 r  u_mimo_detector_top/u_gram_matrix_compute/x_im[3][20]_i_4/O
                         net (fo=4, unplaced)         0.371   165.763    u_mimo_detector_top/u_gram_matrix_compute/x_im[3][20]_i_4_n_0
                         LUT6 (Prop_lut6_I4_O)        0.105   165.868 r  u_mimo_detector_top/u_gram_matrix_compute/x_im[0][20]_i_1/O
                         net (fo=1, unplaced)         0.000   165.868    u_mimo_detector_top/u_gs_solver/x_im_reg[0][21]_1[20]
                         FDCE                                         r  u_mimo_detector_top/u_gs_solver/x_im_reg[0][20]/D
  -------------------------------------------------------------------    -------------------

                         (clock clk rise edge)       10.000    10.000 r  
                                                      0.000    10.000 r  clk (IN)
                         net (fo=0)                   0.000    10.000    clk
                         IBUF (Prop_ibuf_I_O)         0.745    10.745 r  clk_IBUF_inst/O
                         net (fo=1, unplaced)         0.613    11.359    clk_IBUF
                         BUFG (Prop_bufg_I_O)         0.077    11.436 r  clk_IBUF_BUFG_inst/O
                         net (fo=372, unplaced)       0.439    11.875    u_mimo_detector_top/u_gs_solver/clk_IBUF_BUFG
                         FDCE                                         r  u_mimo_detector_top/u_gs_solver/x_im_reg[0][20]/C
                         clock pessimism              0.167    12.042    
                         clock uncertainty           -0.035    12.006    
                         FDCE (Setup_fdce_C_D)        0.029    12.035    u_mimo_detector_top/u_gs_solver/x_im_reg[0][20]
  -------------------------------------------------------------------
                         required time                         12.035    
                         arrival time                        -165.868    
  -------------------------------------------------------------------
                         slack                               -153.833    





Min Delay Paths
--------------------------------------------------------------------------------------
Slack (MET) :             0.122ns  (arrival time - required time)
  Source:                 u_mimo_detector_top/u_gs_solver/x_im_reg[3][0]/C
                            (rising edge-triggered cell FDCE clocked by clk  {rise@0.000ns fall@5.000ns period=10.000ns})
  Destination:            u_mimo_detector_top/u_gs_solver/x_old_im_reg[3][0]/D
                            (rising edge-triggered cell FDCE clocked by clk  {rise@0.000ns fall@5.000ns period=10.000ns})
  Path Group:             clk
  Path Type:              Hold (Min at Fast Process Corner)
  Requirement:            0.000ns  (clk rise@0.000ns - clk rise@0.000ns)
  Data Path Delay:        0.358ns  (logic 0.239ns (66.757%)  route 0.119ns (33.243%))
  Logic Levels:           1  (LUT2=1)
  Clock Path Skew:        0.145ns (DCD - SCD - CPR)
    Destination Clock Delay (DCD):    0.987ns
    Source Clock Delay      (SCD):    0.633ns
    Clock Pessimism Removal (CPR):    0.208ns

    Location             Delay type                Incr(ns)  Path(ns)    Netlist Resource(s)
  -------------------------------------------------------------------    -------------------
                         (clock clk rise edge)        0.000     0.000 r  
                                                      0.000     0.000 r  clk (IN)
                         net (fo=0)                   0.000     0.000    clk
                         IBUF (Prop_ibuf_I_O)         0.173     0.173 r  clk_IBUF_inst/O
                         net (fo=1, unplaced)         0.320     0.493    clk_IBUF
                         BUFG (Prop_bufg_I_O)         0.026     0.519 r  clk_IBUF_BUFG_inst/O
                         net (fo=372, unplaced)       0.114     0.633    u_mimo_detector_top/u_gs_solver/clk_IBUF_BUFG
                         FDCE                                         r  u_mimo_detector_top/u_gs_solver/x_im_reg[3][0]/C
  -------------------------------------------------------------------    -------------------
                         FDCE (Prop_fdce_C_Q)         0.141     0.774 r  u_mimo_detector_top/u_gs_solver/x_im_reg[3][0]/Q
                         net (fo=1, unplaced)         0.119     0.893    u_mimo_detector_top/u_gs_solver/x_im_reg_n_0_[3][0]
                         LUT2 (Prop_lut2_I1_O)        0.098     0.991 r  u_mimo_detector_top/u_gs_solver/x_old_im[3][0]_i_1/O
                         net (fo=1, unplaced)         0.000     0.991    u_mimo_detector_top/u_gs_solver/x_old_im[3][0]_i_1_n_0
                         FDCE                                         r  u_mimo_detector_top/u_gs_solver/x_old_im_reg[3][0]/D
  -------------------------------------------------------------------    -------------------

                         (clock clk rise edge)        0.000     0.000 r  
                                                      0.000     0.000 r  clk (IN)
                         net (fo=0)                   0.000     0.000    clk
                         IBUF (Prop_ibuf_I_O)         0.362     0.362 r  clk_IBUF_inst/O
                         net (fo=1, unplaced)         0.337     0.699    clk_IBUF
                         BUFG (Prop_bufg_I_O)         0.029     0.728 r  clk_IBUF_BUFG_inst/O
                         net (fo=372, unplaced)       0.259     0.987    u_mimo_detector_top/u_gs_solver/clk_IBUF_BUFG
                         FDCE                                         r  u_mimo_detector_top/u_gs_solver/x_old_im_reg[3][0]/C
                         clock pessimism             -0.208     0.778    
                         FDCE (Hold_fdce_C_D)         0.091     0.869    u_mimo_detector_top/u_gs_solver/x_old_im_reg[3][0]
  -------------------------------------------------------------------
                         required time                         -0.869    
                         arrival time                           0.991    
  -------------------------------------------------------------------
                         slack                                  0.122    





Pulse Width Checks
--------------------------------------------------------------------------------------
Clock Name:         clk
Waveform(ns):       { 0.000 5.000 }
Period(ns):         10.000
Sources:            { clk }

Check Type        Corner  Lib Pin  Reference Pin  Required(ns)  Actual(ns)  Slack(ns)  Location  Pin
Min Period        n/a     BUFG/I   n/a            1.592         10.000      8.408                clk_IBUF_BUFG_inst/I
Low Pulse Width   Slow    FDPE/C   n/a            0.500         5.000       4.500                u_mimo_detector_top/u_gs_solver/FSM_onehot_state_reg[0]/C
High Pulse Width  Slow    FDPE/C   n/a            0.500         5.000       4.500                u_mimo_detector_top/u_gs_solver/FSM_onehot_state_reg[0]/C



