Copyright 1986-2022 Xilinx, Inc. All Rights Reserved. Copyright 2022-2025 Advanced Micro Devices, Inc. All Rights Reserved.
---------------------------------------------------------------------------------------------------------------------------------------------
| Tool Version : Vivado v.2025.2 (win64) Build 6299465 Fri Nov 14 19:35:11 GMT 2025
| Date         : Fri Jun  5 16:02:09 2026
| Host         : Nevgi running 64-bit major release  (build 9200)
| Command      : report_timing_summary -file C:/fpga_projects/adaptive-gs-mimo-detector/syn/reports/timing_summary.rpt
| Design       : mimo_detector_top_synth_wrapper
| Device       : 7a200t-fbg484
| Speed File   : -2  PRODUCTION 1.23 2018-06-13
| Design State : Fully Placed
---------------------------------------------------------------------------------------------------------------------------------------------

Timing Summary Report

------------------------------------------------------------------------------------------------
| Timer Settings
| --------------
------------------------------------------------------------------------------------------------

  Enable Multi Corner Analysis               :  Yes
  Enable Pessimism Removal                   :  Yes
  Pessimism Removal Resolution               :  Nearest Common Node
  Enable Input Delay Default Clock           :  No
  Enable Preset / Clear Arcs                 :  No
  Disable Flight Delays                      :  No
  Ignore I/O Paths                           :  No
  Timing Early Launch at Borrowing Latches   :  No
  Borrow Time for Max Delay Exceptions       :  Yes
  Merge Timing Exceptions                    :  Yes
  Inter-SLR Compensation                     :  Conservative

  Corner  Analyze    Analyze    
  Name    Max Paths  Min Paths  
  ------  ---------  ---------  
  Slow    Yes        Yes        
  Fast    Yes        Yes        


------------------------------------------------------------------------------------------------
| Report Methodology
| ------------------
------------------------------------------------------------------------------------------------

No report available as report_methodology has not been run prior. Run report_methodology on the current design for the summary of methodology violations.



check_timing report

Table of Contents
-----------------
1. checking no_clock (0)
2. checking constant_clock (0)
3. checking pulse_width_clock (0)
4. checking unconstrained_internal_endpoints (0)
5. checking no_input_delay (664)
6. checking no_output_delay (137)
7. checking multiple_clock (0)
8. checking generated_clocks (0)
9. checking loops (0)
10. checking partial_input_delay (0)
11. checking partial_output_delay (0)
12. checking latch_loops (0)

1. checking no_clock (0)
------------------------
 There are 0 register/latch pins with no clock.


2. checking constant_clock (0)
------------------------------
 There are 0 register/latch pins with constant_clock.


3. checking pulse_width_clock (0)
---------------------------------
 There are 0 register/latch pins which need pulse_width check


4. checking unconstrained_internal_endpoints (0)
------------------------------------------------
 There are 0 pins that are not constrained for maximum delay.

 There are 0 pins that are not constrained for maximum delay due to constant clock.


5. checking no_input_delay (664)
--------------------------------
 There are 664 input ports with no input delay specified. (HIGH)

 There are 0 input ports with no input delay but user has a false path constraint.


6. checking no_output_delay (137)
---------------------------------
 There are 137 ports with no output delay specified. (HIGH)

 There are 0 ports with no output delay but user has a false path constraint

 There are 0 ports with no output delay but with a timing clock defined on it or propagating through it


7. checking multiple_clock (0)
------------------------------
 There are 0 register/latch pins with multiple clocks.


8. checking generated_clocks (0)
--------------------------------
 There are 0 generated clocks that are not connected to a clock source.


9. checking loops (0)
---------------------
 There are 0 combinational loops in the design.


10. checking partial_input_delay (0)
------------------------------------
 There are 0 input ports with partial input delay specified.


11. checking partial_output_delay (0)
-------------------------------------
 There are 0 ports with partial output delay specified.


12. checking latch_loops (0)
----------------------------
 There are 0 combinational latch loops in the design through latch input



------------------------------------------------------------------------------------------------
| Design Timing Summary
| ---------------------
------------------------------------------------------------------------------------------------

    WNS(ns)      TNS(ns)  TNS Failing Endpoints  TNS Total Endpoints      WHS(ns)      THS(ns)  THS Failing Endpoints  THS Total Endpoints     WPWS(ns)     TPWS(ns)  TPWS Failing Endpoints  TPWS Total Endpoints  
    -------      -------  ---------------------  -------------------      -------      -------  ---------------------  -------------------     --------     --------  ----------------------  --------------------  
   -153.837   -26898.326                    176                  743        0.112        0.000                      0                  743        4.500        0.000                       0                   373  


Timing constraints are not met.


------------------------------------------------------------------------------------------------
| Clock Summary
| -------------
------------------------------------------------------------------------------------------------

Clock  Waveform(ns)       Period(ns)      Frequency(MHz)
-----  ------------       ----------      --------------
clk    {0.000 5.000}      10.000          100.000         


------------------------------------------------------------------------------------------------
| Intra Clock Table
| -----------------
------------------------------------------------------------------------------------------------

Clock             WNS(ns)      TNS(ns)  TNS Failing Endpoints  TNS Total Endpoints      WHS(ns)      THS(ns)  THS Failing Endpoints  THS Total Endpoints     WPWS(ns)     TPWS(ns)  TPWS Failing Endpoints  TPWS Total Endpoints  
-----             -------      -------  ---------------------  -------------------      -------      -------  ---------------------  -------------------     --------     --------  ----------------------  --------------------  
clk              -153.837   -26898.326                    176                  743        0.112        0.000                      0                  743        4.500        0.000                       0                   373  


------------------------------------------------------------------------------------------------
| Inter Clock Table
| -----------------
------------------------------------------------------------------------------------------------

From Clock    To Clock          WNS(ns)      TNS(ns)  TNS Failing Endpoints  TNS Total Endpoints      WHS(ns)      THS(ns)  THS Failing Endpoints  THS Total Endpoints  
----------    --------          -------      -------  ---------------------  -------------------      -------      -------  ---------------------  -------------------  


------------------------------------------------------------------------------------------------
| Other Path Groups Table
| -----------------------
------------------------------------------------------------------------------------------------

Path Group    From Clock    To Clock          WNS(ns)      TNS(ns)  TNS Failing Endpoints  TNS Total Endpoints      WHS(ns)      THS(ns)  THS Failing Endpoints  THS Total Endpoints  
----------    ----------    --------          -------      -------  ---------------------  -------------------      -------      -------  ---------------------  -------------------  


------------------------------------------------------------------------------------------------
| Timing Details
| --------------
------------------------------------------------------------------------------------------------


---------------------------------------------------------------------------------------------------
From Clock:  clk
  To Clock:  clk

Setup :          176  Failing Endpoints,  Worst Slack     -153.837ns,  Total Violation   -26898.326ns
Hold  :            0  Failing Endpoints,  Worst Slack        0.112ns,  Total Violation        0.000ns
PW    :            0  Failing Endpoints,  Worst Slack        4.500ns,  Total Violation        0.000ns
---------------------------------------------------------------------------------------------------


Max Delay Paths
--------------------------------------------------------------------------------------
Slack (VIOLATED) :        -153.837ns  (required time - arrival time)
  Source:                 u_mimo_detector_top/u_gs_solver/idx_reg[1]_rep__0/C
                            (rising edge-triggered cell FDCE clocked by clk  {rise@0.000ns fall@5.000ns period=10.000ns})
  Destination:            u_mimo_detector_top/u_gs_solver/x_im_reg[0][20]/D
                            (rising edge-triggered cell FDCE clocked by clk  {rise@0.000ns fall@5.000ns period=10.000ns})
  Path Group:             clk
  Path Type:              Setup (Max at Slow Process Corner)
  Requirement:            10.000ns  (clk rise@10.000ns - clk rise@0.000ns)
  Data Path Delay:        163.700ns  (logic 128.843ns (78.707%)  route 34.856ns (21.293%))
  Logic Levels:           869  (CARRY4=853 DSP48E1=1 LUT1=2 LUT2=5 LUT3=1 LUT4=2 LUT5=1 LUT6=4)
  Clock Path Skew:        -0.145ns (DCD - SCD + CPR)
    Destination Clock Delay (DCD):    1.875ns = ( 11.875 - 10.000 ) 
    Source Clock Delay      (SCD):    2.187ns
    Clock Pessimism Removal (CPR):    0.167ns
  Clock Uncertainty:      0.035ns  ((TSJ^2 + TIJ^2)^1/2 + DJ) / 2 + PE
    Total System Jitter     (TSJ):    0.071ns
    Total Input Jitter      (TIJ):    0.000ns
    Discrete Jitter          (DJ):    0.000ns
    Phase Error              (PE):    0.000ns

    Location             Delay type                Incr(ns)  Path(ns)    Netlist Resource(s)
  -------------------------------------------------------------------    -------------------
                         (clock clk rise edge)        0.000     0.000 r  
                                                      0.000     0.000 r  clk (IN)
                         net (fo=0)                   0.000     0.000    clk
                         IBUF (Prop_ibuf_I_O)         0.876     0.876 r  clk_IBUF_inst/O
                         net (fo=1, unplaced)         0.646     1.522    clk_IBUF
                         BUFG (Prop_bufg_I_O)         0.081     1.603 r  clk_IBUF_BUFG_inst/O
                         net (fo=372, unplaced)       0.584     2.187    u_mimo_detector_top/u_gs_solver/clk_IBUF_BUFG
                         FDCE                                         r  u_mimo_detector_top/u_gs_solver/idx_reg[1]_rep__0/C
  -------------------------------------------------------------------    -------------------
                         FDCE (Prop_fdce_C_Q)         0.397     2.584 r  u_mimo_detector_top/u_gs_solver/idx_reg[1]_rep__0/Q
                         net (fo=88, unplaced)        0.458     3.042    u_mimo_detector_top/u_gs_solver/idx_reg[1]_rep__0_0
                         LUT2 (Prop_lut2_I0_O)        0.232     3.274 r  u_mimo_detector_top/u_gs_solver/p_1_out__1_i_60/O
                         net (fo=178, unplaced)       0.461     3.735    u_mimo_detector_top/u_gs_solver/p_1_out__1_i_60_n_0
                         LUT3 (Prop_lut3_I1_O)        0.105     3.840 r  u_mimo_detector_top/u_gs_solver/p_1_out__2_i_1/O
                         net (fo=22, unplaced)        0.646     4.485    u_mimo_detector_top/u_gs_solver/x_re_reg[0][21]_0
                         DSP48E1 (Prop_dsp48e1_A[29]_P[18])
                                                      3.230     7.715 r  u_mimo_detector_top/u_gs_solver/p_1_out__0__0/P[18]
                         net (fo=2, unplaced)         0.646     8.361    u_mimo_detector_top/u_gs_solver/p_1_out__0__0_n_87
                         LUT2 (Prop_lut2_I0_O)        0.105     8.466 r  u_mimo_detector_top/u_gs_solver/x_im[3][21]_i_2021/O
                         net (fo=1, unplaced)         0.000     8.466    u_mimo_detector_top/u_gs_solver/x_im[3][21]_i_2021_n_0
                         CARRY4 (Prop_carry4_S[1]_CO[3])
                                                      0.444     8.910 r  u_mimo_detector_top/u_gs_solver/x_im_reg[3][21]_i_1665/CO[3]
                         net (fo=1, unplaced)         0.008     8.918    u_mimo_detector_top/u_gs_solver/x_im_reg[3][21]_i_1665_n_0
                         CARRY4 (Prop_carry4_CI_O[1])
                                                      0.269     9.187 r  u_mimo_detector_top/u_gs_solver/x_im_reg[3][21]_i_1333/O[1]
                         net (fo=1, unplaced)         0.472     9.659    u_mimo_detector_top/u_gs_solver/x_im_reg[3][21]_i_1333_n_6
                         LUT2 (Prop_lut2_I1_O)        0.245     9.904 r  u_mimo_detector_top/u_gs_solver/x_im[3][21]_i_1304/O
                         net (fo=1, unplaced)         0.000     9.904    u_mimo_detector_top/u_gs_solver/x_im[3][21]_i_1304_n_0
                         CARRY4 (Prop_carry4_S[2]_CO[3])
                                                      0.316    10.220 r  u_mimo_detector_top/u_gs_solver/x_im_reg[3][21]_i_992/CO[3]
                         net (fo=1, unplaced)         0.000    10.220    u_mimo_detector_top/u_gs_solver/x_im_reg[3][21]_i_992_n_0
                         CARRY4 (Prop_carry4_CI_O[3])
                                                      0.277    10.497 f  u_mimo_detector_top/u_gs_solver/x_im_reg[3][21]_i_715/O[3]
                         net (fo=2, unplaced)         0.530    11.027    u_mimo_detector_top/u_gs_solver/x_im_reg[3][21]_i_715_n_4
                         LUT5 (Prop_lut5_I0_O)        0.250    11.277 r  u_mimo_detector_top/u_gs_solver/x_im[3][21]_i_495/O
                         net (fo=2, unplaced)         0.339    11.616    u_mimo_detector_top/u_gs_solver/x_im[3][21]_i_495_n_0
                         LUT6 (Prop_lut6_I0_O)        0.105    11.721 r  u_mimo_detector_top/u_gs_solver/x_im[3][21]_i_499/O
                         net (fo=1, unplaced)         0.000    11.721    u_mimo_detector_top/u_gs_solver/x_im[3][21]_i_499_n_0
                         CARRY4 (Prop_carry4_S[0]_CO[3])
                                                      0.423    12.144 r  u_mimo_detector_top/u_gs_solver/x_im_reg[3][21]_i_312/CO[3]
                         net (fo=1, unplaced)         0.000    12.144    u_mimo_detector_top/u_gs_solver/x_im_reg[3][21]_i_312_n_0
                         CARRY4 (Prop_carry4_CI_O[3])
                                                      0.277    12.421 r  u_mimo_detector_top/u_gs_solver/x_im_reg[3][21]_i_196/O[3]
                         net (fo=3, unplaced)         0.537    12.958    u_mimo_detector_top/u_gs_solver/x_im_reg[3][21]_i_196_n_4
                         LUT4 (Prop_lut4_I3_O)        0.250    13.208 r  u_mimo_detector_top/u_gs_solver/x_im[3][21]_i_203/O
                         net (fo=2, unplaced)         0.358    13.566    u_mimo_detector_top/u_gs_solver/x_im[3][21]_i_203_n_0
                         LUT6 (Prop_lut6_I5_O)        0.105    13.671 f  u_mimo_detector_top/u_gs_solver/x_im[3][21]_i_104/O
                         net (fo=2, unplaced)         0.339    14.010    u_mimo_detector_top/u_gs_solver/x_im[3][21]_i_104_n_0
                         LUT2 (Prop_lut2_I0_O)        0.105    14.115 r  u_mimo_detector_top/u_gs_solver/x_im[3][21]_i_41/O
                         net (fo=2, unplaced)         0.548    14.663    u_mimo_detector_top/u_gs_solver/x_im[3][21]_i_41_n_0
                         CARRY4 (Prop_carry4_DI[1]_O[3])
                                                      0.519    15.182 f  u_mimo_detector_top/u_gs_solver/x_im_reg[3][21]_i_13/O[3]
                         net (fo=110, unplaced)       0.621    15.803    u_mimo_detector_top/u_gs_solver/x_im[3][21]_i_46_0[0]
                         LUT1 (Prop_lut1_I0_O)        0.250    16.053 r  u_mimo_detector_top/u_gs_solver/x_im[3][21]_i_4410/O
                         net (fo=1, unplaced)         0.000    16.053    u_mimo_detector_top/u_gs_solver/p_0_in0
                         CARRY4 (Prop_carry4_S[0]_CO[1])
                                                      0.381    16.434 f  u_mimo_detector_top/u_gs_solver/x_im_reg[3][21]_i_4263/CO[1]
                         net (fo=32, unplaced)        0.311    16.745    u_mimo_detector_top/u_gs_solver/x_im_reg[3][21]_i_4263_n_2
                         LUT2 (Prop_lut2_I1_O)        0.277    17.022 r  u_mimo_detector_top/u_gs_solver/x_im[3][21]_i_6455/O
                         net (fo=1, unplaced)         0.000    17.022    u_mimo_detector_top/u_gram_matrix_compute/x_im_reg[3][21]_i_6154_0[0]
                         CARRY4 (Prop_carry4_DI[0]_CO[3])
                                                      0.477    17.499 r  u_mimo_detector_top/u_gram_matrix_compute/x_im_reg[3][21]_i_6339/CO[3]
                         net (fo=1, unplaced)         0.008    17.507    u_mimo_detector_top/u_gram_matrix_compute/x_im_reg[3][21]_i_6339_n_0
                         CARRY4 (Prop_carry4_CI_CO[3])
                                                      0.100    17.607 r  u_mimo_detector_top/u_gram_matrix_compute/x_im_reg[3][21]_i_6334/CO[3]
                         net (fo=1, unplaced)         0.000    17.607    u_mimo_detector_top/u_gram_matrix_compute/x_im_reg[3][21]_i_6334_n_0
                         CARRY4 (Prop_carry4_CI_CO[3])
                                                      0.100    17.707 r  u_mimo_detector_top/u_gram_matrix_compute/x_im_reg[3][21]_i_6329/CO[3]
                         net (fo=1, unplaced)         0.000    17.707    u_mimo_detector_top/u_gram_matrix_compute/x_im_reg[3][21]_i_6329_n_0
                         CARRY4 (Prop_carry4_CI_CO[3])
                                                      0.100    17.807 r  u_mimo_detector_top/u_gram_matrix_compute/x_im_reg[3][21]_i_6324/CO[3]
                         net (fo=1, unplaced)         0.000    17.807    u_mimo_detector_top/u_gram_matrix_compute/x_im_reg[3][21]_i_6324_n_0
                         CARRY4 (Prop_carry4_CI_CO[3])
                                                      0.100    17.907 r  u_mimo_detector_top/u_gram_matrix_compute/x_im_reg[3][21]_i_6319/CO[3]
                         net (fo=1, unplaced)         0.000    17.907    u_mimo_detector_top/u_gram_matrix_compute/x_im_reg[3][21]_i_6319_n_0
                         CARRY4 (Prop_carry4_CI_CO[3])
                                                      0.100    18.007 r  u_mimo_detector_top/u_gram_matrix_compute/x_im_reg[3][21]_i_6314/CO[3]
                         net (fo=1, unplaced)         0.000    18.007    u_mimo_detector_top/u_gram_matrix_compute/x_im_reg[3][21]_i_6314_n_0
                         CARRY4 (Prop_carry4_CI_CO[3])
                                                      0.100    18.107 r  u_mimo_detector_top/u_gram_matrix_compute/x_im_reg[3][21]_i_6309/CO[3]
                         net (fo=1, unplaced)         0.000    18.107    u_mimo_detector_top/u_gram_matrix_compute/x_im_reg[3][21]_i_6309_n_0
                         CARRY4 (Prop_carry4_CI_CO[3])
                                                      0.100    18.207 r  u_mimo_detector_top/u_gram_matrix_compute/x_im_reg[3][21]_i_6304/CO[3]
                         net (fo=1, unplaced)         0.000    18.207    u_mimo_detector_top/u_gram_matrix_compute/x_im_reg[3][21]_i_6304_n_0
                         CARRY4 (Prop_carry4_CI_CO[3])
                                                      0.100    18.307 r  u_mimo_detector_top/u_gram_matrix_compute/x_im_reg[3][21]_i_6299/CO[3]
                         net (fo=1, unplaced)         0.000    18.307    u_mimo_detector_top/u_gram_matrix_compute/x_im_reg[3][21]_i_6299_n_0
                         CARRY4 (Prop_carry4_CI_CO[3])
                                                      0.100    18.407 r  u_mimo_detector_top/u_gram_matrix_compute/x_im_reg[3][21]_i_6294/CO[3]
                         net (fo=1, unplaced)         0.000    18.407    u_mimo_detector_top/u_gram_matrix_compute/x_im_reg[3][21]_i_6294_n_0
                         CARRY4 (Prop_carry4_CI_CO[3])
                                                      0.100    18.507 r  u_mimo_detector_top/u_gram_matrix_compute/x_im_reg[3][21]_i_6289/CO[3]
                         net (fo=1, unplaced)         0.000    18.507    u_mimo_detector_top/u_gram_matrix_compute/x_im_reg[3][21]_i_6289_n_0
                         CARRY4 (Prop_carry4_CI_CO[3])
                                                      0.100    18.607 r  u_mimo_detector_top/u_gram_matrix_compute/x_im_reg[3][21]_i_6284/CO[3]
                         net (fo=1, unplaced)         0.000    18.607    u_mimo_detector_top/u_gram_matrix_compute/x_im_reg[3][21]_i_6284_n_0
                         CARRY4 (Prop_carry4_CI_CO[3])
                                                      0.100    18.707 r  u_mimo_detector_top/u_gram_matrix_compute/x_im_reg[3][21]_i_6279/CO[3]
                         net (fo=1, unplaced)         0.000    18.707    u_mimo_detector_top/u_gram_matrix_compute/x_im_reg[3][21]_i_6279_n_0
                         CARRY4 (Prop_carry4_CI_CO[3])
                                                      0.100    18.807 r  u_mimo_detector_top/u_gram_matrix_compute/x_im_reg[3][21]_i_6276/CO[3]
                         net (fo=1, unplaced)         0.000    18.807    u_mimo_detector_top/u_gram_matrix_compute/x_im_reg[3][21]_i_6276_n_0
                         CARRY4 (Prop_carry4_CI_CO[0])
                                                      0.238    19.045 r  u_mimo_detector_top/u_gram_matrix_compute/x_im_reg[3][21]_i_6275/CO[0]
                         net (fo=59, unplaced)        0.326    19.371    u_mimo_detector_top/u_gs_solver/x_im_reg[3][21]_i_6154[0]
                         LUT4 (Prop_lut4_I0_O)        0.297    19.668 r  u_mimo_detector_top/u_gs_solver/x_im[3][21]_i_6347/O
                         net (fo=1, unplaced)         0.000    19.668    u_mimo_detector_top/u_gram_matrix_compute/x_im_reg[3][21]_i_6008_1[0]
                         CARRY4 (Prop_carry4_S[1]_CO[3])
                                                      0.444    20.112 r  u_mimo_detector_top/u_gram_matrix_compute/x_im_reg[3][21]_i_6154/CO[3]
                         net (fo=1, unplaced)         0.008    20.120    u_mimo_detector_top/u_gram_matrix_compute/x_im_reg[3][21]_i_6154_n_0
                         CARRY4 (Prop_carry4_CI_CO[3])
                                                      0.100    20.220 r  u_mimo_detector_top/u_gram_matrix_compute/x_im_reg[3][21]_i_6149/CO[3]
                         net (fo=1, unplaced)         0.000    20.220    u_mimo_detector_top/u_gram_matrix_compute/x_im_reg[3][21]_i_6149_n_0
                         CARRY4 (Prop_carry4_CI_CO[3])
                                                      0.100    20.320 r  u_mimo_detector_top/u_gram_matrix_compute/x_im_reg[3][21]_i_6144/CO[3]
                         net (fo=1, unplaced)         0.000    20.320    u_mimo_detector_top/u_gram_matrix_compute/x_im_reg[3][21]_i_6144_n_0
                         CARRY4 (Prop_carry4_CI_CO[3])
                                                      0.100    20.420 r  u_mimo_detector_top/u_gram_matrix_compute/x_im_reg[3][21]_i_6139/CO[3]
                         net (fo=1, unplaced)         0.000    20.420    u_mimo_detector_top/u_gram_matrix_compute/x_im_reg[3][21]_i_6139_n_0
                         CARRY4 (Prop_carry4_CI_CO[3])
                                                      0.100    20.520 r  u_mimo_detector_top/u_gram_matrix_compute/x_im_reg[3][21]_i_6134/CO[3]
                         net (fo=1, unplaced)         0.000    20.520    u_mimo_detector_top/u_gram_matrix_compute/x_im_reg[3][21]_i_6134_n_0
                         CARRY4 (Prop_carry4_CI_CO[3])
                                                      0.100    20.620 r  u_mimo_detector_top/u_gram_matrix_compute/x_im_reg[3][21]_i_6129/CO[3]
                         net (fo=1, unplaced)         0.000    20.620    u_mimo_detector_top/u_gram_matrix_compute/x_im_reg[3][21]_i_6129_n_0
                         CARRY4 (Prop_carry4_CI_CO[3])
                                                      0.100    20.720 r  u_mimo_detector_top/u_gram_matrix_compute/x_im_reg[3][21]_i_6124/CO[3]
                         net (fo=1, unplaced)         0.000    20.720    u_mimo_detector_top/u_gram_matrix_compute/x_im_reg[3][21]_i_6124_n_0
                         CARRY4 (Prop_carry4_CI_CO[3])
                                                      0.100    20.820 r  u_mimo_detector_top/u_gram_matrix_compute/x_im_reg[3][21]_i_6119/CO[3]
                         net (fo=1, unplaced)         0.000    20.820    u_mimo_detector_top/u_gram_matrix_compute/x_im_reg[3][21]_i_6119_n_0
                         CARRY4 (Prop_carry4_CI_CO[3])
                                                      0.100    20.920 r  u_mimo_detector_top/u_gram_matrix_compute/x_im_reg[3][21]_i_6114/CO[3]
                         net (fo=1, unplaced)         0.000    20.920    u_mimo_detector_top/u_gram_matrix_compute/x_im_reg[3][21]_i_6114_n_0
                         CARRY4 (Prop_carry4_CI_CO[3])
                                                      0.100    21.020 r  u_mimo_detector_top/u_gram_matrix_compute/x_im_reg[3][21]_i_6109/CO[3]
                         net (fo=1, unplaced)         0.000    21.020    u_mimo_detector_top/u_gram_matrix_compute/x_im_reg[3][21]_i_6109_n_0
                         CARRY4 (Prop_carry4_CI_CO[3])
                                                      0.100    21.120 r  u_mimo_detector_top/u_gram_matrix_compute/x_im_reg[3][21]_i_6104/CO[3]
                         net (fo=1, unplaced)         0.000    21.120    u_mimo_detector_top/u_gram_matrix_compute/x_im_reg[3][21]_i_6104_n_0
                         CARRY4 (Prop_carry4_CI_CO[3])
                                                      0.100    21.220 r  u_mimo_detector_top/u_gram_matrix_compute/x_im_reg[3][21]_i_6099/CO[3]
                         net (fo=1, unplaced)         0.000    21.220    u_mimo_detector_top/u_gram_matrix_compute/x_im_reg[3][21]_i_6099_n_0
                         CARRY4 (Prop_carry4_CI_CO[3])
                                                      0.100    21.320 r  u_mimo_detector_top/u_gram_matrix_compute/x_im_reg[3][21]_i_6094/CO[3]
                         net (fo=1, unplaced)         0.000    21.320    u_mimo_detector_top/u_gram_matrix_compute/x_im_reg[3][21]_i_6094_n_0
                         CARRY4 (Prop_carry4_CI_CO[3])
                                                      0.100    21.420 r  u_mimo_detector_top/u_gram_matrix_compute/x_im_reg[3][21]_i_6091/CO[3]
                         net (fo=1, unplaced)         0.000    21.420    u_mimo_detector_top/u_gram_matrix_compute/x_im_reg[3][21]_i_6091_n_0
                         CARRY4 (Prop_carry4_CI_CO[1])
                                                      0.150    21.570 r  u_mimo_detector_top/u_gram_matrix_compute/x_im_reg[3][21]_i_6090/CO[1]
                         net (fo=59, unplaced)        0.488    22.058    u_mimo_detector_top/u_gram_matrix_compute/x_im[3][21]_i_6278_0[0]
                         CARRY4 (Prop_carry4_CYINIT_CO[3])
                                                      0.666    22.724 r  u_mimo_detector_top/u_gram_matrix_compute/x_im_reg[3][21]_i_6008/CO[3]
                         net (fo=1, unplaced)         0.008    22.732    u_mimo_detector_top/u_gram_matrix_compute/x_im_reg[3][21]_i_6008_n_0
                         CARRY4 (Prop_carry4_CI_CO[3])
                                                      0.100    22.832 r  u_mimo_detector_top/u_gram_matrix_compute/x_im_reg[3][21]_i_6003/CO[3]
                         net (fo=1, unplaced)         0.000    22.832    u_mimo_detector_top/u_gram_matrix_compute/x_im_reg[3][21]_i_6003_n_0
                         CARRY4 (Prop_carry4_CI_CO[3])
                                                      0.100    22.932 r  u_mimo_detector_top/u_gram_matrix_compute/x_im_reg[3][21]_i_5998/CO[3]
                         net (fo=1, unplaced)         0.000    22.932    u_mimo_detector_top/u_gram_matrix_compute/x_im_reg[3][21]_i_5998_n_0
                         CARRY4 (Prop_carry4_CI_CO[3])
                                                      0.100    23.032 r  u_mimo_detector_top/u_gram_matrix_compute/x_im_reg[3][21]_i_5993/CO[3]
                         net (fo=1, unplaced)         0.000    23.032    u_mimo_detector_top/u_gram_matrix_compute/x_im_reg[3][21]_i_5993_n_0
                         CARRY4 (Prop_carry4_CI_CO[3])
                                                      0.100    23.132 r  u_mimo_detector_top/u_gram_matrix_compute/x_im_reg[3][21]_i_5988/CO[3]
                         net (fo=1, unplaced)         0.000    23.132    u_mimo_detector_top/u_gram_matrix_compute/x_im_reg[3][21]_i_5988_n_0
                         CARRY4 (Prop_carry4_CI_CO[3])
                                                      0.100    23.232 r  u_mimo_detector_top/u_gram_matrix_compute/x_im_reg[3][21]_i_5983/CO[3]
                         net (fo=1, unplaced)         0.000    23.232    u_mimo_detector_top/u_gram_matrix_compute/x_im_reg[3][21]_i_5983_n_0
                         CARRY4 (Prop_carry4_CI_CO[3])
                                                      0.100    23.332 r  u_mimo_detector_top/u_gram_matrix_compute/x_im_reg[3][21]_i_5978/CO[3]
                         net (fo=1, unplaced)         0.000    23.332    u_mimo_detector_top/u_gram_matrix_compute/x_im_reg[3][21]_i_5978_n_0
                         CARRY4 (Prop_carry4_CI_CO[3])
                                                      0.100    23.432 r  u_mimo_detector_top/u_gram_matrix_compute/x_im_reg[3][21]_i_5973/CO[3]
                         net (fo=1, unplaced)         0.000    23.432    u_mimo_detector_top/u_gram_matrix_compute/x_im_reg[3][21]_i_5973_n_0
                         CARRY4 (Prop_carry4_CI_CO[3])
                                                      0.100    23.532 r  u_mimo_detector_top/u_gram_matrix_compute/x_im_reg[3][21]_i_5968/CO[3]
                         net (fo=1, unplaced)         0.000    23.532    u_mimo_detector_top/u_gram_matrix_compute/x_im_reg[3][21]_i_5968_n_0
                         CARRY4 (Prop_carry4_CI_CO[3])
                                                      0.100    23.632 r  u_mimo_detector_top/u_gram_matrix_compute/x_im_reg[3][21]_i_5963/CO[3]
                         net (fo=1, unplaced)         0.000    23.632    u_mimo_detector_top/u_gram_matrix_compute/x_im_reg[3][21]_i_5963_n_0
                         CARRY4 (Prop_carry4_CI_CO[3])
                                                      0.100    23.732 r  u_mimo_detector_top/u_gram_matrix_compute/x_im_reg[3][21]_i_5958/CO[3]
                         net (fo=1, unplaced)         0.000    23.732    u_mimo_detector_top/u_gram_matrix_compute/x_im_reg[3][21]_i_5958_n_0
                         CARRY4 (Prop_carry4_CI_CO[3])
                                                      0.100    23.832 r  u_mimo_detector_top/u_gram_matrix_compute/x_im_reg[3][21]_i_5953/CO[3]
                         net (fo=1, unplaced)         0.000    23.832    u_mimo_detector_top/u_gram_matrix_compute/x_im_reg[3][21]_i_5953_n_0
                         CARRY4 (Prop_carry4_CI_CO[3])
                                                      0.100    23.932 r  u_mimo_detector_top/u_gram_matrix_compute/x_im_reg[3][21]_i_5948/CO[3]
                         net (fo=1, unplaced)         0.000    23.932    u_mimo_detector_top/u_gram_matrix_compute/x_im_reg[3][21]_i_5948_n_0
                         CARRY4 (Prop_carry4_CI_CO[3])
                                                      0.100    24.032 r  u_mimo_detector_top/u_gram_matrix_compute/x_im_reg[3][21]_i_5945/CO[3]
                         net (fo=1, unplaced)         0.000    24.032    u_mimo_detector_top/u_gram_matrix_compute/x_im_reg[3][21]_i_5945_n_0
                         CARRY4 (Prop_carry4_CI_CO[1])
                                                      0.150    24.182 r  u_mimo_detector_top/u_gram_matrix_compute/x_im_reg[3][21]_i_5944/CO[1]
                         net (fo=59, unplaced)        0.488    24.670    u_mimo_detector_top/u_gram_matrix_compute/x_im[3][21]_i_6093_0[0]
                         CARRY4 (Prop_carry4_CYINIT_CO[3])
                                                      0.666    25.336 r  u_mimo_detector_top/u_gram_matrix_compute/x_im_reg[3][21]_i_5862/CO[3]
                         net (fo=1, unplaced)         0.008    25.344    u_mimo_detector_top/u_gram_matrix_compute/x_im_reg[3][21]_i_5862_n_0
                         CARRY4 (Prop_carry4_CI_CO[3])
                                                      0.100    25.444 r  u_mimo_detector_top/u_gram_matrix_compute/x_im_reg[3][21]_i_5857/CO[3]
                         net (fo=1, unplaced)         0.000    25.444    u_mimo_detector_top/u_gram_matrix_compute/x_im_reg[3][21]_i_5857_n_0
                         CARRY4 (Prop_carry4_CI_CO[3])
                                                      0.100    25.544 r  u_mimo_detector_top/u_gram_matrix_compute/x_im_reg[3][21]_i_5852/CO[3]
                         net (fo=1, unplaced)         0.000    25.544    u_mimo_detector_top/u_gram_matrix_compute/x_im_reg[3][21]_i_5852_n_0
                         CARRY4 (Prop_carry4_CI_CO[3])
                                                      0.100    25.644 r  u_mimo_detector_top/u_gram_matrix_compute/x_im_reg[3][21]_i_5847/CO[3]
                         net (fo=1, unplaced)         0.000    25.644    u_mimo_detector_top/u_gram_matrix_compute/x_im_reg[3][21]_i_5847_n_0
                         CARRY4 (Prop_carry4_CI_CO[3])
                                                      0.100    25.744 r  u_mimo_detector_top/u_gram_matrix_compute/x_im_reg[3][21]_i_5842/CO[3]
                         net (fo=1, unplaced)         0.000    25.744    u_mimo_detector_top/u_gram_matrix_compute/x_im_reg[3][21]_i_5842_n_0
                         CARRY4 (Prop_carry4_CI_CO[3])
                                                      0.100    25.844 r  u_mimo_detector_top/u_gram_matrix_compute/x_im_reg[3][21]_i_5837/CO[3]
                         net (fo=1, unplaced)         0.000    25.844    u_mimo_detector_top/u_gram_matrix_compute/x_im_reg[3][21]_i_5837_n_0
                         CARRY4 (Prop_carry4_CI_CO[3])
                                                      0.100    25.944 r  u_mimo_detector_top/u_gram_matrix_compute/x_im_reg[3][21]_i_5832/CO[3]
                         net (fo=1, unplaced)         0.000    25.944    u_mimo_detector_top/u_gram_matrix_compute/x_im_reg[3][21]_i_5832_n_0
                         CARRY4 (Prop_carry4_CI_CO[3])
                                                      0.100    26.044 r  u_mimo_detector_top/u_gram_matrix_compute/x_im_reg[3][21]_i_5827/CO[3]
                         net (fo=1, unplaced)         0.000    26.044    u_mimo_detector_top/u_gram_matrix_compute/x_im_reg[3][21]_i_5827_n_0
                         CARRY4 (Prop_carry4_CI_CO[3])
                                                      0.100    26.144 r  u_mimo_detector_top/u_gram_matrix_compute/x_im_reg[3][21]_i_5822/CO[3]
                         net (fo=1, unplaced)         0.000    26.144    u_mimo_detector_top/u_gram_matrix_compute/x_im_reg[3][21]_i_5822_n_0
                         CARRY4 (Prop_carry4_CI_CO[3])
                                                      0.100    26.244 r  u_mimo_detector_top/u_gram_matrix_compute/x_im_reg[3][21]_i_5817/CO[3]
                         net (fo=1, unplaced)         0.000    26.244    u_mimo_detector_top/u_gram_matrix_compute/x_im_reg[3][21]_i_5817_n_0
                         CARRY4 (Prop_carry4_CI_CO[3])
                                                      0.100    26.344 r  u_mimo_detector_top/u_gram_matrix_compute/x_im_reg[3][21]_i_5812/CO[3]
                         net (fo=1, unplaced)         0.000    26.344    u_mimo_detector_top/u_gram_matrix_compute/x_im_reg[3][21]_i_5812_n_0
                         CARRY4 (Prop_carry4_CI_CO[3])
                                                      0.100    26.444 r  u_mimo_detector_top/u_gram_matrix_compute/x_im_reg[3][21]_i_5807/CO[3]
                         net (fo=1, unplaced)         0.000    26.444    u_mimo_detector_top/u_gram_matrix_compute/x_im_reg[3][21]_i_5807_n_0
                         CARRY4 (Prop_carry4_CI_CO[3])
                                                      0.100    26.544 r  u_mimo_detector_top/u_gram_matrix_compute/x_im_reg[3][21]_i_5802/CO[3]
                         net (fo=1, unplaced)         0.000    26.544    u_mimo_detector_top/u_gram_matrix_compute/x_im_reg[3][21]_i_5802_n_0
                         CARRY4 (Prop_carry4_CI_CO[3])
                                                      0.100    26.644 r  u_mimo_detector_top/u_gram_matrix_compute/x_im_reg[3][21]_i_5799/CO[3]
                         net (fo=1, unplaced)         0.000    26.644    u_mimo_detector_top/u_gram_matrix_compute/x_im_reg[3][21]_i_5799_n_0
                         CARRY4 (Prop_carry4_CI_CO[1])
                                                      0.150    26.794 r  u_mimo_detector_top/u_gram_matrix_compute/x_im_reg[3][21]_i_5798/CO[1]
                         net (fo=59, unplaced)        0.488    27.282    u_mimo_detector_top/u_gram_matrix_compute/x_im[3][21]_i_5947_0[0]
                         CARRY4 (Prop_carry4_CYINIT_CO[3])
                                                      0.666    27.948 r  u_mimo_detector_top/u_gram_matrix_compute/x_im_reg[3][21]_i_5716/CO[3]
                         net (fo=1, unplaced)         0.008    27.956    u_mimo_detector_top/u_gram_matrix_compute/x_im_reg[3][21]_i_5716_n_0
                         CARRY4 (Prop_carry4_CI_CO[3])
                                                      0.100    28.056 r  u_mimo_detector_top/u_gram_matrix_compute/x_im_reg[3][21]_i_5711/CO[3]
                         net (fo=1, unplaced)         0.000    28.056    u_mimo_detector_top/u_gram_matrix_compute/x_im_reg[3][21]_i_5711_n_0
                         CARRY4 (Prop_carry4_CI_CO[3])
                                                      0.100    28.156 r  u_mimo_detector_top/u_gram_matrix_compute/x_im_reg[3][21]_i_5706/CO[3]
                         net (fo=1, unplaced)         0.000    28.156    u_mimo_detector_top/u_gram_matrix_compute/x_im_reg[3][21]_i_5706_n_0
                         CARRY4 (Prop_carry4_CI_CO[3])
                                                      0.100    28.256 r  u_mimo_detector_top/u_gram_matrix_compute/x_im_reg[3][21]_i_5701/CO[3]
                         net (fo=1, unplaced)         0.000    28.256    u_mimo_detector_top/u_gram_matrix_compute/x_im_reg[3][21]_i_5701_n_0
                         CARRY4 (Prop_carry4_CI_CO[3])
                                                      0.100    28.356 r  u_mimo_detector_top/u_gram_matrix_compute/x_im_reg[3][21]_i_5696/CO[3]
                         net (fo=1, unplaced)         0.000    28.356    u_mimo_detector_top/u_gram_matrix_compute/x_im_reg[3][21]_i_5696_n_0
                         CARRY4 (Prop_carry4_CI_CO[3])
                                                      0.100    28.456 r  u_mimo_detector_top/u_gram_matrix_compute/x_im_reg[3][21]_i_5691/CO[3]
                         net (fo=1, unplaced)         0.000    28.456    u_mimo_detector_top/u_gram_matrix_compute/x_im_reg[3][21]_i_5691_n_0
                         CARRY4 (Prop_carry4_CI_CO[3])
                                                      0.100    28.556 r  u_mimo_detector_top/u_gram_matrix_compute/x_im_reg[3][21]_i_5686/CO[3]
                         net (fo=1, unplaced)         0.000    28.556    u_mimo_detector_top/u_gram_matrix_compute/x_im_reg[3][21]_i_5686_n_0
                         CARRY4 (Prop_carry4_CI_CO[3])
                                                      0.100    28.656 r  u_mimo_detector_top/u_gram_matrix_compute/x_im_reg[3][21]_i_5681/CO[3]
                         net (fo=1, unplaced)         0.000    28.656    u_mimo_detector_top/u_gram_matrix_compute/x_im_reg[3][21]_i_5681_n_0
                         CARRY4 (Prop_carry4_CI_CO[3])
                                                      0.100    28.756 r  u_mimo_detector_top/u_gram_matrix_compute/x_im_reg[3][21]_i_5676/CO[3]
                         net (fo=1, unplaced)         0.000    28.756    u_mimo_detector_top/u_gram_matrix_compute/x_im_reg[3][21]_i_5676_n_0
                         CARRY4 (Prop_carry4_CI_CO[3])
                                                      0.100    28.856 r  u_mimo_detector_top/u_gram_matrix_compute/x_im_reg[3][21]_i_5671/CO[3]
                         net (fo=1, unplaced)         0.000    28.856    u_mimo_detector_top/u_gram_matrix_compute/x_im_reg[3][21]_i_5671_n_0
                         CARRY4 (Prop_carry4_CI_CO[3])
                                                      0.100    28.956 r  u_mimo_detector_top/u_gram_matrix_compute/x_im_reg[3][21]_i_5666/CO[3]
                         net (fo=1, unplaced)         0.000    28.956    u_mimo_detector_top/u_gram_matrix_compute/x_im_reg[3][21]_i_5666_n_0
                         CARRY4 (Prop_carry4_CI_CO[3])
                                                      0.100    29.056 r  u_mimo_detector_top/u_gram_matrix_compute/x_im_reg[3][21]_i_5661/CO[3]
                         net (fo=1, unplaced)         0.000    29.056    u_mimo_detector_top/u_gram_matrix_compute/x_im_reg[3][21]_i_5661_n_0
                         CARRY4 (Prop_carry4_CI_CO[3])
                                                      0.100    29.156 r  u_mimo_detector_top/u_gram_matrix_compute/x_im_reg[3][21]_i_5656/CO[3]
                         net (fo=1, unplaced)         0.000    29.156    u_mimo_detector_top/u_gram_matrix_compute/x_im_reg[3][21]_i_5656_n_0
                         CARRY4 (Prop_carry4_CI_CO[3])
                                                      0.100    29.256 r  u_mimo_detector_top/u_gram_matrix_compute/x_im_reg[3][21]_i_5653/CO[3]
                         net (fo=1, unplaced)         0.000    29.256    u_mimo_detector_top/u_gram_matrix_compute/x_im_reg[3][21]_i_5653_n_0
                         CARRY4 (Prop_carry4_CI_CO[1])
                                                      0.150    29.406 r  u_mimo_detector_top/u_gram_matrix_compute/x_im_reg[3][21]_i_5652/CO[1]
                         net (fo=59, unplaced)        0.488    29.894    u_mimo_detector_top/u_gram_matrix_compute/x_im[3][21]_i_5801_0[0]
                         CARRY4 (Prop_carry4_CYINIT_CO[3])
                                                      0.666    30.560 r  u_mimo_detector_top/u_gram_matrix_compute/x_im_reg[3][21]_i_5570/CO[3]
                         net (fo=1, unplaced)         0.008    30.568    u_mimo_detector_top/u_gram_matrix_compute/x_im_reg[3][21]_i_5570_n_0
                         CARRY4 (Prop_carry4_CI_CO[3])
                                                      0.100    30.668 r  u_mimo_detector_top/u_gram_matrix_compute/x_im_reg[3][21]_i_5565/CO[3]
                         net (fo=1, unplaced)         0.000    30.668    u_mimo_detector_top/u_gram_matrix_compute/x_im_reg[3][21]_i_5565_n_0
                         CARRY4 (Prop_carry4_CI_CO[3])
                                                      0.100    30.768 r  u_mimo_detector_top/u_gram_matrix_compute/x_im_reg[3][21]_i_5560/CO[3]
                         net (fo=1, unplaced)         0.000    30.768    u_mimo_detector_top/u_gram_matrix_compute/x_im_reg[3][21]_i_5560_n_0
                         CARRY4 (Prop_carry4_CI_CO[3])
                                                      0.100    30.868 r  u_mimo_detector_top/u_gram_matrix_compute/x_im_reg[3][21]_i_5555/CO[3]
                         net (fo=1, unplaced)         0.000    30.868    u_mimo_detector_top/u_gram_matrix_compute/x_im_reg[3][21]_i_5555_n_0
                         CARRY4 (Prop_carry4_CI_CO[3])
                                                      0.100    30.968 r  u_mimo_detector_top/u_gram_matrix_compute/x_im_reg[3][21]_i_5550/CO[3]
                         net (fo=1, unplaced)         0.000    30.968    u_mimo_detector_top/u_gram_matrix_compute/x_im_reg[3][21]_i_5550_n_0
                         CARRY4 (Prop_carry4_CI_CO[3])
                                                      0.100    31.068 r  u_mimo_detector_top/u_gram_matrix_compute/x_im_reg[3][21]_i_5545/CO[3]
                         net (fo=1, unplaced)         0.000    31.068    u_mimo_detector_top/u_gram_matrix_compute/x_im_reg[3][21]_i_5545_n_0
                         CARRY4 (Prop_carry4_CI_CO[3])
                                                      0.100    31.168 r  u_mimo_detector_top/u_gram_matrix_compute/x_im_reg[3][21]_i_5540/CO[3]
                         net (fo=1, unplaced)         0.000    31.168    u_mimo_detector_top/u_gram_matrix_compute/x_im_reg[3][21]_i_5540_n_0
                         CARRY4 (Prop_carry4_CI_CO[3])
                                                      0.100    31.268 r  u_mimo_detector_top/u_gram_matrix_compute/x_im_reg[3][21]_i_5535/CO[3]
                         net (fo=1, unplaced)         0.000    31.268    u_mimo_detector_top/u_gram_matrix_compute/x_im_reg[3][21]_i_5535_n_0
                         CARRY4 (Prop_carry4_CI_CO[3])
                                                      0.100    31.368 r  u_mimo_detector_top/u_gram_matrix_compute/x_im_reg[3][21]_i_5530/CO[3]
                         net (fo=1, unplaced)         0.000    31.368    u_mimo_detector_top/u_gram_matrix_compute/x_im_reg[3][21]_i_5530_n_0
                         CARRY4 (Prop_carry4_CI_CO[3])
                                                      0.100    31.468 r  u_mimo_detector_top/u_gram_matrix_compute/x_im_reg[3][21]_i_5525/CO[3]
                         net (fo=1, unplaced)         0.000    31.468    u_mimo_detector_top/u_gram_matrix_compute/x_im_reg[3][21]_i_5525_n_0
                         CARRY4 (Prop_carry4_CI_CO[3])
                                                      0.100    31.568 r  u_mimo_detector_top/u_gram_matrix_compute/x_im_reg[3][21]_i_5520/CO[3]
                         net (fo=1, unplaced)         0.000    31.568    u_mimo_detector_top/u_gram_matrix_compute/x_im_reg[3][21]_i_5520_n_0
                         CARRY4 (Prop_carry4_CI_CO[3])
                                                      0.100    31.668 r  u_mimo_detector_top/u_gram_matrix_compute/x_im_reg[3][21]_i_5515/CO[3]
                         net (fo=1, unplaced)         0.000    31.668    u_mimo_detector_top/u_gram_matrix_compute/x_im_reg[3][21]_i_5515_n_0
                         CARRY4 (Prop_carry4_CI_CO[3])
                                                      0.100    31.768 r  u_mimo_detector_top/u_gram_matrix_compute/x_im_reg[3][21]_i_5510/CO[3]
                         net (fo=1, unplaced)         0.000    31.768    u_mimo_detector_top/u_gram_matrix_compute/x_im_reg[3][21]_i_5510_n_0
                         CARRY4 (Prop_carry4_CI_CO[3])
                                                      0.100    31.868 r  u_mimo_detector_top/u_gram_matrix_compute/x_im_reg[3][21]_i_5507/CO[3]
                         net (fo=1, unplaced)         0.000    31.868    u_mimo_detector_top/u_gram_matrix_compute/x_im_reg[3][21]_i_5507_n_0
                         CARRY4 (Prop_carry4_CI_CO[1])
                                                      0.150    32.018 r  u_mimo_detector_top/u_gram_matrix_compute/x_im_reg[3][21]_i_5506/CO[1]
                         net (fo=59, unplaced)        0.488    32.506    u_mimo_detector_top/u_gram_matrix_compute/x_im[3][21]_i_5655_0[0]
                         CARRY4 (Prop_carry4_CYINIT_CO[3])
                                                      0.666    33.172 r  u_mimo_detector_top/u_gram_matrix_compute/x_im_reg[3][21]_i_5424/CO[3]
                         net (fo=1, unplaced)         0.008    33.180    u_mimo_detector_top/u_gram_matrix_compute/x_im_reg[3][21]_i_5424_n_0
                         CARRY4 (Prop_carry4_CI_CO[3])
                                                      0.100    33.280 r  u_mimo_detector_top/u_gram_matrix_compute/x_im_reg[3][21]_i_5419/CO[3]
                         net (fo=1, unplaced)         0.000    33.280    u_mimo_detector_top/u_gram_matrix_compute/x_im_reg[3][21]_i_5419_n_0
                         CARRY4 (Prop_carry4_CI_CO[3])
                                                      0.100    33.380 r  u_mimo_detector_top/u_gram_matrix_compute/x_im_reg[3][21]_i_5414/CO[3]
                         net (fo=1, unplaced)         0.000    33.380    u_mimo_detector_top/u_gram_matrix_compute/x_im_reg[3][21]_i_5414_n_0
                         CARRY4 (Prop_carry4_CI_CO[3])
                                                      0.100    33.480 r  u_mimo_detector_top/u_gram_matrix_compute/x_im_reg[3][21]_i_5409/CO[3]
                         net (fo=1, unplaced)         0.000    33.480    u_mimo_detector_top/u_gram_matrix_compute/x_im_reg[3][21]_i_5409_n_0
                         CARRY4 (Prop_carry4_CI_CO[3])
                                                      0.100    33.580 r  u_mimo_detector_top/u_gram_matrix_compute/x_im_reg[3][21]_i_5404/CO[3]
                         net (fo=1, unplaced)         0.000    33.580    u_mimo_detector_top/u_gram_matrix_compute/x_im_reg[3][21]_i_5404_n_0
                         CARRY4 (Prop_carry4_CI_CO[3])
                                                      0.100    33.680 r  u_mimo_detector_top/u_gram_matrix_compute/x_im_reg[3][21]_i_5399/CO[3]
                         net (fo=1, unplaced)         0.000    33.680    u_mimo_detector_top/u_gram_matrix_compute/x_im_reg[3][21]_i_5399_n_0
                         CARRY4 (Prop_carry4_CI_CO[3])
                                                      0.100    33.780 r  u_mimo_detector_top/u_gram_matrix_compute/x_im_reg[3][21]_i_5394/CO[3]
                         net (fo=1, unplaced)         0.000    33.780    u_mimo_detector_top/u_gram_matrix_compute/x_im_reg[3][21]_i_5394_n_0
                         CARRY4 (Prop_carry4_CI_CO[3])
                                                      0.100    33.880 r  u_mimo_detector_top/u_gram_matrix_compute/x_im_reg[3][21]_i_5389/CO[3]
                         net (fo=1, unplaced)         0.000    33.880    u_mimo_detector_top/u_gram_matrix_compute/x_im_reg[3][21]_i_5389_n_0
                         CARRY4 (Prop_carry4_CI_CO[3])
                                                      0.100    33.980 r  u_mimo_detector_top/u_gram_matrix_compute/x_im_reg[3][21]_i_5384/CO[3]
                         net (fo=1, unplaced)         0.000    33.980    u_mimo_detector_top/u_gram_matrix_compute/x_im_reg[3][21]_i_5384_n_0
                         CARRY4 (Prop_carry4_CI_CO[3])
                                                      0.100    34.080 r  u_mimo_detector_top/u_gram_matrix_compute/x_im_reg[3][21]_i_5379/CO[3]
                         net (fo=1, unplaced)         0.000    34.080    u_mimo_detector_top/u_gram_matrix_compute/x_im_reg[3][21]_i_5379_n_0
                         CARRY4 (Prop_carry4_CI_CO[3])
                                                      0.100    34.180 r  u_mimo_detector_top/u_gram_matrix_compute/x_im_reg[3][21]_i_5374/CO[3]
                         net (fo=1, unplaced)         0.000    34.180    u_mimo_detector_top/u_gram_matrix_compute/x_im_reg[3][21]_i_5374_n_0
                         CARRY4 (Prop_carry4_CI_CO[3])
                                                      0.100    34.280 r  u_mimo_detector_top/u_gram_matrix_compute/x_im_reg[3][21]_i_5369/CO[3]
                         net (fo=1, unplaced)         0.000    34.280    u_mimo_detector_top/u_gram_matrix_compute/x_im_reg[3][21]_i_5369_n_0
                         CARRY4 (Prop_carry4_CI_CO[3])
                                                      0.100    34.380 r  u_mimo_detector_top/u_gram_matrix_compute/x_im_reg[3][21]_i_5364/CO[3]
                         net (fo=1, unplaced)         0.000    34.380    u_mimo_detector_top/u_gram_matrix_compute/x_im_reg[3][21]_i_5364_n_0
                         CARRY4 (Prop_carry4_CI_CO[3])
                                                      0.100    34.480 r  u_mimo_detector_top/u_gram_matrix_compute/x_im_reg[3][21]_i_5361/CO[3]
                         net (fo=1, unplaced)         0.000    34.480    u_mimo_detector_top/u_gram_matrix_compute/x_im_reg[3][21]_i_5361_n_0
                         CARRY4 (Prop_carry4_CI_CO[1])
                                                      0.150    34.630 r  u_mimo_detector_top/u_gram_matrix_compute/x_im_reg[3][21]_i_5360/CO[1]
                         net (fo=59, unplaced)        0.488    35.118    u_mimo_detector_top/u_gram_matrix_compute/x_im[3][21]_i_5509_0[0]
                         CARRY4 (Prop_carry4_CYINIT_CO[3])
                                                      0.666    35.784 r  u_mimo_detector_top/u_gram_matrix_compute/x_im_reg[3][21]_i_5278/CO[3]
                         net (fo=1, unplaced)         0.008    35.792    u_mimo_detector_top/u_gram_matrix_compute/x_im_reg[3][21]_i_5278_n_0
                         CARRY4 (Prop_carry4_CI_CO[3])
                                                      0.100    35.892 r  u_mimo_detector_top/u_gram_matrix_compute/x_im_reg[3][21]_i_5273/CO[3]
                         net (fo=1, unplaced)         0.000    35.892    u_mimo_detector_top/u_gram_matrix_compute/x_im_reg[3][21]_i_5273_n_0
                         CARRY4 (Prop_carry4_CI_CO[3])
                                                      0.100    35.992 r  u_mimo_detector_top/u_gram_matrix_compute/x_im_reg[3][21]_i_5268/CO[3]
                         net (fo=1, unplaced)         0.000    35.992    u_mimo_detector_top/u_gram_matrix_compute/x_im_reg[3][21]_i_5268_n_0
                         CARRY4 (Prop_carry4_CI_CO[3])
                                                      0.100    36.092 r  u_mimo_detector_top/u_gram_matrix_compute/x_im_reg[3][21]_i_5263/CO[3]
                         net (fo=1, unplaced)         0.000    36.092    u_mimo_detector_top/u_gram_matrix_compute/x_im_reg[3][21]_i_5263_n_0
                         CARRY4 (Prop_carry4_CI_CO[3])
                                                      0.100    36.192 r  u_mimo_detector_top/u_gram_matrix_compute/x_im_reg[3][21]_i_5258/CO[3]
                         net (fo=1, unplaced)         0.000    36.192    u_mimo_detector_top/u_gram_matrix_compute/x_im_reg[3][21]_i_5258_n_0
                         CARRY4 (Prop_carry4_CI_CO[3])
                                                      0.100    36.292 r  u_mimo_detector_top/u_gram_matrix_compute/x_im_reg[3][21]_i_5253/CO[3]
                         net (fo=1, unplaced)         0.000    36.292    u_mimo_detector_top/u_gram_matrix_compute/x_im_reg[3][21]_i_5253_n_0
                         CARRY4 (Prop_carry4_CI_CO[3])
                                                      0.100    36.392 r  u_mimo_detector_top/u_gram_matrix_compute/x_im_reg[3][21]_i_5248/CO[3]
                         net (fo=1, unplaced)         0.000    36.392    u_mimo_detector_top/u_gram_matrix_compute/x_im_reg[3][21]_i_5248_n_0
                         CARRY4 (Prop_carry4_CI_CO[3])
                                                      0.100    36.492 r  u_mimo_detector_top/u_gram_matrix_compute/x_im_reg[3][21]_i_5243/CO[3]
                         net (fo=1, unplaced)         0.000    36.492    u_mimo_detector_top/u_gram_matrix_compute/x_im_reg[3][21]_i_5243_n_0
                         CARRY4 (Prop_carry4_CI_CO[3])
                                                      0.100    36.592 r  u_mimo_detector_top/u_gram_matrix_compute/x_im_reg[3][21]_i_5238/CO[3]
                         net (fo=1, unplaced)         0.000    36.592    u_mimo_detector_top/u_gram_matrix_compute/x_im_reg[3][21]_i_5238_n_0
                         CARRY4 (Prop_carry4_CI_CO[3])
                                                      0.100    36.692 r  u_mimo_detector_top/u_gram_matrix_compute/x_im_reg[3][21]_i_5233/CO[3]
                         net (fo=1, unplaced)         0.000    36.692    u_mimo_detector_top/u_gram_matrix_compute/x_im_reg[3][21]_i_5233_n_0
                         CARRY4 (Prop_carry4_CI_CO[3])
                                                      0.100    36.792 r  u_mimo_detector_top/u_gram_matrix_compute/x_im_reg[3][21]_i_5228/CO[3]
                         net (fo=1, unplaced)         0.000    36.792    u_mimo_detector_top/u_gram_matrix_compute/x_im_reg[3][21]_i_5228_n_0
                         CARRY4 (Prop_carry4_CI_CO[3])
                                                      0.100    36.892 r  u_mimo_detector_top/u_gram_matrix_compute/x_im_reg[3][21]_i_5223/CO[3]
                         net (fo=1, unplaced)         0.000    36.892    u_mimo_detector_top/u_gram_matrix_compute/x_im_reg[3][21]_i_5223_n_0
                         CARRY4 (Prop_carry4_CI_CO[3])
                                                      0.100    36.992 r  u_mimo_detector_top/u_gram_matrix_compute/x_im_reg[3][21]_i_5218/CO[3]
                         net (fo=1, unplaced)         0.000    36.992    u_mimo_detector_top/u_gram_matrix_compute/x_im_reg[3][21]_i_5218_n_0
                         CARRY4 (Prop_carry4_CI_CO[3])
                                                      0.100    37.092 r  u_mimo_detector_top/u_gram_matrix_compute/x_im_reg[3][21]_i_5215/CO[3]
                         net (fo=1, unplaced)         0.000    37.092    u_mimo_detector_top/u_gram_matrix_compute/x_im_reg[3][21]_i_5215_n_0
                         CARRY4 (Prop_carry4_CI_CO[1])
                                                      0.150    37.242 r  u_mimo_detector_top/u_gram_matrix_compute/x_im_reg[3][21]_i_5214/CO[1]
                         net (fo=59, unplaced)        0.488    37.730    u_mimo_detector_top/u_gram_matrix_compute/x_im[3][21]_i_5363_0[0]
                         CARRY4 (Prop_carry4_CYINIT_CO[3])
                                                      0.666    38.396 r  u_mimo_detector_top/u_gram_matrix_compute/x_im_reg[3][21]_i_5132/CO[3]
                         net (fo=1, unplaced)         0.008    38.404    u_mimo_detector_top/u_gram_matrix_compute/x_im_reg[3][21]_i_5132_n_0
                         CARRY4 (Prop_carry4_CI_CO[3])
                                                      0.100    38.504 r  u_mimo_detector_top/u_gram_matrix_compute/x_im_reg[3][21]_i_5127/CO[3]
                         net (fo=1, unplaced)         0.000    38.504    u_mimo_detector_top/u_gram_matrix_compute/x_im_reg[3][21]_i_5127_n_0
                         CARRY4 (Prop_carry4_CI_CO[3])
                                                      0.100    38.604 r  u_mimo_detector_top/u_gram_matrix_compute/x_im_reg[3][21]_i_5122/CO[3]
                         net (fo=1, unplaced)         0.000    38.604    u_mimo_detector_top/u_gram_matrix_compute/x_im_reg[3][21]_i_5122_n_0
                         CARRY4 (Prop_carry4_CI_CO[3])
                                                      0.100    38.704 r  u_mimo_detector_top/u_gram_matrix_compute/x_im_reg[3][21]_i_5117/CO[3]
                         net (fo=1, unplaced)         0.000    38.704    u_mimo_detector_top/u_gram_matrix_compute/x_im_reg[3][21]_i_5117_n_0
                         CARRY4 (Prop_carry4_CI_CO[3])
                                                      0.100    38.804 r  u_mimo_detector_top/u_gram_matrix_compute/x_im_reg[3][21]_i_5112/CO[3]
                         net (fo=1, unplaced)         0.000    38.804    u_mimo_detector_top/u_gram_matrix_compute/x_im_reg[3][21]_i_5112_n_0
                         CARRY4 (Prop_carry4_CI_CO[3])
                                                      0.100    38.904 r  u_mimo_detector_top/u_gram_matrix_compute/x_im_reg[3][21]_i_5107/CO[3]
                         net (fo=1, unplaced)         0.000    38.904    u_mimo_detector_top/u_gram_matrix_compute/x_im_reg[3][21]_i_5107_n_0
                         CARRY4 (Prop_carry4_CI_CO[3])
                                                      0.100    39.004 r  u_mimo_detector_top/u_gram_matrix_compute/x_im_reg[3][21]_i_5102/CO[3]
                         net (fo=1, unplaced)         0.000    39.004    u_mimo_detector_top/u_gram_matrix_compute/x_im_reg[3][21]_i_5102_n_0
                         CARRY4 (Prop_carry4_CI_CO[3])
                                                      0.100    39.104 r  u_mimo_detector_top/u_gram_matrix_compute/x_im_reg[3][21]_i_5097/CO[3]
                         net (fo=1, unplaced)         0.000    39.104    u_mimo_detector_top/u_gram_matrix_compute/x_im_reg[3][21]_i_5097_n_0
                         CARRY4 (Prop_carry4_CI_CO[3])
                                                      0.100    39.204 r  u_mimo_detector_top/u_gram_matrix_compute/x_im_reg[3][21]_i_5092/CO[3]
                         net (fo=1, unplaced)         0.000    39.204    u_mimo_detector_top/u_gram_matrix_compute/x_im_reg[3][21]_i_5092_n_0
                         CARRY4 (Prop_carry4_CI_CO[3])
                                                      0.100    39.304 r  u_mimo_detector_top/u_gram_matrix_compute/x_im_reg[3][21]_i_5087/CO[3]
                         net (fo=1, unplaced)         0.000    39.304    u_mimo_detector_top/u_gram_matrix_compute/x_im_reg[3][21]_i_5087_n_0
                         CARRY4 (Prop_carry4_CI_CO[3])
                                                      0.100    39.404 r  u_mimo_detector_top/u_gram_matrix_compute/x_im_reg[3][21]_i_5082/CO[3]
                         net (fo=1, unplaced)         0.000    39.404    u_mimo_detector_top/u_gram_matrix_compute/x_im_reg[3][21]_i_5082_n_0
                         CARRY4 (Prop_carry4_CI_CO[3])
                                                      0.100    39.504 r  u_mimo_detector_top/u_gram_matrix_compute/x_im_reg[3][21]_i_5077/CO[3]
                         net (fo=1, unplaced)         0.000    39.504    u_mimo_detector_top/u_gram_matrix_compute/x_im_reg[3][21]_i_5077_n_0
                         CARRY4 (Prop_carry4_CI_CO[3])
                                                      0.100    39.604 r  u_mimo_detector_top/u_gram_matrix_compute/x_im_reg[3][21]_i_5072/CO[3]
                         net (fo=1, unplaced)         0.000    39.604    u_mimo_detector_top/u_gram_matrix_compute/x_im_reg[3][21]_i_5072_n_0
                         CARRY4 (Prop_carry4_CI_CO[3])
                                                      0.100    39.704 r  u_mimo_detector_top/u_gram_matrix_compute/x_im_reg[3][21]_i_5069/CO[3]
                         net (fo=1, unplaced)         0.000    39.704    u_mimo_detector_top/u_gram_matrix_compute/x_im_reg[3][21]_i_5069_n_0
                         CARRY4 (Prop_carry4_CI_CO[1])
                                                      0.150    39.854 r  u_mimo_detector_top/u_gram_matrix_compute/x_im_reg[3][21]_i_5068/CO[1]
                         net (fo=59, unplaced)        0.488    40.342    u_mimo_detector_top/u_gram_matrix_compute/x_im[3][21]_i_5217_0[0]
                         CARRY4 (Prop_carry4_CYINIT_CO[3])
                                                      0.666    41.008 r  u_mimo_detector_top/u_gram_matrix_compute/x_im_reg[3][21]_i_4986/CO[3]
                         net (fo=1, unplaced)         0.008    41.016    u_mimo_detector_top/u_gram_matrix_compute/x_im_reg[3][21]_i_4986_n_0
                         CARRY4 (Prop_carry4_CI_CO[3])
                                                      0.100    41.116 r  u_mimo_detector_top/u_gram_matrix_compute/x_im_reg[3][21]_i_4981/CO[3]
                         net (fo=1, unplaced)         0.000    41.116    u_mimo_detector_top/u_gram_matrix_compute/x_im_reg[3][21]_i_4981_n_0
                         CARRY4 (Prop_carry4_CI_CO[3])
                                                      0.100    41.216 r  u_mimo_detector_top/u_gram_matrix_compute/x_im_reg[3][21]_i_4976/CO[3]
                         net (fo=1, unplaced)         0.000    41.216    u_mimo_detector_top/u_gram_matrix_compute/x_im_reg[3][21]_i_4976_n_0
                         CARRY4 (Prop_carry4_CI_CO[3])
                                                      0.100    41.316 r  u_mimo_detector_top/u_gram_matrix_compute/x_im_reg[3][21]_i_4971/CO[3]
                         net (fo=1, unplaced)         0.000    41.316    u_mimo_detector_top/u_gram_matrix_compute/x_im_reg[3][21]_i_4971_n_0
                         CARRY4 (Prop_carry4_CI_CO[3])
                                                      0.100    41.416 r  u_mimo_detector_top/u_gram_matrix_compute/x_im_reg[3][21]_i_4966/CO[3]
                         net (fo=1, unplaced)         0.000    41.416    u_mimo_detector_top/u_gram_matrix_compute/x_im_reg[3][21]_i_4966_n_0
                         CARRY4 (Prop_carry4_CI_CO[3])
                                                      0.100    41.516 r  u_mimo_detector_top/u_gram_matrix_compute/x_im_reg[3][21]_i_4961/CO[3]
                         net (fo=1, unplaced)         0.000    41.516    u_mimo_detector_top/u_gram_matrix_compute/x_im_reg[3][21]_i_4961_n_0
                         CARRY4 (Prop_carry4_CI_CO[3])
                                                      0.100    41.616 r  u_mimo_detector_top/u_gram_matrix_compute/x_im_reg[3][21]_i_4956/CO[3]
                         net (fo=1, unplaced)         0.000    41.616    u_mimo_detector_top/u_gram_matrix_compute/x_im_reg[3][21]_i_4956_n_0
                         CARRY4 (Prop_carry4_CI_CO[3])
                                                      0.100    41.716 r  u_mimo_detector_top/u_gram_matrix_compute/x_im_reg[3][21]_i_4951/CO[3]
                         net (fo=1, unplaced)         0.000    41.716    u_mimo_detector_top/u_gram_matrix_compute/x_im_reg[3][21]_i_4951_n_0
                         CARRY4 (Prop_carry4_CI_CO[3])
                                                      0.100    41.816 r  u_mimo_detector_top/u_gram_matrix_compute/x_im_reg[3][21]_i_4946/CO[3]
                         net (fo=1, unplaced)         0.000    41.816    u_mimo_detector_top/u_gram_matrix_compute/x_im_reg[3][21]_i_4946_n_0
                         CARRY4 (Prop_carry4_CI_CO[3])
                                                      0.100    41.916 r  u_mimo_detector_top/u_gram_matrix_compute/x_im_reg[3][21]_i_4941/CO[3]
                         net (fo=1, unplaced)         0.000    41.916    u_mimo_detector_top/u_gram_matrix_compute/x_im_reg[3][21]_i_4941_n_0
                         CARRY4 (Prop_carry4_CI_CO[3])
                                                      0.100    42.016 r  u_mimo_detector_top/u_gram_matrix_compute/x_im_reg[3][21]_i_4936/CO[3]
                         net (fo=1, unplaced)         0.000    42.016    u_mimo_detector_top/u_gram_matrix_compute/x_im_reg[3][21]_i_4936_n_0
                         CARRY4 (Prop_carry4_CI_CO[3])
                                                      0.100    42.116 r  u_mimo_detector_top/u_gram_matrix_compute/x_im_reg[3][21]_i_4931/CO[3]
                         net (fo=1, unplaced)         0.000    42.116    u_mimo_detector_top/u_gram_matrix_compute/x_im_reg[3][21]_i_4931_n_0
                         CARRY4 (Prop_carry4_CI_CO[3])
                                                      0.100    42.216 r  u_mimo_detector_top/u_gram_matrix_compute/x_im_reg[3][21]_i_4926/CO[3]
                         net (fo=1, unplaced)         0.000    42.216    u_mimo_detector_top/u_gram_matrix_compute/x_im_reg[3][21]_i_4926_n_0
                         CARRY4 (Prop_carry4_CI_CO[3])
                                                      0.100    42.316 r  u_mimo_detector_top/u_gram_matrix_compute/x_im_reg[3][21]_i_4923/CO[3]
                         net (fo=1, unplaced)         0.000    42.316    u_mimo_detector_top/u_gram_matrix_compute/x_im_reg[3][21]_i_4923_n_0
                         CARRY4 (Prop_carry4_CI_CO[1])
                                                      0.150    42.466 r  u_mimo_detector_top/u_gram_matrix_compute/x_im_reg[3][21]_i_4922/CO[1]
                         net (fo=59, unplaced)        0.488    42.954    u_mimo_detector_top/u_gram_matrix_compute/x_im[3][21]_i_5071_0[0]
                         CARRY4 (Prop_carry4_CYINIT_CO[3])
                                                      0.666    43.620 r  u_mimo_detector_top/u_gram_matrix_compute/x_im_reg[3][21]_i_4840/CO[3]
                         net (fo=1, unplaced)         0.008    43.628    u_mimo_detector_top/u_gram_matrix_compute/x_im_reg[3][21]_i_4840_n_0
                         CARRY4 (Prop_carry4_CI_CO[3])
                                                      0.100    43.728 r  u_mimo_detector_top/u_gram_matrix_compute/x_im_reg[3][21]_i_4835/CO[3]
                         net (fo=1, unplaced)         0.000    43.728    u_mimo_detector_top/u_gram_matrix_compute/x_im_reg[3][21]_i_4835_n_0
                         CARRY4 (Prop_carry4_CI_CO[3])
                                                      0.100    43.828 r  u_mimo_detector_top/u_gram_matrix_compute/x_im_reg[3][21]_i_4830/CO[3]
                         net (fo=1, unplaced)         0.000    43.828    u_mimo_detector_top/u_gram_matrix_compute/x_im_reg[3][21]_i_4830_n_0
                         CARRY4 (Prop_carry4_CI_CO[3])
                                                      0.100    43.928 r  u_mimo_detector_top/u_gram_matrix_compute/x_im_reg[3][21]_i_4825/CO[3]
                         net (fo=1, unplaced)         0.000    43.928    u_mimo_detector_top/u_gram_matrix_compute/x_im_reg[3][21]_i_4825_n_0
                         CARRY4 (Prop_carry4_CI_CO[3])
                                                      0.100    44.028 r  u_mimo_detector_top/u_gram_matrix_compute/x_im_reg[3][21]_i_4820/CO[3]
                         net (fo=1, unplaced)         0.000    44.028    u_mimo_detector_top/u_gram_matrix_compute/x_im_reg[3][21]_i_4820_n_0
                         CARRY4 (Prop_carry4_CI_CO[3])
                                                      0.100    44.128 r  u_mimo_detector_top/u_gram_matrix_compute/x_im_reg[3][21]_i_4815/CO[3]
                         net (fo=1, unplaced)         0.000    44.128    u_mimo_detector_top/u_gram_matrix_compute/x_im_reg[3][21]_i_4815_n_0
                         CARRY4 (Prop_carry4_CI_CO[3])
                                                      0.100    44.228 r  u_mimo_detector_top/u_gram_matrix_compute/x_im_reg[3][21]_i_4810/CO[3]
                         net (fo=1, unplaced)         0.000    44.228    u_mimo_detector_top/u_gram_matrix_compute/x_im_reg[3][21]_i_4810_n_0
                         CARRY4 (Prop_carry4_CI_CO[3])
                                                      0.100    44.328 r  u_mimo_detector_top/u_gram_matrix_compute/x_im_reg[3][21]_i_4805/CO[3]
                         net (fo=1, unplaced)         0.000    44.328    u_mimo_detector_top/u_gram_matrix_compute/x_im_reg[3][21]_i_4805_n_0
                         CARRY4 (Prop_carry4_CI_CO[3])
                                                      0.100    44.428 r  u_mimo_detector_top/u_gram_matrix_compute/x_im_reg[3][21]_i_4800/CO[3]
                         net (fo=1, unplaced)         0.000    44.428    u_mimo_detector_top/u_gram_matrix_compute/x_im_reg[3][21]_i_4800_n_0
                         CARRY4 (Prop_carry4_CI_CO[3])
                                                      0.100    44.528 r  u_mimo_detector_top/u_gram_matrix_compute/x_im_reg[3][21]_i_4795/CO[3]
                         net (fo=1, unplaced)         0.000    44.528    u_mimo_detector_top/u_gram_matrix_compute/x_im_reg[3][21]_i_4795_n_0
                         CARRY4 (Prop_carry4_CI_CO[3])
                                                      0.100    44.628 r  u_mimo_detector_top/u_gram_matrix_compute/x_im_reg[3][21]_i_4790/CO[3]
                         net (fo=1, unplaced)         0.000    44.628    u_mimo_detector_top/u_gram_matrix_compute/x_im_reg[3][21]_i_4790_n_0
                         CARRY4 (Prop_carry4_CI_CO[3])
                                                      0.100    44.728 r  u_mimo_detector_top/u_gram_matrix_compute/x_im_reg[3][21]_i_4785/CO[3]
                         net (fo=1, unplaced)         0.000    44.728    u_mimo_detector_top/u_gram_matrix_compute/x_im_reg[3][21]_i_4785_n_0
                         CARRY4 (Prop_carry4_CI_CO[3])
                                                      0.100    44.828 r  u_mimo_detector_top/u_gram_matrix_compute/x_im_reg[3][21]_i_4780/CO[3]
                         net (fo=1, unplaced)         0.000    44.828    u_mimo_detector_top/u_gram_matrix_compute/x_im_reg[3][21]_i_4780_n_0
                         CARRY4 (Prop_carry4_CI_CO[3])
                                                      0.100    44.928 r  u_mimo_detector_top/u_gram_matrix_compute/x_im_reg[3][21]_i_4777/CO[3]
                         net (fo=1, unplaced)         0.000    44.928    u_mimo_detector_top/u_gram_matrix_compute/x_im_reg[3][21]_i_4777_n_0
                         CARRY4 (Prop_carry4_CI_CO[1])
                                                      0.150    45.078 r  u_mimo_detector_top/u_gram_matrix_compute/x_im_reg[3][21]_i_4776/CO[1]
                         net (fo=59, unplaced)        0.488    45.566    u_mimo_detector_top/u_gram_matrix_compute/x_im[3][21]_i_4925_0[0]
                         CARRY4 (Prop_carry4_CYINIT_CO[3])
                                                      0.666    46.232 r  u_mimo_detector_top/u_gram_matrix_compute/x_im_reg[3][21]_i_4694/CO[3]
                         net (fo=1, unplaced)         0.008    46.240    u_mimo_detector_top/u_gram_matrix_compute/x_im_reg[3][21]_i_4694_n_0
                         CARRY4 (Prop_carry4_CI_CO[3])
                                                      0.100    46.340 r  u_mimo_detector_top/u_gram_matrix_compute/x_im_reg[3][21]_i_4689/CO[3]
                         net (fo=1, unplaced)         0.000    46.340    u_mimo_detector_top/u_gram_matrix_compute/x_im_reg[3][21]_i_4689_n_0
                         CARRY4 (Prop_carry4_CI_CO[3])
                                                      0.100    46.440 r  u_mimo_detector_top/u_gram_matrix_compute/x_im_reg[3][21]_i_4684/CO[3]
                         net (fo=1, unplaced)         0.000    46.440    u_mimo_detector_top/u_gram_matrix_compute/x_im_reg[3][21]_i_4684_n_0
                         CARRY4 (Prop_carry4_CI_CO[3])
                                                      0.100    46.540 r  u_mimo_detector_top/u_gram_matrix_compute/x_im_reg[3][21]_i_4679/CO[3]
                         net (fo=1, unplaced)         0.000    46.540    u_mimo_detector_top/u_gram_matrix_compute/x_im_reg[3][21]_i_4679_n_0
                         CARRY4 (Prop_carry4_CI_CO[3])
                                                      0.100    46.640 r  u_mimo_detector_top/u_gram_matrix_compute/x_im_reg[3][21]_i_4674/CO[3]
                         net (fo=1, unplaced)         0.000    46.640    u_mimo_detector_top/u_gram_matrix_compute/x_im_reg[3][21]_i_4674_n_0
                         CARRY4 (Prop_carry4_CI_CO[3])
                                                      0.100    46.740 r  u_mimo_detector_top/u_gram_matrix_compute/x_im_reg[3][21]_i_4669/CO[3]
                         net (fo=1, unplaced)         0.000    46.740    u_mimo_detector_top/u_gram_matrix_compute/x_im_reg[3][21]_i_4669_n_0
                         CARRY4 (Prop_carry4_CI_CO[3])
                                                      0.100    46.840 r  u_mimo_detector_top/u_gram_matrix_compute/x_im_reg[3][21]_i_4664/CO[3]
                         net (fo=1, unplaced)         0.000    46.840    u_mimo_detector_top/u_gram_matrix_compute/x_im_reg[3][21]_i_4664_n_0
                         CARRY4 (Prop_carry4_CI_CO[3])
                                                      0.100    46.940 r  u_mimo_detector_top/u_gram_matrix_compute/x_im_reg[3][21]_i_4659/CO[3]
                         net (fo=1, unplaced)         0.000    46.940    u_mimo_detector_top/u_gram_matrix_compute/x_im_reg[3][21]_i_4659_n_0
                         CARRY4 (Prop_carry4_CI_CO[3])
                                                      0.100    47.040 r  u_mimo_detector_top/u_gram_matrix_compute/x_im_reg[3][21]_i_4654/CO[3]
                         net (fo=1, unplaced)         0.000    47.040    u_mimo_detector_top/u_gram_matrix_compute/x_im_reg[3][21]_i_4654_n_0
                         CARRY4 (Prop_carry4_CI_CO[3])
                                                      0.100    47.140 r  u_mimo_detector_top/u_gram_matrix_compute/x_im_reg[3][21]_i_4649/CO[3]
                         net (fo=1, unplaced)         0.000    47.140    u_mimo_detector_top/u_gram_matrix_compute/x_im_reg[3][21]_i_4649_n_0
                         CARRY4 (Prop_carry4_CI_CO[3])
                                                      0.100    47.240 r  u_mimo_detector_top/u_gram_matrix_compute/x_im_reg[3][21]_i_4644/CO[3]
                         net (fo=1, unplaced)         0.000    47.240    u_mimo_detector_top/u_gram_matrix_compute/x_im_reg[3][21]_i_4644_n_0
                         CARRY4 (Prop_carry4_CI_CO[3])
                                                      0.100    47.340 r  u_mimo_detector_top/u_gram_matrix_compute/x_im_reg[3][21]_i_4639/CO[3]
                         net (fo=1, unplaced)         0.000    47.340    u_mimo_detector_top/u_gram_matrix_compute/x_im_reg[3][21]_i_4639_n_0
                         CARRY4 (Prop_carry4_CI_CO[3])
                                                      0.100    47.440 r  u_mimo_detector_top/u_gram_matrix_compute/x_im_reg[3][21]_i_4634/CO[3]
                         net (fo=1, unplaced)         0.000    47.440    u_mimo_detector_top/u_gram_matrix_compute/x_im_reg[3][21]_i_4634_n_0
                         CARRY4 (Prop_carry4_CI_CO[3])
                                                      0.100    47.540 r  u_mimo_detector_top/u_gram_matrix_compute/x_im_reg[3][21]_i_4631/CO[3]
                         net (fo=1, unplaced)         0.000    47.540    u_mimo_detector_top/u_gram_matrix_compute/x_im_reg[3][21]_i_4631_n_0
                         CARRY4 (Prop_carry4_CI_CO[1])
                                                      0.150    47.690 r  u_mimo_detector_top/u_gram_matrix_compute/x_im_reg[3][21]_i_4630/CO[1]
                         net (fo=59, unplaced)        0.488    48.178    u_mimo_detector_top/u_gram_matrix_compute/x_im[3][21]_i_4779_0[0]
                         CARRY4 (Prop_carry4_CYINIT_CO[3])
                                                      0.666    48.844 r  u_mimo_detector_top/u_gram_matrix_compute/x_im_reg[3][21]_i_4548/CO[3]
                         net (fo=1, unplaced)         0.008    48.852    u_mimo_detector_top/u_gram_matrix_compute/x_im_reg[3][21]_i_4548_n_0
                         CARRY4 (Prop_carry4_CI_CO[3])
                                                      0.100    48.952 r  u_mimo_detector_top/u_gram_matrix_compute/x_im_reg[3][21]_i_4543/CO[3]
                         net (fo=1, unplaced)         0.000    48.952    u_mimo_detector_top/u_gram_matrix_compute/x_im_reg[3][21]_i_4543_n_0
                         CARRY4 (Prop_carry4_CI_CO[3])
                                                      0.100    49.052 r  u_mimo_detector_top/u_gram_matrix_compute/x_im_reg[3][21]_i_4538/CO[3]
                         net (fo=1, unplaced)         0.000    49.052    u_mimo_detector_top/u_gram_matrix_compute/x_im_reg[3][21]_i_4538_n_0
                         CARRY4 (Prop_carry4_CI_CO[3])
                                                      0.100    49.152 r  u_mimo_detector_top/u_gram_matrix_compute/x_im_reg[3][21]_i_4533/CO[3]
                         net (fo=1, unplaced)         0.000    49.152    u_mimo_detector_top/u_gram_matrix_compute/x_im_reg[3][21]_i_4533_n_0
                         CARRY4 (Prop_carry4_CI_CO[3])
                                                      0.100    49.252 r  u_mimo_detector_top/u_gram_matrix_compute/x_im_reg[3][21]_i_4528/CO[3]
                         net (fo=1, unplaced)         0.000    49.252    u_mimo_detector_top/u_gram_matrix_compute/x_im_reg[3][21]_i_4528_n_0
                         CARRY4 (Prop_carry4_CI_CO[3])
                                                      0.100    49.352 r  u_mimo_detector_top/u_gram_matrix_compute/x_im_reg[3][21]_i_4523/CO[3]
                         net (fo=1, unplaced)         0.000    49.352    u_mimo_detector_top/u_gram_matrix_compute/x_im_reg[3][21]_i_4523_n_0
                         CARRY4 (Prop_carry4_CI_CO[3])
                                                      0.100    49.452 r  u_mimo_detector_top/u_gram_matrix_compute/x_im_reg[3][21]_i_4518/CO[3]
                         net (fo=1, unplaced)         0.000    49.452    u_mimo_detector_top/u_gram_matrix_compute/x_im_reg[3][21]_i_4518_n_0
                         CARRY4 (Prop_carry4_CI_CO[3])
                                                      0.100    49.552 r  u_mimo_detector_top/u_gram_matrix_compute/x_im_reg[3][21]_i_4513/CO[3]
                         net (fo=1, unplaced)         0.000    49.552    u_mimo_detector_top/u_gram_matrix_compute/x_im_reg[3][21]_i_4513_n_0
                         CARRY4 (Prop_carry4_CI_CO[3])
                                                      0.100    49.652 r  u_mimo_detector_top/u_gram_matrix_compute/x_im_reg[3][21]_i_4508/CO[3]
                         net (fo=1, unplaced)         0.000    49.652    u_mimo_detector_top/u_gram_matrix_compute/x_im_reg[3][21]_i_4508_n_0
                         CARRY4 (Prop_carry4_CI_CO[3])
                                                      0.100    49.752 r  u_mimo_detector_top/u_gram_matrix_compute/x_im_reg[3][21]_i_4503/CO[3]
                         net (fo=1, unplaced)         0.000    49.752    u_mimo_detector_top/u_gram_matrix_compute/x_im_reg[3][21]_i_4503_n_0
                         CARRY4 (Prop_carry4_CI_CO[3])
                                                      0.100    49.852 r  u_mimo_detector_top/u_gram_matrix_compute/x_im_reg[3][21]_i_4498/CO[3]
                         net (fo=1, unplaced)         0.000    49.852    u_mimo_detector_top/u_gram_matrix_compute/x_im_reg[3][21]_i_4498_n_0
                         CARRY4 (Prop_carry4_CI_CO[3])
                                                      0.100    49.952 r  u_mimo_detector_top/u_gram_matrix_compute/x_im_reg[3][21]_i_4493/CO[3]
                         net (fo=1, unplaced)         0.000    49.952    u_mimo_detector_top/u_gram_matrix_compute/x_im_reg[3][21]_i_4493_n_0
                         CARRY4 (Prop_carry4_CI_CO[3])
                                                      0.100    50.052 r  u_mimo_detector_top/u_gram_matrix_compute/x_im_reg[3][21]_i_4488/CO[3]
                         net (fo=1, unplaced)         0.000    50.052    u_mimo_detector_top/u_gram_matrix_compute/x_im_reg[3][21]_i_4488_n_0
                         CARRY4 (Prop_carry4_CI_CO[3])
                                                      0.100    50.152 r  u_mimo_detector_top/u_gram_matrix_compute/x_im_reg[3][21]_i_4485/CO[3]
                         net (fo=1, unplaced)         0.000    50.152    u_mimo_detector_top/u_gram_matrix_compute/x_im_reg[3][21]_i_4485_n_0
                         CARRY4 (Prop_carry4_CI_CO[1])
                                                      0.150    50.302 r  u_mimo_detector_top/u_gram_matrix_compute/x_im_reg[3][21]_i_4484/CO[1]
                         net (fo=59, unplaced)        0.488    50.790    u_mimo_detector_top/u_gram_matrix_compute/x_im[3][21]_i_4633_0[0]
                         CARRY4 (Prop_carry4_CYINIT_CO[3])
                                                      0.666    51.456 r  u_mimo_detector_top/u_gram_matrix_compute/x_im_reg[3][21]_i_4401/CO[3]
                         net (fo=1, unplaced)         0.008    51.464    u_mimo_detector_top/u_gram_matrix_compute/x_im_reg[3][21]_i_4401_n_0
                         CARRY4 (Prop_carry4_CI_CO[3])
                                                      0.100    51.564 r  u_mimo_detector_top/u_gram_matrix_compute/x_im_reg[3][21]_i_4396/CO[3]
                         net (fo=1, unplaced)         0.000    51.564    u_mimo_detector_top/u_gram_matrix_compute/x_im_reg[3][21]_i_4396_n_0
                         CARRY4 (Prop_carry4_CI_CO[3])
                                                      0.100    51.664 r  u_mimo_detector_top/u_gram_matrix_compute/x_im_reg[3][21]_i_4391/CO[3]
                         net (fo=1, unplaced)         0.000    51.664    u_mimo_detector_top/u_gram_matrix_compute/x_im_reg[3][21]_i_4391_n_0
                         CARRY4 (Prop_carry4_CI_CO[3])
                                                      0.100    51.764 r  u_mimo_detector_top/u_gram_matrix_compute/x_im_reg[3][21]_i_4386/CO[3]
                         net (fo=1, unplaced)         0.000    51.764    u_mimo_detector_top/u_gram_matrix_compute/x_im_reg[3][21]_i_4386_n_0
                         CARRY4 (Prop_carry4_CI_CO[3])
                                                      0.100    51.864 r  u_mimo_detector_top/u_gram_matrix_compute/x_im_reg[3][21]_i_4381/CO[3]
                         net (fo=1, unplaced)         0.000    51.864    u_mimo_detector_top/u_gram_matrix_compute/x_im_reg[3][21]_i_4381_n_0
                         CARRY4 (Prop_carry4_CI_CO[3])
                                                      0.100    51.964 r  u_mimo_detector_top/u_gram_matrix_compute/x_im_reg[3][21]_i_4376/CO[3]
                         net (fo=1, unplaced)         0.000    51.964    u_mimo_detector_top/u_gram_matrix_compute/x_im_reg[3][21]_i_4376_n_0
                         CARRY4 (Prop_carry4_CI_CO[3])
                                                      0.100    52.064 r  u_mimo_detector_top/u_gram_matrix_compute/x_im_reg[3][21]_i_4371/CO[3]
                         net (fo=1, unplaced)         0.000    52.064    u_mimo_detector_top/u_gram_matrix_compute/x_im_reg[3][21]_i_4371_n_0
                         CARRY4 (Prop_carry4_CI_CO[3])
                                                      0.100    52.164 r  u_mimo_detector_top/u_gram_matrix_compute/x_im_reg[3][21]_i_4366/CO[3]
                         net (fo=1, unplaced)         0.000    52.164    u_mimo_detector_top/u_gram_matrix_compute/x_im_reg[3][21]_i_4366_n_0
                         CARRY4 (Prop_carry4_CI_CO[3])
                                                      0.100    52.264 r  u_mimo_detector_top/u_gram_matrix_compute/x_im_reg[3][21]_i_4361/CO[3]
                         net (fo=1, unplaced)         0.000    52.264    u_mimo_detector_top/u_gram_matrix_compute/x_im_reg[3][21]_i_4361_n_0
                         CARRY4 (Prop_carry4_CI_CO[3])
                                                      0.100    52.364 r  u_mimo_detector_top/u_gram_matrix_compute/x_im_reg[3][21]_i_4356/CO[3]
                         net (fo=1, unplaced)         0.000    52.364    u_mimo_detector_top/u_gram_matrix_compute/x_im_reg[3][21]_i_4356_n_0
                         CARRY4 (Prop_carry4_CI_CO[3])
                                                      0.100    52.464 r  u_mimo_detector_top/u_gram_matrix_compute/x_im_reg[3][21]_i_4351/CO[3]
                         net (fo=1, unplaced)         0.000    52.464    u_mimo_detector_top/u_gram_matrix_compute/x_im_reg[3][21]_i_4351_n_0
                         CARRY4 (Prop_carry4_CI_CO[3])
                                                      0.100    52.564 r  u_mimo_detector_top/u_gram_matrix_compute/x_im_reg[3][21]_i_4346/CO[3]
                         net (fo=1, unplaced)         0.000    52.564    u_mimo_detector_top/u_gram_matrix_compute/x_im_reg[3][21]_i_4346_n_0
                         CARRY4 (Prop_carry4_CI_CO[3])
                                                      0.100    52.664 r  u_mimo_detector_top/u_gram_matrix_compute/x_im_reg[3][21]_i_4341/CO[3]
                         net (fo=1, unplaced)         0.000    52.664    u_mimo_detector_top/u_gram_matrix_compute/x_im_reg[3][21]_i_4341_n_0
                         CARRY4 (Prop_carry4_CI_CO[3])
                                                      0.100    52.764 r  u_mimo_detector_top/u_gram_matrix_compute/x_im_reg[3][21]_i_4338/CO[3]
                         net (fo=1, unplaced)         0.000    52.764    u_mimo_detector_top/u_gram_matrix_compute/x_im_reg[3][21]_i_4338_n_0
                         CARRY4 (Prop_carry4_CI_CO[1])
                                                      0.150    52.914 r  u_mimo_detector_top/u_gram_matrix_compute/x_im_reg[3][21]_i_4337/CO[1]
                         net (fo=59, unplaced)        0.488    53.402    u_mimo_detector_top/u_gram_matrix_compute/x_im[3][21]_i_4487_0[0]
                         CARRY4 (Prop_carry4_CYINIT_CO[3])
                                                      0.666    54.068 r  u_mimo_detector_top/u_gram_matrix_compute/x_im_reg[3][21]_i_4254/CO[3]
                         net (fo=1, unplaced)         0.008    54.076    u_mimo_detector_top/u_gram_matrix_compute/x_im_reg[3][21]_i_4254_n_0
                         CARRY4 (Prop_carry4_CI_CO[3])
                                                      0.100    54.176 r  u_mimo_detector_top/u_gram_matrix_compute/x_im_reg[3][21]_i_4249/CO[3]
                         net (fo=1, unplaced)         0.000    54.176    u_mimo_detector_top/u_gram_matrix_compute/x_im_reg[3][21]_i_4249_n_0
                         CARRY4 (Prop_carry4_CI_CO[3])
                                                      0.100    54.276 r  u_mimo_detector_top/u_gram_matrix_compute/x_im_reg[3][21]_i_4244/CO[3]
                         net (fo=1, unplaced)         0.000    54.276    u_mimo_detector_top/u_gram_matrix_compute/x_im_reg[3][21]_i_4244_n_0
                         CARRY4 (Prop_carry4_CI_CO[3])
                                                      0.100    54.376 r  u_mimo_detector_top/u_gram_matrix_compute/x_im_reg[3][21]_i_4239/CO[3]
                         net (fo=1, unplaced)         0.000    54.376    u_mimo_detector_top/u_gram_matrix_compute/x_im_reg[3][21]_i_4239_n_0
                         CARRY4 (Prop_carry4_CI_CO[3])
                                                      0.100    54.476 r  u_mimo_detector_top/u_gram_matrix_compute/x_im_reg[3][21]_i_4234/CO[3]
                         net (fo=1, unplaced)         0.000    54.476    u_mimo_detector_top/u_gram_matrix_compute/x_im_reg[3][21]_i_4234_n_0
                         CARRY4 (Prop_carry4_CI_CO[3])
                                                      0.100    54.576 r  u_mimo_detector_top/u_gram_matrix_compute/x_im_reg[3][21]_i_4229/CO[3]
                         net (fo=1, unplaced)         0.000    54.576    u_mimo_detector_top/u_gram_matrix_compute/x_im_reg[3][21]_i_4229_n_0
                         CARRY4 (Prop_carry4_CI_CO[3])
                                                      0.100    54.676 r  u_mimo_detector_top/u_gram_matrix_compute/x_im_reg[3][21]_i_4224/CO[3]
                         net (fo=1, unplaced)         0.000    54.676    u_mimo_detector_top/u_gram_matrix_compute/x_im_reg[3][21]_i_4224_n_0
                         CARRY4 (Prop_carry4_CI_CO[3])
                                                      0.100    54.776 r  u_mimo_detector_top/u_gram_matrix_compute/x_im_reg[3][21]_i_4219/CO[3]
                         net (fo=1, unplaced)         0.000    54.776    u_mimo_detector_top/u_gram_matrix_compute/x_im_reg[3][21]_i_4219_n_0
                         CARRY4 (Prop_carry4_CI_CO[3])
                                                      0.100    54.876 r  u_mimo_detector_top/u_gram_matrix_compute/x_im_reg[3][21]_i_4214/CO[3]
                         net (fo=1, unplaced)         0.000    54.876    u_mimo_detector_top/u_gram_matrix_compute/x_im_reg[3][21]_i_4214_n_0
                         CARRY4 (Prop_carry4_CI_CO[3])
                                                      0.100    54.976 r  u_mimo_detector_top/u_gram_matrix_compute/x_im_reg[3][21]_i_4209/CO[3]
                         net (fo=1, unplaced)         0.000    54.976    u_mimo_detector_top/u_gram_matrix_compute/x_im_reg[3][21]_i_4209_n_0
                         CARRY4 (Prop_carry4_CI_CO[3])
                                                      0.100    55.076 r  u_mimo_detector_top/u_gram_matrix_compute/x_im_reg[3][21]_i_4204/CO[3]
                         net (fo=1, unplaced)         0.000    55.076    u_mimo_detector_top/u_gram_matrix_compute/x_im_reg[3][21]_i_4204_n_0
                         CARRY4 (Prop_carry4_CI_CO[3])
                                                      0.100    55.176 r  u_mimo_detector_top/u_gram_matrix_compute/x_im_reg[3][21]_i_4199/CO[3]
                         net (fo=1, unplaced)         0.000    55.176    u_mimo_detector_top/u_gram_matrix_compute/x_im_reg[3][21]_i_4199_n_0
                         CARRY4 (Prop_carry4_CI_CO[3])
                                                      0.100    55.276 r  u_mimo_detector_top/u_gram_matrix_compute/x_im_reg[3][21]_i_4194/CO[3]
                         net (fo=1, unplaced)         0.000    55.276    u_mimo_detector_top/u_gram_matrix_compute/x_im_reg[3][21]_i_4194_n_0
                         CARRY4 (Prop_carry4_CI_CO[3])
                                                      0.100    55.376 r  u_mimo_detector_top/u_gram_matrix_compute/x_im_reg[3][21]_i_4191/CO[3]
                         net (fo=1, unplaced)         0.000    55.376    u_mimo_detector_top/u_gram_matrix_compute/x_im_reg[3][21]_i_4191_n_0
                         CARRY4 (Prop_carry4_CI_CO[1])
                                                      0.150    55.526 r  u_mimo_detector_top/u_gram_matrix_compute/x_im_reg[3][21]_i_4190/CO[1]
                         net (fo=59, unplaced)        0.488    56.014    u_mimo_detector_top/u_gram_matrix_compute/x_im[3][21]_i_4340_0[0]
                         CARRY4 (Prop_carry4_CYINIT_CO[3])
                                                      0.666    56.680 r  u_mimo_detector_top/u_gram_matrix_compute/x_im_reg[3][21]_i_4108/CO[3]
                         net (fo=1, unplaced)         0.008    56.688    u_mimo_detector_top/u_gram_matrix_compute/x_im_reg[3][21]_i_4108_n_0
                         CARRY4 (Prop_carry4_CI_CO[3])
                                                      0.100    56.788 r  u_mimo_detector_top/u_gram_matrix_compute/x_im_reg[3][21]_i_4103/CO[3]
                         net (fo=1, unplaced)         0.000    56.788    u_mimo_detector_top/u_gram_matrix_compute/x_im_reg[3][21]_i_4103_n_0
                         CARRY4 (Prop_carry4_CI_CO[3])
                                                      0.100    56.888 r  u_mimo_detector_top/u_gram_matrix_compute/x_im_reg[3][21]_i_4098/CO[3]
                         net (fo=1, unplaced)         0.000    56.888    u_mimo_detector_top/u_gram_matrix_compute/x_im_reg[3][21]_i_4098_n_0
                         CARRY4 (Prop_carry4_CI_CO[3])
                                                      0.100    56.987 r  u_mimo_detector_top/u_gram_matrix_compute/x_im_reg[3][21]_i_4093/CO[3]
                         net (fo=1, unplaced)         0.000    56.987    u_mimo_detector_top/u_gram_matrix_compute/x_im_reg[3][21]_i_4093_n_0
                         CARRY4 (Prop_carry4_CI_CO[3])
                                                      0.100    57.087 r  u_mimo_detector_top/u_gram_matrix_compute/x_im_reg[3][21]_i_4088/CO[3]
                         net (fo=1, unplaced)         0.000    57.087    u_mimo_detector_top/u_gram_matrix_compute/x_im_reg[3][21]_i_4088_n_0
                         CARRY4 (Prop_carry4_CI_CO[3])
                                                      0.100    57.187 r  u_mimo_detector_top/u_gram_matrix_compute/x_im_reg[3][21]_i_4083/CO[3]
                         net (fo=1, unplaced)         0.000    57.187    u_mimo_detector_top/u_gram_matrix_compute/x_im_reg[3][21]_i_4083_n_0
                         CARRY4 (Prop_carry4_CI_CO[3])
                                                      0.100    57.287 r  u_mimo_detector_top/u_gram_matrix_compute/x_im_reg[3][21]_i_4078/CO[3]
                         net (fo=1, unplaced)         0.000    57.287    u_mimo_detector_top/u_gram_matrix_compute/x_im_reg[3][21]_i_4078_n_0
                         CARRY4 (Prop_carry4_CI_CO[3])
                                                      0.100    57.387 r  u_mimo_detector_top/u_gram_matrix_compute/x_im_reg[3][21]_i_4073/CO[3]
                         net (fo=1, unplaced)         0.000    57.387    u_mimo_detector_top/u_gram_matrix_compute/x_im_reg[3][21]_i_4073_n_0
                         CARRY4 (Prop_carry4_CI_CO[3])
                                                      0.100    57.487 r  u_mimo_detector_top/u_gram_matrix_compute/x_im_reg[3][21]_i_4068/CO[3]
                         net (fo=1, unplaced)         0.000    57.487    u_mimo_detector_top/u_gram_matrix_compute/x_im_reg[3][21]_i_4068_n_0
                         CARRY4 (Prop_carry4_CI_CO[3])
                                                      0.100    57.587 r  u_mimo_detector_top/u_gram_matrix_compute/x_im_reg[3][21]_i_4063/CO[3]
                         net (fo=1, unplaced)         0.000    57.587    u_mimo_detector_top/u_gram_matrix_compute/x_im_reg[3][21]_i_4063_n_0
                         CARRY4 (Prop_carry4_CI_CO[3])
                                                      0.100    57.687 r  u_mimo_detector_top/u_gram_matrix_compute/x_im_reg[3][21]_i_4058/CO[3]
                         net (fo=1, unplaced)         0.000    57.687    u_mimo_detector_top/u_gram_matrix_compute/x_im_reg[3][21]_i_4058_n_0
                         CARRY4 (Prop_carry4_CI_CO[3])
                                                      0.100    57.787 r  u_mimo_detector_top/u_gram_matrix_compute/x_im_reg[3][21]_i_4053/CO[3]
                         net (fo=1, unplaced)         0.000    57.787    u_mimo_detector_top/u_gram_matrix_compute/x_im_reg[3][21]_i_4053_n_0
                         CARRY4 (Prop_carry4_CI_CO[3])
                                                      0.100    57.887 r  u_mimo_detector_top/u_gram_matrix_compute/x_im_reg[3][21]_i_4048/CO[3]
                         net (fo=1, unplaced)         0.000    57.887    u_mimo_detector_top/u_gram_matrix_compute/x_im_reg[3][21]_i_4048_n_0
                         CARRY4 (Prop_carry4_CI_CO[3])
                                                      0.100    57.987 r  u_mimo_detector_top/u_gram_matrix_compute/x_im_reg[3][21]_i_4045/CO[3]
                         net (fo=1, unplaced)         0.000    57.987    u_mimo_detector_top/u_gram_matrix_compute/x_im_reg[3][21]_i_4045_n_0
                         CARRY4 (Prop_carry4_CI_CO[1])
                                                      0.150    58.137 r  u_mimo_detector_top/u_gram_matrix_compute/x_im_reg[3][21]_i_4044/CO[1]
                         net (fo=59, unplaced)        0.488    58.625    u_mimo_detector_top/u_gram_matrix_compute/x_im[3][21]_i_4193_0[0]
                         CARRY4 (Prop_carry4_CYINIT_CO[3])
                                                      0.666    59.291 r  u_mimo_detector_top/u_gram_matrix_compute/x_im_reg[3][21]_i_3962/CO[3]
                         net (fo=1, unplaced)         0.008    59.299    u_mimo_detector_top/u_gram_matrix_compute/x_im_reg[3][21]_i_3962_n_0
                         CARRY4 (Prop_carry4_CI_CO[3])
                                                      0.100    59.399 r  u_mimo_detector_top/u_gram_matrix_compute/x_im_reg[3][21]_i_3957/CO[3]
                         net (fo=1, unplaced)         0.000    59.399    u_mimo_detector_top/u_gram_matrix_compute/x_im_reg[3][21]_i_3957_n_0
                         CARRY4 (Prop_carry4_CI_CO[3])
                                                      0.100    59.499 r  u_mimo_detector_top/u_gram_matrix_compute/x_im_reg[3][21]_i_3952/CO[3]
                         net (fo=1, unplaced)         0.000    59.499    u_mimo_detector_top/u_gram_matrix_compute/x_im_reg[3][21]_i_3952_n_0
                         CARRY4 (Prop_carry4_CI_CO[3])
                                                      0.100    59.599 r  u_mimo_detector_top/u_gram_matrix_compute/x_im_reg[3][21]_i_3947/CO[3]
                         net (fo=1, unplaced)         0.000    59.599    u_mimo_detector_top/u_gram_matrix_compute/x_im_reg[3][21]_i_3947_n_0
                         CARRY4 (Prop_carry4_CI_CO[3])
                                                      0.100    59.699 r  u_mimo_detector_top/u_gram_matrix_compute/x_im_reg[3][21]_i_3942/CO[3]
                         net (fo=1, unplaced)         0.000    59.699    u_mimo_detector_top/u_gram_matrix_compute/x_im_reg[3][21]_i_3942_n_0
                         CARRY4 (Prop_carry4_CI_CO[3])
                                                      0.100    59.799 r  u_mimo_detector_top/u_gram_matrix_compute/x_im_reg[3][21]_i_3937/CO[3]
                         net (fo=1, unplaced)         0.000    59.799    u_mimo_detector_top/u_gram_matrix_compute/x_im_reg[3][21]_i_3937_n_0
                         CARRY4 (Prop_carry4_CI_CO[3])
                                                      0.100    59.899 r  u_mimo_detector_top/u_gram_matrix_compute/x_im_reg[3][21]_i_3932/CO[3]
                         net (fo=1, unplaced)         0.000    59.899    u_mimo_detector_top/u_gram_matrix_compute/x_im_reg[3][21]_i_3932_n_0
                         CARRY4 (Prop_carry4_CI_CO[3])
                                                      0.100    59.999 r  u_mimo_detector_top/u_gram_matrix_compute/x_im_reg[3][21]_i_3927/CO[3]
                         net (fo=1, unplaced)         0.000    59.999    u_mimo_detector_top/u_gram_matrix_compute/x_im_reg[3][21]_i_3927_n_0
                         CARRY4 (Prop_carry4_CI_CO[3])
                                                      0.100    60.099 r  u_mimo_detector_top/u_gram_matrix_compute/x_im_reg[3][21]_i_3922/CO[3]
                         net (fo=1, unplaced)         0.000    60.099    u_mimo_detector_top/u_gram_matrix_compute/x_im_reg[3][21]_i_3922_n_0
                         CARRY4 (Prop_carry4_CI_CO[3])
                                                      0.100    60.199 r  u_mimo_detector_top/u_gram_matrix_compute/x_im_reg[3][21]_i_3917/CO[3]
                         net (fo=1, unplaced)         0.000    60.199    u_mimo_detector_top/u_gram_matrix_compute/x_im_reg[3][21]_i_3917_n_0
                         CARRY4 (Prop_carry4_CI_CO[3])
                                                      0.100    60.299 r  u_mimo_detector_top/u_gram_matrix_compute/x_im_reg[3][21]_i_3912/CO[3]
                         net (fo=1, unplaced)         0.000    60.299    u_mimo_detector_top/u_gram_matrix_compute/x_im_reg[3][21]_i_3912_n_0
                         CARRY4 (Prop_carry4_CI_CO[3])
                                                      0.100    60.399 r  u_mimo_detector_top/u_gram_matrix_compute/x_im_reg[3][21]_i_3907/CO[3]
                         net (fo=1, unplaced)         0.000    60.399    u_mimo_detector_top/u_gram_matrix_compute/x_im_reg[3][21]_i_3907_n_0
                         CARRY4 (Prop_carry4_CI_CO[3])
                                                      0.100    60.499 r  u_mimo_detector_top/u_gram_matrix_compute/x_im_reg[3][21]_i_3902/CO[3]
                         net (fo=1, unplaced)         0.000    60.499    u_mimo_detector_top/u_gram_matrix_compute/x_im_reg[3][21]_i_3902_n_0
                         CARRY4 (Prop_carry4_CI_CO[3])
                                                      0.100    60.599 r  u_mimo_detector_top/u_gram_matrix_compute/x_im_reg[3][21]_i_3899/CO[3]
                         net (fo=1, unplaced)         0.000    60.599    u_mimo_detector_top/u_gram_matrix_compute/x_im_reg[3][21]_i_3899_n_0
                         CARRY4 (Prop_carry4_CI_CO[1])
                                                      0.150    60.749 r  u_mimo_detector_top/u_gram_matrix_compute/x_im_reg[3][21]_i_3898/CO[1]
                         net (fo=59, unplaced)        0.488    61.237    u_mimo_detector_top/u_gram_matrix_compute/x_im[3][21]_i_4047_0[0]
                         CARRY4 (Prop_carry4_CYINIT_CO[3])
                                                      0.666    61.903 r  u_mimo_detector_top/u_gram_matrix_compute/x_im_reg[3][21]_i_3812/CO[3]
                         net (fo=1, unplaced)         0.008    61.911    u_mimo_detector_top/u_gram_matrix_compute/x_im_reg[3][21]_i_3812_n_0
                         CARRY4 (Prop_carry4_CI_CO[3])
                                                      0.100    62.011 r  u_mimo_detector_top/u_gram_matrix_compute/x_im_reg[3][21]_i_3807/CO[3]
                         net (fo=1, unplaced)         0.000    62.011    u_mimo_detector_top/u_gram_matrix_compute/x_im_reg[3][21]_i_3807_n_0
                         CARRY4 (Prop_carry4_CI_CO[3])
                                                      0.100    62.111 r  u_mimo_detector_top/u_gram_matrix_compute/x_im_reg[3][21]_i_3802/CO[3]
                         net (fo=1, unplaced)         0.000    62.111    u_mimo_detector_top/u_gram_matrix_compute/x_im_reg[3][21]_i_3802_n_0
                         CARRY4 (Prop_carry4_CI_CO[3])
                                                      0.100    62.211 r  u_mimo_detector_top/u_gram_matrix_compute/x_im_reg[3][21]_i_3797/CO[3]
                         net (fo=1, unplaced)         0.000    62.211    u_mimo_detector_top/u_gram_matrix_compute/x_im_reg[3][21]_i_3797_n_0
                         CARRY4 (Prop_carry4_CI_CO[3])
                                                      0.100    62.311 r  u_mimo_detector_top/u_gram_matrix_compute/x_im_reg[3][21]_i_3792/CO[3]
                         net (fo=1, unplaced)         0.000    62.311    u_mimo_detector_top/u_gram_matrix_compute/x_im_reg[3][21]_i_3792_n_0
                         CARRY4 (Prop_carry4_CI_CO[3])
                                                      0.100    62.411 r  u_mimo_detector_top/u_gram_matrix_compute/x_im_reg[3][21]_i_3787/CO[3]
                         net (fo=1, unplaced)         0.000    62.411    u_mimo_detector_top/u_gram_matrix_compute/x_im_reg[3][21]_i_3787_n_0
                         CARRY4 (Prop_carry4_CI_CO[3])
                                                      0.100    62.511 r  u_mimo_detector_top/u_gram_matrix_compute/x_im_reg[3][21]_i_3782/CO[3]
                         net (fo=1, unplaced)         0.000    62.511    u_mimo_detector_top/u_gram_matrix_compute/x_im_reg[3][21]_i_3782_n_0
                         CARRY4 (Prop_carry4_CI_CO[3])
                                                      0.100    62.611 r  u_mimo_detector_top/u_gram_matrix_compute/x_im_reg[3][21]_i_3777/CO[3]
                         net (fo=1, unplaced)         0.000    62.611    u_mimo_detector_top/u_gram_matrix_compute/x_im_reg[3][21]_i_3777_n_0
                         CARRY4 (Prop_carry4_CI_CO[3])
                                                      0.100    62.711 r  u_mimo_detector_top/u_gram_matrix_compute/x_im_reg[3][21]_i_3772/CO[3]
                         net (fo=1, unplaced)         0.000    62.711    u_mimo_detector_top/u_gram_matrix_compute/x_im_reg[3][21]_i_3772_n_0
                         CARRY4 (Prop_carry4_CI_CO[3])
                                                      0.100    62.811 r  u_mimo_detector_top/u_gram_matrix_compute/x_im_reg[3][21]_i_3767/CO[3]
                         net (fo=1, unplaced)         0.000    62.811    u_mimo_detector_top/u_gram_matrix_compute/x_im_reg[3][21]_i_3767_n_0
                         CARRY4 (Prop_carry4_CI_CO[3])
                                                      0.100    62.911 r  u_mimo_detector_top/u_gram_matrix_compute/x_im_reg[3][21]_i_3762/CO[3]
                         net (fo=1, unplaced)         0.000    62.911    u_mimo_detector_top/u_gram_matrix_compute/x_im_reg[3][21]_i_3762_n_0
                         CARRY4 (Prop_carry4_CI_CO[3])
                                                      0.100    63.011 r  u_mimo_detector_top/u_gram_matrix_compute/x_im_reg[3][21]_i_3757/CO[3]
                         net (fo=1, unplaced)         0.000    63.011    u_mimo_detector_top/u_gram_matrix_compute/x_im_reg[3][21]_i_3757_n_0
                         CARRY4 (Prop_carry4_CI_CO[3])
                                                      0.100    63.111 r  u_mimo_detector_top/u_gram_matrix_compute/x_im_reg[3][21]_i_3752/CO[3]
                         net (fo=1, unplaced)         0.000    63.111    u_mimo_detector_top/u_gram_matrix_compute/x_im_reg[3][21]_i_3752_n_0
                         CARRY4 (Prop_carry4_CI_CO[3])
                                                      0.100    63.211 r  u_mimo_detector_top/u_gram_matrix_compute/x_im_reg[3][21]_i_3749/CO[3]
                         net (fo=1, unplaced)         0.000    63.211    u_mimo_detector_top/u_gram_matrix_compute/x_im_reg[3][21]_i_3749_n_0
                         CARRY4 (Prop_carry4_CI_CO[1])
                                                      0.150    63.361 r  u_mimo_detector_top/u_gram_matrix_compute/x_im_reg[3][21]_i_3748/CO[1]
                         net (fo=59, unplaced)        0.488    63.849    u_mimo_detector_top/u_gram_matrix_compute/x_im[3][21]_i_3901_0[0]
                         CARRY4 (Prop_carry4_CYINIT_CO[3])
                                                      0.666    64.515 r  u_mimo_detector_top/u_gram_matrix_compute/x_im_reg[3][21]_i_3649/CO[3]
                         net (fo=1, unplaced)         0.008    64.523    u_mimo_detector_top/u_gram_matrix_compute/x_im_reg[3][21]_i_3649_n_0
                         CARRY4 (Prop_carry4_CI_CO[3])
                                                      0.100    64.623 r  u_mimo_detector_top/u_gram_matrix_compute/x_im_reg[3][21]_i_3644/CO[3]
                         net (fo=1, unplaced)         0.000    64.623    u_mimo_detector_top/u_gram_matrix_compute/x_im_reg[3][21]_i_3644_n_0
                         CARRY4 (Prop_carry4_CI_CO[3])
                                                      0.100    64.723 r  u_mimo_detector_top/u_gram_matrix_compute/x_im_reg[3][21]_i_3639/CO[3]
                         net (fo=1, unplaced)         0.000    64.723    u_mimo_detector_top/u_gram_matrix_compute/x_im_reg[3][21]_i_3639_n_0
                         CARRY4 (Prop_carry4_CI_CO[3])
                                                      0.100    64.823 r  u_mimo_detector_top/u_gram_matrix_compute/x_im_reg[3][21]_i_3634/CO[3]
                         net (fo=1, unplaced)         0.000    64.823    u_mimo_detector_top/u_gram_matrix_compute/x_im_reg[3][21]_i_3634_n_0
                         CARRY4 (Prop_carry4_CI_CO[3])
                                                      0.100    64.923 r  u_mimo_detector_top/u_gram_matrix_compute/x_im_reg[3][21]_i_3629/CO[3]
                         net (fo=1, unplaced)         0.000    64.923    u_mimo_detector_top/u_gram_matrix_compute/x_im_reg[3][21]_i_3629_n_0
                         CARRY4 (Prop_carry4_CI_CO[3])
                                                      0.100    65.023 r  u_mimo_detector_top/u_gram_matrix_compute/x_im_reg[3][21]_i_3624/CO[3]
                         net (fo=1, unplaced)         0.000    65.023    u_mimo_detector_top/u_gram_matrix_compute/x_im_reg[3][21]_i_3624_n_0
                         CARRY4 (Prop_carry4_CI_CO[3])
                                                      0.100    65.123 r  u_mimo_detector_top/u_gram_matrix_compute/x_im_reg[3][21]_i_3619/CO[3]
                         net (fo=1, unplaced)         0.000    65.123    u_mimo_detector_top/u_gram_matrix_compute/x_im_reg[3][21]_i_3619_n_0
                         CARRY4 (Prop_carry4_CI_CO[3])
                                                      0.100    65.223 r  u_mimo_detector_top/u_gram_matrix_compute/x_im_reg[3][21]_i_3614/CO[3]
                         net (fo=1, unplaced)         0.000    65.223    u_mimo_detector_top/u_gram_matrix_compute/x_im_reg[3][21]_i_3614_n_0
                         CARRY4 (Prop_carry4_CI_CO[3])
                                                      0.100    65.323 r  u_mimo_detector_top/u_gram_matrix_compute/x_im_reg[3][21]_i_3609/CO[3]
                         net (fo=1, unplaced)         0.000    65.323    u_mimo_detector_top/u_gram_matrix_compute/x_im_reg[3][21]_i_3609_n_0
                         CARRY4 (Prop_carry4_CI_CO[3])
                                                      0.100    65.423 r  u_mimo_detector_top/u_gram_matrix_compute/x_im_reg[3][21]_i_3604/CO[3]
                         net (fo=1, unplaced)         0.000    65.423    u_mimo_detector_top/u_gram_matrix_compute/x_im_reg[3][21]_i_3604_n_0
                         CARRY4 (Prop_carry4_CI_CO[3])
                                                      0.100    65.523 r  u_mimo_detector_top/u_gram_matrix_compute/x_im_reg[3][21]_i_3599/CO[3]
                         net (fo=1, unplaced)         0.000    65.523    u_mimo_detector_top/u_gram_matrix_compute/x_im_reg[3][21]_i_3599_n_0
                         CARRY4 (Prop_carry4_CI_CO[3])
                                                      0.100    65.623 r  u_mimo_detector_top/u_gram_matrix_compute/x_im_reg[3][21]_i_3594/CO[3]
                         net (fo=1, unplaced)         0.000    65.623    u_mimo_detector_top/u_gram_matrix_compute/x_im_reg[3][21]_i_3594_n_0
                         CARRY4 (Prop_carry4_CI_CO[3])
                                                      0.100    65.723 r  u_mimo_detector_top/u_gram_matrix_compute/x_im_reg[3][21]_i_3589/CO[3]
                         net (fo=1, unplaced)         0.000    65.723    u_mimo_detector_top/u_gram_matrix_compute/x_im_reg[3][21]_i_3589_n_0
                         CARRY4 (Prop_carry4_CI_CO[3])
                                                      0.100    65.823 r  u_mimo_detector_top/u_gram_matrix_compute/x_im_reg[3][21]_i_3586/CO[3]
                         net (fo=1, unplaced)         0.000    65.823    u_mimo_detector_top/u_gram_matrix_compute/x_im_reg[3][21]_i_3586_n_0
                         CARRY4 (Prop_carry4_CI_CO[1])
                                                      0.150    65.973 r  u_mimo_detector_top/u_gram_matrix_compute/x_im_reg[3][21]_i_3585/CO[1]
                         net (fo=59, unplaced)        0.488    66.461    u_mimo_detector_top/u_gram_matrix_compute/x_im[3][21]_i_3751_0[0]
                         CARRY4 (Prop_carry4_CYINIT_CO[3])
                                                      0.666    67.127 r  u_mimo_detector_top/u_gram_matrix_compute/x_im_reg[3][21]_i_3482/CO[3]
                         net (fo=1, unplaced)         0.008    67.135    u_mimo_detector_top/u_gram_matrix_compute/x_im_reg[3][21]_i_3482_n_0
                         CARRY4 (Prop_carry4_CI_CO[3])
                                                      0.100    67.235 r  u_mimo_detector_top/u_gram_matrix_compute/x_im_reg[3][21]_i_3477/CO[3]
                         net (fo=1, unplaced)         0.000    67.235    u_mimo_detector_top/u_gram_matrix_compute/x_im_reg[3][21]_i_3477_n_0
                         CARRY4 (Prop_carry4_CI_CO[3])
                                                      0.100    67.335 r  u_mimo_detector_top/u_gram_matrix_compute/x_im_reg[3][21]_i_3472/CO[3]
                         net (fo=1, unplaced)         0.000    67.335    u_mimo_detector_top/u_gram_matrix_compute/x_im_reg[3][21]_i_3472_n_0
                         CARRY4 (Prop_carry4_CI_CO[3])
                                                      0.100    67.435 r  u_mimo_detector_top/u_gram_matrix_compute/x_im_reg[3][21]_i_3467/CO[3]
                         net (fo=1, unplaced)         0.000    67.435    u_mimo_detector_top/u_gram_matrix_compute/x_im_reg[3][21]_i_3467_n_0
                         CARRY4 (Prop_carry4_CI_CO[3])
                                                      0.100    67.535 r  u_mimo_detector_top/u_gram_matrix_compute/x_im_reg[3][21]_i_3462/CO[3]
                         net (fo=1, unplaced)         0.000    67.535    u_mimo_detector_top/u_gram_matrix_compute/x_im_reg[3][21]_i_3462_n_0
                         CARRY4 (Prop_carry4_CI_CO[3])
                                                      0.100    67.635 r  u_mimo_detector_top/u_gram_matrix_compute/x_im_reg[3][21]_i_3457/CO[3]
                         net (fo=1, unplaced)         0.000    67.635    u_mimo_detector_top/u_gram_matrix_compute/x_im_reg[3][21]_i_3457_n_0
                         CARRY4 (Prop_carry4_CI_CO[3])
                                                      0.100    67.735 r  u_mimo_detector_top/u_gram_matrix_compute/x_im_reg[3][21]_i_3452/CO[3]
                         net (fo=1, unplaced)         0.000    67.735    u_mimo_detector_top/u_gram_matrix_compute/x_im_reg[3][21]_i_3452_n_0
                         CARRY4 (Prop_carry4_CI_CO[3])
                                                      0.100    67.835 r  u_mimo_detector_top/u_gram_matrix_compute/x_im_reg[3][21]_i_3447/CO[3]
                         net (fo=1, unplaced)         0.000    67.835    u_mimo_detector_top/u_gram_matrix_compute/x_im_reg[3][21]_i_3447_n_0
                         CARRY4 (Prop_carry4_CI_CO[3])
                                                      0.100    67.935 r  u_mimo_detector_top/u_gram_matrix_compute/x_im_reg[3][21]_i_3442/CO[3]
                         net (fo=1, unplaced)         0.000    67.935    u_mimo_detector_top/u_gram_matrix_compute/x_im_reg[3][21]_i_3442_n_0
                         CARRY4 (Prop_carry4_CI_CO[3])
                                                      0.100    68.035 r  u_mimo_detector_top/u_gram_matrix_compute/x_im_reg[3][21]_i_3437/CO[3]
                         net (fo=1, unplaced)         0.000    68.035    u_mimo_detector_top/u_gram_matrix_compute/x_im_reg[3][21]_i_3437_n_0
                         CARRY4 (Prop_carry4_CI_CO[3])
                                                      0.100    68.135 r  u_mimo_detector_top/u_gram_matrix_compute/x_im_reg[3][21]_i_3432/CO[3]
                         net (fo=1, unplaced)         0.000    68.135    u_mimo_detector_top/u_gram_matrix_compute/x_im_reg[3][21]_i_3432_n_0
                         CARRY4 (Prop_carry4_CI_CO[3])
                                                      0.100    68.235 r  u_mimo_detector_top/u_gram_matrix_compute/x_im_reg[3][21]_i_3427/CO[3]
                         net (fo=1, unplaced)         0.000    68.235    u_mimo_detector_top/u_gram_matrix_compute/x_im_reg[3][21]_i_3427_n_0
                         CARRY4 (Prop_carry4_CI_CO[3])
                                                      0.100    68.335 r  u_mimo_detector_top/u_gram_matrix_compute/x_im_reg[3][21]_i_3422/CO[3]
                         net (fo=1, unplaced)         0.000    68.335    u_mimo_detector_top/u_gram_matrix_compute/x_im_reg[3][21]_i_3422_n_0
                         CARRY4 (Prop_carry4_CI_CO[3])
                                                      0.100    68.435 r  u_mimo_detector_top/u_gram_matrix_compute/x_im_reg[3][21]_i_3419/CO[3]
                         net (fo=1, unplaced)         0.000    68.435    u_mimo_detector_top/u_gram_matrix_compute/x_im_reg[3][21]_i_3419_n_0
                         CARRY4 (Prop_carry4_CI_CO[1])
                                                      0.150    68.585 r  u_mimo_detector_top/u_gram_matrix_compute/x_im_reg[3][21]_i_3418/CO[1]
                         net (fo=59, unplaced)        0.488    69.073    u_mimo_detector_top/u_gram_matrix_compute/x_im[3][21]_i_3588_0[0]
                         CARRY4 (Prop_carry4_CYINIT_CO[3])
                                                      0.666    69.739 r  u_mimo_detector_top/u_gram_matrix_compute/x_im_reg[3][21]_i_3279/CO[3]
                         net (fo=1, unplaced)         0.008    69.747    u_mimo_detector_top/u_gram_matrix_compute/x_im_reg[3][21]_i_3279_n_0
                         CARRY4 (Prop_carry4_CI_CO[3])
                                                      0.100    69.847 r  u_mimo_detector_top/u_gram_matrix_compute/x_im_reg[3][21]_i_3274/CO[3]
                         net (fo=1, unplaced)         0.000    69.847    u_mimo_detector_top/u_gram_matrix_compute/x_im_reg[3][21]_i_3274_n_0
                         CARRY4 (Prop_carry4_CI_CO[3])
                                                      0.100    69.947 r  u_mimo_detector_top/u_gram_matrix_compute/x_im_reg[3][21]_i_3269/CO[3]
                         net (fo=1, unplaced)         0.000    69.947    u_mimo_detector_top/u_gram_matrix_compute/x_im_reg[3][21]_i_3269_n_0
                         CARRY4 (Prop_carry4_CI_CO[3])
                                                      0.100    70.047 r  u_mimo_detector_top/u_gram_matrix_compute/x_im_reg[3][21]_i_3264/CO[3]
                         net (fo=1, unplaced)         0.000    70.047    u_mimo_detector_top/u_gram_matrix_compute/x_im_reg[3][21]_i_3264_n_0
                         CARRY4 (Prop_carry4_CI_CO[3])
                                                      0.100    70.147 r  u_mimo_detector_top/u_gram_matrix_compute/x_im_reg[3][21]_i_3259/CO[3]
                         net (fo=1, unplaced)         0.000    70.147    u_mimo_detector_top/u_gram_matrix_compute/x_im_reg[3][21]_i_3259_n_0
                         CARRY4 (Prop_carry4_CI_CO[3])
                                                      0.100    70.247 r  u_mimo_detector_top/u_gram_matrix_compute/x_im_reg[3][21]_i_3254/CO[3]
                         net (fo=1, unplaced)         0.000    70.247    u_mimo_detector_top/u_gram_matrix_compute/x_im_reg[3][21]_i_3254_n_0
                         CARRY4 (Prop_carry4_CI_CO[3])
                                                      0.100    70.347 r  u_mimo_detector_top/u_gram_matrix_compute/x_im_reg[3][21]_i_3249/CO[3]
                         net (fo=1, unplaced)         0.000    70.347    u_mimo_detector_top/u_gram_matrix_compute/x_im_reg[3][21]_i_3249_n_0
                         CARRY4 (Prop_carry4_CI_CO[3])
                                                      0.100    70.447 r  u_mimo_detector_top/u_gram_matrix_compute/x_im_reg[3][21]_i_3244/CO[3]
                         net (fo=1, unplaced)         0.000    70.447    u_mimo_detector_top/u_gram_matrix_compute/x_im_reg[3][21]_i_3244_n_0
                         CARRY4 (Prop_carry4_CI_CO[3])
                                                      0.100    70.547 r  u_mimo_detector_top/u_gram_matrix_compute/x_im_reg[3][21]_i_3239/CO[3]
                         net (fo=1, unplaced)         0.000    70.547    u_mimo_detector_top/u_gram_matrix_compute/x_im_reg[3][21]_i_3239_n_0
                         CARRY4 (Prop_carry4_CI_CO[3])
                                                      0.100    70.647 r  u_mimo_detector_top/u_gram_matrix_compute/x_im_reg[3][21]_i_3234/CO[3]
                         net (fo=1, unplaced)         0.000    70.647    u_mimo_detector_top/u_gram_matrix_compute/x_im_reg[3][21]_i_3234_n_0
                         CARRY4 (Prop_carry4_CI_CO[3])
                                                      0.100    70.747 r  u_mimo_detector_top/u_gram_matrix_compute/x_im_reg[3][21]_i_3229/CO[3]
                         net (fo=1, unplaced)         0.000    70.747    u_mimo_detector_top/u_gram_matrix_compute/x_im_reg[3][21]_i_3229_n_0
                         CARRY4 (Prop_carry4_CI_CO[3])
                                                      0.100    70.847 r  u_mimo_detector_top/u_gram_matrix_compute/x_im_reg[3][21]_i_3224/CO[3]
                         net (fo=1, unplaced)         0.000    70.847    u_mimo_detector_top/u_gram_matrix_compute/x_im_reg[3][21]_i_3224_n_0
                         CARRY4 (Prop_carry4_CI_CO[3])
                                                      0.100    70.947 r  u_mimo_detector_top/u_gram_matrix_compute/x_im_reg[3][21]_i_3219/CO[3]
                         net (fo=1, unplaced)         0.000    70.947    u_mimo_detector_top/u_gram_matrix_compute/x_im_reg[3][21]_i_3219_n_0
                         CARRY4 (Prop_carry4_CI_CO[3])
                                                      0.100    71.047 r  u_mimo_detector_top/u_gram_matrix_compute/x_im_reg[3][21]_i_3216/CO[3]
                         net (fo=1, unplaced)         0.000    71.047    u_mimo_detector_top/u_gram_matrix_compute/x_im_reg[3][21]_i_3216_n_0
                         CARRY4 (Prop_carry4_CI_CO[1])
                                                      0.150    71.197 r  u_mimo_detector_top/u_gram_matrix_compute/x_im_reg[3][21]_i_3215/CO[1]
                         net (fo=59, unplaced)        0.488    71.685    u_mimo_detector_top/u_gram_matrix_compute/x_im[3][21]_i_3421_0[0]
                         CARRY4 (Prop_carry4_CYINIT_CO[3])
                                                      0.666    72.351 r  u_mimo_detector_top/u_gram_matrix_compute/x_im_reg[3][21]_i_3210/CO[3]
                         net (fo=1, unplaced)         0.008    72.359    u_mimo_detector_top/u_gram_matrix_compute/x_im_reg[3][21]_i_3210_n_0
                         CARRY4 (Prop_carry4_CI_CO[3])
                                                      0.100    72.459 r  u_mimo_detector_top/u_gram_matrix_compute/x_im_reg[3][21]_i_3015/CO[3]
                         net (fo=1, unplaced)         0.000    72.459    u_mimo_detector_top/u_gram_matrix_compute/x_im_reg[3][21]_i_3015_n_0
                         CARRY4 (Prop_carry4_CI_CO[3])
                                                      0.100    72.559 r  u_mimo_detector_top/u_gram_matrix_compute/x_im_reg[3][21]_i_3010/CO[3]
                         net (fo=1, unplaced)         0.000    72.559    u_mimo_detector_top/u_gram_matrix_compute/x_im_reg[3][21]_i_3010_n_0
                         CARRY4 (Prop_carry4_CI_CO[3])
                                                      0.100    72.659 r  u_mimo_detector_top/u_gram_matrix_compute/x_im_reg[3][21]_i_3005/CO[3]
                         net (fo=1, unplaced)         0.000    72.659    u_mimo_detector_top/u_gram_matrix_compute/x_im_reg[3][21]_i_3005_n_0
                         CARRY4 (Prop_carry4_CI_CO[3])
                                                      0.100    72.759 r  u_mimo_detector_top/u_gram_matrix_compute/x_im_reg[3][21]_i_3000/CO[3]
                         net (fo=1, unplaced)         0.000    72.759    u_mimo_detector_top/u_gram_matrix_compute/x_im_reg[3][21]_i_3000_n_0
                         CARRY4 (Prop_carry4_CI_CO[3])
                                                      0.100    72.859 r  u_mimo_detector_top/u_gram_matrix_compute/x_im_reg[3][21]_i_2995/CO[3]
                         net (fo=1, unplaced)         0.000    72.859    u_mimo_detector_top/u_gram_matrix_compute/x_im_reg[3][21]_i_2995_n_0
                         CARRY4 (Prop_carry4_CI_CO[3])
                                                      0.100    72.959 r  u_mimo_detector_top/u_gram_matrix_compute/x_im_reg[3][21]_i_2990/CO[3]
                         net (fo=1, unplaced)         0.000    72.959    u_mimo_detector_top/u_gram_matrix_compute/x_im_reg[3][21]_i_2990_n_0
                         CARRY4 (Prop_carry4_CI_CO[3])
                                                      0.100    73.059 r  u_mimo_detector_top/u_gram_matrix_compute/x_im_reg[3][21]_i_2985/CO[3]
                         net (fo=1, unplaced)         0.000    73.059    u_mimo_detector_top/u_gram_matrix_compute/x_im_reg[3][21]_i_2985_n_0
                         CARRY4 (Prop_carry4_CI_CO[3])
                                                      0.100    73.159 r  u_mimo_detector_top/u_gram_matrix_compute/x_im_reg[3][21]_i_2980/CO[3]
                         net (fo=1, unplaced)         0.000    73.159    u_mimo_detector_top/u_gram_matrix_compute/x_im_reg[3][21]_i_2980_n_0
                         CARRY4 (Prop_carry4_CI_CO[3])
                                                      0.100    73.259 r  u_mimo_detector_top/u_gram_matrix_compute/x_im_reg[3][21]_i_2975/CO[3]
                         net (fo=1, unplaced)         0.000    73.259    u_mimo_detector_top/u_gram_matrix_compute/x_im_reg[3][21]_i_2975_n_0
                         CARRY4 (Prop_carry4_CI_CO[3])
                                                      0.100    73.359 r  u_mimo_detector_top/u_gram_matrix_compute/x_im_reg[3][21]_i_2970/CO[3]
                         net (fo=1, unplaced)         0.000    73.359    u_mimo_detector_top/u_gram_matrix_compute/x_im_reg[3][21]_i_2970_n_0
                         CARRY4 (Prop_carry4_CI_CO[3])
                                                      0.100    73.459 r  u_mimo_detector_top/u_gram_matrix_compute/x_im_reg[3][21]_i_2965/CO[3]
                         net (fo=1, unplaced)         0.000    73.459    u_mimo_detector_top/u_gram_matrix_compute/x_im_reg[3][21]_i_2965_n_0
                         CARRY4 (Prop_carry4_CI_CO[3])
                                                      0.100    73.559 r  u_mimo_detector_top/u_gram_matrix_compute/x_im_reg[3][21]_i_2960/CO[3]
                         net (fo=1, unplaced)         0.000    73.559    u_mimo_detector_top/u_gram_matrix_compute/x_im_reg[3][21]_i_2960_n_0
                         CARRY4 (Prop_carry4_CI_CO[3])
                                                      0.100    73.659 r  u_mimo_detector_top/u_gram_matrix_compute/x_im_reg[3][21]_i_2957/CO[3]
                         net (fo=1, unplaced)         0.000    73.659    u_mimo_detector_top/u_gram_matrix_compute/x_im_reg[3][21]_i_2957_n_0
                         CARRY4 (Prop_carry4_CI_CO[1])
                                                      0.150    73.809 r  u_mimo_detector_top/u_gram_matrix_compute/x_im_reg[3][21]_i_2956/CO[1]
                         net (fo=59, unplaced)        0.488    74.297    u_mimo_detector_top/u_gram_matrix_compute/x_im[3][21]_i_3218_0[0]
                         CARRY4 (Prop_carry4_CYINIT_CO[3])
                                                      0.666    74.963 r  u_mimo_detector_top/u_gram_matrix_compute/x_im_reg[3][21]_i_3205/CO[3]
                         net (fo=1, unplaced)         0.008    74.971    u_mimo_detector_top/u_gram_matrix_compute/x_im_reg[3][21]_i_3205_n_0
                         CARRY4 (Prop_carry4_CI_CO[3])
                                                      0.100    75.071 r  u_mimo_detector_top/u_gram_matrix_compute/x_im_reg[3][21]_i_2951/CO[3]
                         net (fo=1, unplaced)         0.000    75.071    u_mimo_detector_top/u_gram_matrix_compute/x_im_reg[3][21]_i_2951_n_0
                         CARRY4 (Prop_carry4_CI_CO[3])
                                                      0.100    75.171 r  u_mimo_detector_top/u_gram_matrix_compute/x_im_reg[3][21]_i_2754/CO[3]
                         net (fo=1, unplaced)         0.000    75.171    u_mimo_detector_top/u_gram_matrix_compute/x_im_reg[3][21]_i_2754_n_0
                         CARRY4 (Prop_carry4_CI_CO[3])
                                                      0.100    75.271 r  u_mimo_detector_top/u_gram_matrix_compute/x_im_reg[3][21]_i_2749/CO[3]
                         net (fo=1, unplaced)         0.000    75.271    u_mimo_detector_top/u_gram_matrix_compute/x_im_reg[3][21]_i_2749_n_0
                         CARRY4 (Prop_carry4_CI_CO[3])
                                                      0.100    75.371 r  u_mimo_detector_top/u_gram_matrix_compute/x_im_reg[3][21]_i_2744/CO[3]
                         net (fo=1, unplaced)         0.000    75.371    u_mimo_detector_top/u_gram_matrix_compute/x_im_reg[3][21]_i_2744_n_0
                         CARRY4 (Prop_carry4_CI_CO[3])
                                                      0.100    75.471 r  u_mimo_detector_top/u_gram_matrix_compute/x_im_reg[3][21]_i_2739/CO[3]
                         net (fo=1, unplaced)         0.000    75.471    u_mimo_detector_top/u_gram_matrix_compute/x_im_reg[3][21]_i_2739_n_0
                         CARRY4 (Prop_carry4_CI_CO[3])
                                                      0.100    75.571 r  u_mimo_detector_top/u_gram_matrix_compute/x_im_reg[3][21]_i_2734/CO[3]
                         net (fo=1, unplaced)         0.000    75.571    u_mimo_detector_top/u_gram_matrix_compute/x_im_reg[3][21]_i_2734_n_0
                         CARRY4 (Prop_carry4_CI_CO[3])
                                                      0.100    75.671 r  u_mimo_detector_top/u_gram_matrix_compute/x_im_reg[3][21]_i_2729/CO[3]
                         net (fo=1, unplaced)         0.000    75.671    u_mimo_detector_top/u_gram_matrix_compute/x_im_reg[3][21]_i_2729_n_0
                         CARRY4 (Prop_carry4_CI_CO[3])
                                                      0.100    75.771 r  u_mimo_detector_top/u_gram_matrix_compute/x_im_reg[3][21]_i_2724/CO[3]
                         net (fo=1, unplaced)         0.000    75.771    u_mimo_detector_top/u_gram_matrix_compute/x_im_reg[3][21]_i_2724_n_0
                         CARRY4 (Prop_carry4_CI_CO[3])
                                                      0.100    75.871 r  u_mimo_detector_top/u_gram_matrix_compute/x_im_reg[3][21]_i_2719/CO[3]
                         net (fo=1, unplaced)         0.000    75.871    u_mimo_detector_top/u_gram_matrix_compute/x_im_reg[3][21]_i_2719_n_0
                         CARRY4 (Prop_carry4_CI_CO[3])
                                                      0.100    75.971 r  u_mimo_detector_top/u_gram_matrix_compute/x_im_reg[3][21]_i_2714/CO[3]
                         net (fo=1, unplaced)         0.000    75.971    u_mimo_detector_top/u_gram_matrix_compute/x_im_reg[3][21]_i_2714_n_0
                         CARRY4 (Prop_carry4_CI_CO[3])
                                                      0.100    76.071 r  u_mimo_detector_top/u_gram_matrix_compute/x_im_reg[3][21]_i_2709/CO[3]
                         net (fo=1, unplaced)         0.000    76.071    u_mimo_detector_top/u_gram_matrix_compute/x_im_reg[3][21]_i_2709_n_0
                         CARRY4 (Prop_carry4_CI_CO[3])
                                                      0.100    76.171 r  u_mimo_detector_top/u_gram_matrix_compute/x_im_reg[3][21]_i_2704/CO[3]
                         net (fo=1, unplaced)         0.000    76.171    u_mimo_detector_top/u_gram_matrix_compute/x_im_reg[3][21]_i_2704_n_0
                         CARRY4 (Prop_carry4_CI_CO[3])
                                                      0.100    76.271 r  u_mimo_detector_top/u_gram_matrix_compute/x_im_reg[3][21]_i_2701/CO[3]
                         net (fo=1, unplaced)         0.000    76.271    u_mimo_detector_top/u_gram_matrix_compute/x_im_reg[3][21]_i_2701_n_0
                         CARRY4 (Prop_carry4_CI_CO[1])
                                                      0.150    76.421 r  u_mimo_detector_top/u_gram_matrix_compute/x_im_reg[3][21]_i_2700/CO[1]
                         net (fo=59, unplaced)        0.488    76.909    u_mimo_detector_top/u_gram_matrix_compute/x_im[3][21]_i_2959_0[0]
                         CARRY4 (Prop_carry4_CYINIT_CO[3])
                                                      0.666    77.575 r  u_mimo_detector_top/u_gram_matrix_compute/x_im_reg[3][21]_i_3200/CO[3]
                         net (fo=1, unplaced)         0.008    77.583    u_mimo_detector_top/u_gram_matrix_compute/x_im_reg[3][21]_i_3200_n_0
                         CARRY4 (Prop_carry4_CI_CO[3])
                                                      0.100    77.683 r  u_mimo_detector_top/u_gram_matrix_compute/x_im_reg[3][21]_i_2946/CO[3]
                         net (fo=1, unplaced)         0.000    77.683    u_mimo_detector_top/u_gram_matrix_compute/x_im_reg[3][21]_i_2946_n_0
                         CARRY4 (Prop_carry4_CI_CO[3])
                                                      0.100    77.783 r  u_mimo_detector_top/u_gram_matrix_compute/x_im_reg[3][21]_i_2695/CO[3]
                         net (fo=1, unplaced)         0.000    77.783    u_mimo_detector_top/u_gram_matrix_compute/x_im_reg[3][21]_i_2695_n_0
                         CARRY4 (Prop_carry4_CI_CO[3])
                                                      0.100    77.883 r  u_mimo_detector_top/u_gram_matrix_compute/x_im_reg[3][21]_i_2498/CO[3]
                         net (fo=1, unplaced)         0.000    77.883    u_mimo_detector_top/u_gram_matrix_compute/x_im_reg[3][21]_i_2498_n_0
                         CARRY4 (Prop_carry4_CI_CO[3])
                                                      0.100    77.983 r  u_mimo_detector_top/u_gram_matrix_compute/x_im_reg[3][21]_i_2493/CO[3]
                         net (fo=1, unplaced)         0.000    77.983    u_mimo_detector_top/u_gram_matrix_compute/x_im_reg[3][21]_i_2493_n_0
                         CARRY4 (Prop_carry4_CI_CO[3])
                                                      0.100    78.083 r  u_mimo_detector_top/u_gram_matrix_compute/x_im_reg[3][21]_i_2488/CO[3]
                         net (fo=1, unplaced)         0.000    78.083    u_mimo_detector_top/u_gram_matrix_compute/x_im_reg[3][21]_i_2488_n_0
                         CARRY4 (Prop_carry4_CI_CO[3])
                                                      0.100    78.183 r  u_mimo_detector_top/u_gram_matrix_compute/x_im_reg[3][21]_i_2483/CO[3]
                         net (fo=1, unplaced)         0.000    78.183    u_mimo_detector_top/u_gram_matrix_compute/x_im_reg[3][21]_i_2483_n_0
                         CARRY4 (Prop_carry4_CI_CO[3])
                                                      0.100    78.283 r  u_mimo_detector_top/u_gram_matrix_compute/x_im_reg[3][21]_i_2478/CO[3]
                         net (fo=1, unplaced)         0.000    78.283    u_mimo_detector_top/u_gram_matrix_compute/x_im_reg[3][21]_i_2478_n_0
                         CARRY4 (Prop_carry4_CI_CO[3])
                                                      0.100    78.383 r  u_mimo_detector_top/u_gram_matrix_compute/x_im_reg[3][21]_i_2473/CO[3]
                         net (fo=1, unplaced)         0.000    78.383    u_mimo_detector_top/u_gram_matrix_compute/x_im_reg[3][21]_i_2473_n_0
                         CARRY4 (Prop_carry4_CI_CO[3])
                                                      0.100    78.483 r  u_mimo_detector_top/u_gram_matrix_compute/x_im_reg[3][21]_i_2468/CO[3]
                         net (fo=1, unplaced)         0.000    78.483    u_mimo_detector_top/u_gram_matrix_compute/x_im_reg[3][21]_i_2468_n_0
                         CARRY4 (Prop_carry4_CI_CO[3])
                                                      0.100    78.583 r  u_mimo_detector_top/u_gram_matrix_compute/x_im_reg[3][21]_i_2463/CO[3]
                         net (fo=1, unplaced)         0.000    78.583    u_mimo_detector_top/u_gram_matrix_compute/x_im_reg[3][21]_i_2463_n_0
                         CARRY4 (Prop_carry4_CI_CO[3])
                                                      0.100    78.683 r  u_mimo_detector_top/u_gram_matrix_compute/x_im_reg[3][21]_i_2458/CO[3]
                         net (fo=1, unplaced)         0.000    78.683    u_mimo_detector_top/u_gram_matrix_compute/x_im_reg[3][21]_i_2458_n_0
                         CARRY4 (Prop_carry4_CI_CO[3])
                                                      0.100    78.783 r  u_mimo_detector_top/u_gram_matrix_compute/x_im_reg[3][21]_i_2453/CO[3]
                         net (fo=1, unplaced)         0.000    78.783    u_mimo_detector_top/u_gram_matrix_compute/x_im_reg[3][21]_i_2453_n_0
                         CARRY4 (Prop_carry4_CI_CO[3])
                                                      0.100    78.883 r  u_mimo_detector_top/u_gram_matrix_compute/x_im_reg[3][21]_i_2450/CO[3]
                         net (fo=1, unplaced)         0.000    78.883    u_mimo_detector_top/u_gram_matrix_compute/x_im_reg[3][21]_i_2450_n_0
                         CARRY4 (Prop_carry4_CI_CO[1])
                                                      0.150    79.033 r  u_mimo_detector_top/u_gram_matrix_compute/x_im_reg[3][21]_i_2449/CO[1]
                         net (fo=59, unplaced)        0.488    79.521    u_mimo_detector_top/u_gram_matrix_compute/x_im[3][21]_i_2703_0[0]
                         CARRY4 (Prop_carry4_CYINIT_CO[3])
                                                      0.666    80.187 r  u_mimo_detector_top/u_gram_matrix_compute/x_im_reg[3][21]_i_3195/CO[3]
                         net (fo=1, unplaced)         0.008    80.195    u_mimo_detector_top/u_gram_matrix_compute/x_im_reg[3][21]_i_3195_n_0
                         CARRY4 (Prop_carry4_CI_CO[3])
                                                      0.100    80.295 r  u_mimo_detector_top/u_gram_matrix_compute/x_im_reg[3][21]_i_2941/CO[3]
                         net (fo=1, unplaced)         0.000    80.295    u_mimo_detector_top/u_gram_matrix_compute/x_im_reg[3][21]_i_2941_n_0
                         CARRY4 (Prop_carry4_CI_CO[3])
                                                      0.100    80.395 r  u_mimo_detector_top/u_gram_matrix_compute/x_im_reg[3][21]_i_2690/CO[3]
                         net (fo=1, unplaced)         0.000    80.395    u_mimo_detector_top/u_gram_matrix_compute/x_im_reg[3][21]_i_2690_n_0
                         CARRY4 (Prop_carry4_CI_CO[3])
                                                      0.100    80.495 r  u_mimo_detector_top/u_gram_matrix_compute/x_im_reg[3][21]_i_2444/CO[3]
                         net (fo=1, unplaced)         0.000    80.495    u_mimo_detector_top/u_gram_matrix_compute/x_im_reg[3][21]_i_2444_n_0
                         CARRY4 (Prop_carry4_CI_CO[3])
                                                      0.100    80.595 r  u_mimo_detector_top/u_gram_matrix_compute/x_im_reg[3][21]_i_2198/CO[3]
                         net (fo=1, unplaced)         0.000    80.595    u_mimo_detector_top/u_gram_matrix_compute/x_im_reg[3][21]_i_2198_n_0
                         CARRY4 (Prop_carry4_CI_CO[3])
                                                      0.100    80.695 r  u_mimo_detector_top/u_gram_matrix_compute/x_im_reg[3][21]_i_2193/CO[3]
                         net (fo=1, unplaced)         0.000    80.695    u_mimo_detector_top/u_gram_matrix_compute/x_im_reg[3][21]_i_2193_n_0
                         CARRY4 (Prop_carry4_CI_CO[3])
                                                      0.100    80.795 r  u_mimo_detector_top/u_gram_matrix_compute/x_im_reg[3][21]_i_2188/CO[3]
                         net (fo=1, unplaced)         0.000    80.795    u_mimo_detector_top/u_gram_matrix_compute/x_im_reg[3][21]_i_2188_n_0
                         CARRY4 (Prop_carry4_CI_CO[3])
                                                      0.100    80.895 r  u_mimo_detector_top/u_gram_matrix_compute/x_im_reg[3][21]_i_2183/CO[3]
                         net (fo=1, unplaced)         0.000    80.895    u_mimo_detector_top/u_gram_matrix_compute/x_im_reg[3][21]_i_2183_n_0
                         CARRY4 (Prop_carry4_CI_CO[3])
                                                      0.100    80.995 r  u_mimo_detector_top/u_gram_matrix_compute/x_im_reg[3][21]_i_2178/CO[3]
                         net (fo=1, unplaced)         0.000    80.995    u_mimo_detector_top/u_gram_matrix_compute/x_im_reg[3][21]_i_2178_n_0
                         CARRY4 (Prop_carry4_CI_CO[3])
                                                      0.100    81.095 r  u_mimo_detector_top/u_gram_matrix_compute/x_im_reg[3][21]_i_2173/CO[3]
                         net (fo=1, unplaced)         0.000    81.095    u_mimo_detector_top/u_gram_matrix_compute/x_im_reg[3][21]_i_2173_n_0
                         CARRY4 (Prop_carry4_CI_CO[3])
                                                      0.100    81.195 r  u_mimo_detector_top/u_gram_matrix_compute/x_im_reg[3][21]_i_2168/CO[3]
                         net (fo=1, unplaced)         0.000    81.195    u_mimo_detector_top/u_gram_matrix_compute/x_im_reg[3][21]_i_2168_n_0
                         CARRY4 (Prop_carry4_CI_CO[3])
                                                      0.100    81.295 r  u_mimo_detector_top/u_gram_matrix_compute/x_im_reg[3][21]_i_2163/CO[3]
                         net (fo=1, unplaced)         0.000    81.295    u_mimo_detector_top/u_gram_matrix_compute/x_im_reg[3][21]_i_2163_n_0
                         CARRY4 (Prop_carry4_CI_CO[3])
                                                      0.100    81.395 r  u_mimo_detector_top/u_gram_matrix_compute/x_im_reg[3][21]_i_2158/CO[3]
                         net (fo=1, unplaced)         0.000    81.395    u_mimo_detector_top/u_gram_matrix_compute/x_im_reg[3][21]_i_2158_n_0
                         CARRY4 (Prop_carry4_CI_CO[3])
                                                      0.100    81.495 r  u_mimo_detector_top/u_gram_matrix_compute/x_im_reg[3][21]_i_2155/CO[3]
                         net (fo=1, unplaced)         0.000    81.495    u_mimo_detector_top/u_gram_matrix_compute/x_im_reg[3][21]_i_2155_n_0
                         CARRY4 (Prop_carry4_CI_CO[1])
                                                      0.150    81.645 r  u_mimo_detector_top/u_gram_matrix_compute/x_im_reg[3][21]_i_2154/CO[1]
                         net (fo=59, unplaced)        0.488    82.133    u_mimo_detector_top/u_gram_matrix_compute/x_im[3][21]_i_2452_0[0]
                         CARRY4 (Prop_carry4_CYINIT_CO[3])
                                                      0.666    82.799 r  u_mimo_detector_top/u_gram_matrix_compute/x_im_reg[3][21]_i_3190/CO[3]
                         net (fo=1, unplaced)         0.008    82.807    u_mimo_detector_top/u_gram_matrix_compute/x_im_reg[3][21]_i_3190_n_0
                         CARRY4 (Prop_carry4_CI_CO[3])
                                                      0.100    82.907 r  u_mimo_detector_top/u_gram_matrix_compute/x_im_reg[3][21]_i_2936/CO[3]
                         net (fo=1, unplaced)         0.000    82.907    u_mimo_detector_top/u_gram_matrix_compute/x_im_reg[3][21]_i_2936_n_0
                         CARRY4 (Prop_carry4_CI_CO[3])
                                                      0.100    83.007 r  u_mimo_detector_top/u_gram_matrix_compute/x_im_reg[3][21]_i_2685/CO[3]
                         net (fo=1, unplaced)         0.000    83.007    u_mimo_detector_top/u_gram_matrix_compute/x_im_reg[3][21]_i_2685_n_0
                         CARRY4 (Prop_carry4_CI_CO[3])
                                                      0.100    83.107 r  u_mimo_detector_top/u_gram_matrix_compute/x_im_reg[3][21]_i_2439/CO[3]
                         net (fo=1, unplaced)         0.000    83.107    u_mimo_detector_top/u_gram_matrix_compute/x_im_reg[3][21]_i_2439_n_0
                         CARRY4 (Prop_carry4_CI_CO[3])
                                                      0.100    83.207 r  u_mimo_detector_top/u_gram_matrix_compute/x_im_reg[3][21]_i_2149/CO[3]
                         net (fo=1, unplaced)         0.000    83.207    u_mimo_detector_top/u_gram_matrix_compute/x_im_reg[3][21]_i_2149_n_0
                         CARRY4 (Prop_carry4_CI_CO[3])
                                                      0.100    83.307 r  u_mimo_detector_top/u_gram_matrix_compute/x_im_reg[3][21]_i_1862/CO[3]
                         net (fo=1, unplaced)         0.000    83.307    u_mimo_detector_top/u_gram_matrix_compute/x_im_reg[3][21]_i_1862_n_0
                         CARRY4 (Prop_carry4_CI_CO[3])
                                                      0.100    83.407 r  u_mimo_detector_top/u_gram_matrix_compute/x_im_reg[3][21]_i_1857/CO[3]
                         net (fo=1, unplaced)         0.000    83.407    u_mimo_detector_top/u_gram_matrix_compute/x_im_reg[3][21]_i_1857_n_0
                         CARRY4 (Prop_carry4_CI_CO[3])
                                                      0.100    83.507 r  u_mimo_detector_top/u_gram_matrix_compute/x_im_reg[3][21]_i_1852/CO[3]
                         net (fo=1, unplaced)         0.000    83.507    u_mimo_detector_top/u_gram_matrix_compute/x_im_reg[3][21]_i_1852_n_0
                         CARRY4 (Prop_carry4_CI_CO[3])
                                                      0.100    83.607 r  u_mimo_detector_top/u_gram_matrix_compute/x_im_reg[3][21]_i_1847/CO[3]
                         net (fo=1, unplaced)         0.000    83.607    u_mimo_detector_top/u_gram_matrix_compute/x_im_reg[3][21]_i_1847_n_0
                         CARRY4 (Prop_carry4_CI_CO[3])
                                                      0.100    83.707 r  u_mimo_detector_top/u_gram_matrix_compute/x_im_reg[3][21]_i_1842/CO[3]
                         net (fo=1, unplaced)         0.000    83.707    u_mimo_detector_top/u_gram_matrix_compute/x_im_reg[3][21]_i_1842_n_0
                         CARRY4 (Prop_carry4_CI_CO[3])
                                                      0.100    83.807 r  u_mimo_detector_top/u_gram_matrix_compute/x_im_reg[3][21]_i_1837/CO[3]
                         net (fo=1, unplaced)         0.000    83.807    u_mimo_detector_top/u_gram_matrix_compute/x_im_reg[3][21]_i_1837_n_0
                         CARRY4 (Prop_carry4_CI_CO[3])
                                                      0.100    83.907 r  u_mimo_detector_top/u_gram_matrix_compute/x_im_reg[3][21]_i_1832/CO[3]
                         net (fo=1, unplaced)         0.000    83.907    u_mimo_detector_top/u_gram_matrix_compute/x_im_reg[3][21]_i_1832_n_0
                         CARRY4 (Prop_carry4_CI_CO[3])
                                                      0.100    84.007 r  u_mimo_detector_top/u_gram_matrix_compute/x_im_reg[3][21]_i_1827/CO[3]
                         net (fo=1, unplaced)         0.000    84.007    u_mimo_detector_top/u_gram_matrix_compute/x_im_reg[3][21]_i_1827_n_0
                         CARRY4 (Prop_carry4_CI_CO[3])
                                                      0.100    84.107 r  u_mimo_detector_top/u_gram_matrix_compute/x_im_reg[3][21]_i_1824/CO[3]
                         net (fo=1, unplaced)         0.000    84.107    u_mimo_detector_top/u_gram_matrix_compute/x_im_reg[3][21]_i_1824_n_0
                         CARRY4 (Prop_carry4_CI_CO[1])
                                                      0.150    84.257 r  u_mimo_detector_top/u_gram_matrix_compute/x_im_reg[3][21]_i_1823/CO[1]
                         net (fo=59, unplaced)        0.488    84.745    u_mimo_detector_top/u_gram_matrix_compute/x_im[3][21]_i_2157_0[0]
                         CARRY4 (Prop_carry4_CYINIT_CO[3])
                                                      0.666    85.411 r  u_mimo_detector_top/u_gram_matrix_compute/x_im_reg[3][21]_i_3185/CO[3]
                         net (fo=1, unplaced)         0.008    85.419    u_mimo_detector_top/u_gram_matrix_compute/x_im_reg[3][21]_i_3185_n_0
                         CARRY4 (Prop_carry4_CI_CO[3])
                                                      0.100    85.519 r  u_mimo_detector_top/u_gram_matrix_compute/x_im_reg[3][21]_i_2931/CO[3]
                         net (fo=1, unplaced)         0.000    85.519    u_mimo_detector_top/u_gram_matrix_compute/x_im_reg[3][21]_i_2931_n_0
                         CARRY4 (Prop_carry4_CI_CO[3])
                                                      0.100    85.619 r  u_mimo_detector_top/u_gram_matrix_compute/x_im_reg[3][21]_i_2680/CO[3]
                         net (fo=1, unplaced)         0.000    85.619    u_mimo_detector_top/u_gram_matrix_compute/x_im_reg[3][21]_i_2680_n_0
                         CARRY4 (Prop_carry4_CI_CO[3])
                                                      0.100    85.719 r  u_mimo_detector_top/u_gram_matrix_compute/x_im_reg[3][21]_i_2434/CO[3]
                         net (fo=1, unplaced)         0.000    85.719    u_mimo_detector_top/u_gram_matrix_compute/x_im_reg[3][21]_i_2434_n_0
                         CARRY4 (Prop_carry4_CI_CO[3])
                                                      0.100    85.819 r  u_mimo_detector_top/u_gram_matrix_compute/x_im_reg[3][21]_i_2144/CO[3]
                         net (fo=1, unplaced)         0.000    85.819    u_mimo_detector_top/u_gram_matrix_compute/x_im_reg[3][21]_i_2144_n_0
                         CARRY4 (Prop_carry4_CI_CO[3])
                                                      0.100    85.919 r  u_mimo_detector_top/u_gram_matrix_compute/x_im_reg[3][21]_i_1818/CO[3]
                         net (fo=1, unplaced)         0.000    85.919    u_mimo_detector_top/u_gram_matrix_compute/x_im_reg[3][21]_i_1818_n_0
                         CARRY4 (Prop_carry4_CI_CO[3])
                                                      0.100    86.019 r  u_mimo_detector_top/u_gram_matrix_compute/x_im_reg[3][21]_i_1513/CO[3]
                         net (fo=1, unplaced)         0.000    86.019    u_mimo_detector_top/u_gram_matrix_compute/x_im_reg[3][21]_i_1513_n_0
                         CARRY4 (Prop_carry4_CI_CO[3])
                                                      0.100    86.119 r  u_mimo_detector_top/u_gram_matrix_compute/x_im_reg[3][21]_i_1508/CO[3]
                         net (fo=1, unplaced)         0.000    86.119    u_mimo_detector_top/u_gram_matrix_compute/x_im_reg[3][21]_i_1508_n_0
                         CARRY4 (Prop_carry4_CI_CO[3])
                                                      0.100    86.219 r  u_mimo_detector_top/u_gram_matrix_compute/x_im_reg[3][21]_i_1503/CO[3]
                         net (fo=1, unplaced)         0.000    86.219    u_mimo_detector_top/u_gram_matrix_compute/x_im_reg[3][21]_i_1503_n_0
                         CARRY4 (Prop_carry4_CI_CO[3])
                                                      0.100    86.319 r  u_mimo_detector_top/u_gram_matrix_compute/x_im_reg[3][21]_i_1498/CO[3]
                         net (fo=1, unplaced)         0.000    86.319    u_mimo_detector_top/u_gram_matrix_compute/x_im_reg[3][21]_i_1498_n_0
                         CARRY4 (Prop_carry4_CI_CO[3])
                                                      0.100    86.419 r  u_mimo_detector_top/u_gram_matrix_compute/x_im_reg[3][21]_i_1493/CO[3]
                         net (fo=1, unplaced)         0.000    86.419    u_mimo_detector_top/u_gram_matrix_compute/x_im_reg[3][21]_i_1493_n_0
                         CARRY4 (Prop_carry4_CI_CO[3])
                                                      0.100    86.519 r  u_mimo_detector_top/u_gram_matrix_compute/x_im_reg[3][21]_i_1488/CO[3]
                         net (fo=1, unplaced)         0.000    86.519    u_mimo_detector_top/u_gram_matrix_compute/x_im_reg[3][21]_i_1488_n_0
                         CARRY4 (Prop_carry4_CI_CO[3])
                                                      0.100    86.619 r  u_mimo_detector_top/u_gram_matrix_compute/x_im_reg[3][21]_i_1483/CO[3]
                         net (fo=1, unplaced)         0.000    86.619    u_mimo_detector_top/u_gram_matrix_compute/x_im_reg[3][21]_i_1483_n_0
                         CARRY4 (Prop_carry4_CI_CO[3])
                                                      0.100    86.719 r  u_mimo_detector_top/u_gram_matrix_compute/x_im_reg[3][21]_i_1480/CO[3]
                         net (fo=1, unplaced)         0.000    86.719    u_mimo_detector_top/u_gram_matrix_compute/x_im_reg[3][21]_i_1480_n_0
                         CARRY4 (Prop_carry4_CI_CO[1])
                                                      0.150    86.869 r  u_mimo_detector_top/u_gram_matrix_compute/x_im_reg[3][21]_i_1479/CO[1]
                         net (fo=59, unplaced)        0.488    87.357    u_mimo_detector_top/u_gram_matrix_compute/x_im[3][21]_i_1826_0[0]
                         CARRY4 (Prop_carry4_CYINIT_CO[3])
                                                      0.666    88.023 r  u_mimo_detector_top/u_gram_matrix_compute/x_im_reg[3][21]_i_3180/CO[3]
                         net (fo=1, unplaced)         0.008    88.031    u_mimo_detector_top/u_gram_matrix_compute/x_im_reg[3][21]_i_3180_n_0
                         CARRY4 (Prop_carry4_CI_CO[3])
                                                      0.100    88.131 r  u_mimo_detector_top/u_gram_matrix_compute/x_im_reg[3][21]_i_2926/CO[3]
                         net (fo=1, unplaced)         0.000    88.131    u_mimo_detector_top/u_gram_matrix_compute/x_im_reg[3][21]_i_2926_n_0
                         CARRY4 (Prop_carry4_CI_CO[3])
                                                      0.100    88.231 r  u_mimo_detector_top/u_gram_matrix_compute/x_im_reg[3][21]_i_2675/CO[3]
                         net (fo=1, unplaced)         0.000    88.231    u_mimo_detector_top/u_gram_matrix_compute/x_im_reg[3][21]_i_2675_n_0
                         CARRY4 (Prop_carry4_CI_CO[3])
                                                      0.100    88.331 r  u_mimo_detector_top/u_gram_matrix_compute/x_im_reg[3][21]_i_2429/CO[3]
                         net (fo=1, unplaced)         0.000    88.331    u_mimo_detector_top/u_gram_matrix_compute/x_im_reg[3][21]_i_2429_n_0
                         CARRY4 (Prop_carry4_CI_CO[3])
                                                      0.100    88.431 r  u_mimo_detector_top/u_gram_matrix_compute/x_im_reg[3][21]_i_2139/CO[3]
                         net (fo=1, unplaced)         0.000    88.431    u_mimo_detector_top/u_gram_matrix_compute/x_im_reg[3][21]_i_2139_n_0
                         CARRY4 (Prop_carry4_CI_CO[3])
                                                      0.100    88.531 r  u_mimo_detector_top/u_gram_matrix_compute/x_im_reg[3][21]_i_1813/CO[3]
                         net (fo=1, unplaced)         0.000    88.531    u_mimo_detector_top/u_gram_matrix_compute/x_im_reg[3][21]_i_1813_n_0
                         CARRY4 (Prop_carry4_CI_CO[3])
                                                      0.100    88.631 r  u_mimo_detector_top/u_gram_matrix_compute/x_im_reg[3][21]_i_1474/CO[3]
                         net (fo=1, unplaced)         0.000    88.631    u_mimo_detector_top/u_gram_matrix_compute/x_im_reg[3][21]_i_1474_n_0
                         CARRY4 (Prop_carry4_CI_CO[3])
                                                      0.100    88.731 r  u_mimo_detector_top/u_gram_matrix_compute/x_im_reg[3][21]_i_1141/CO[3]
                         net (fo=1, unplaced)         0.000    88.731    u_mimo_detector_top/u_gram_matrix_compute/x_im_reg[3][21]_i_1141_n_0
                         CARRY4 (Prop_carry4_CI_CO[3])
                                                      0.100    88.831 r  u_mimo_detector_top/u_gram_matrix_compute/x_im_reg[3][21]_i_1136/CO[3]
                         net (fo=1, unplaced)         0.000    88.831    u_mimo_detector_top/u_gram_matrix_compute/x_im_reg[3][21]_i_1136_n_0
                         CARRY4 (Prop_carry4_CI_CO[3])
                                                      0.100    88.931 r  u_mimo_detector_top/u_gram_matrix_compute/x_im_reg[3][21]_i_1131/CO[3]
                         net (fo=1, unplaced)         0.000    88.931    u_mimo_detector_top/u_gram_matrix_compute/x_im_reg[3][21]_i_1131_n_0
                         CARRY4 (Prop_carry4_CI_CO[3])
                                                      0.100    89.031 r  u_mimo_detector_top/u_gram_matrix_compute/x_im_reg[3][21]_i_1126/CO[3]
                         net (fo=1, unplaced)         0.000    89.031    u_mimo_detector_top/u_gram_matrix_compute/x_im_reg[3][21]_i_1126_n_0
                         CARRY4 (Prop_carry4_CI_CO[3])
                                                      0.100    89.131 r  u_mimo_detector_top/u_gram_matrix_compute/x_im_reg[3][21]_i_1121/CO[3]
                         net (fo=1, unplaced)         0.000    89.131    u_mimo_detector_top/u_gram_matrix_compute/x_im_reg[3][21]_i_1121_n_0
                         CARRY4 (Prop_carry4_CI_CO[3])
                                                      0.100    89.231 r  u_mimo_detector_top/u_gram_matrix_compute/x_im_reg[3][21]_i_1115/CO[3]
                         net (fo=1, unplaced)         0.000    89.231    u_mimo_detector_top/u_gram_matrix_compute/x_im_reg[3][21]_i_1115_n_0
                         CARRY4 (Prop_carry4_CI_CO[3])
                                                      0.100    89.331 r  u_mimo_detector_top/u_gram_matrix_compute/x_im_reg[3][21]_i_1112/CO[3]
                         net (fo=1, unplaced)         0.000    89.331    u_mimo_detector_top/u_gram_matrix_compute/x_im_reg[3][21]_i_1112_n_0
                         CARRY4 (Prop_carry4_CI_CO[1])
                                                      0.150    89.481 r  u_mimo_detector_top/u_gram_matrix_compute/x_im_reg[3][21]_i_1111/CO[1]
                         net (fo=59, unplaced)        0.488    89.969    u_mimo_detector_top/u_gram_matrix_compute/x_im[3][21]_i_1482_0[0]
                         CARRY4 (Prop_carry4_CYINIT_CO[3])
                                                      0.666    90.635 r  u_mimo_detector_top/u_gram_matrix_compute/x_im_reg[3][21]_i_3175/CO[3]
                         net (fo=1, unplaced)         0.008    90.643    u_mimo_detector_top/u_gram_matrix_compute/x_im_reg[3][21]_i_3175_n_0
                         CARRY4 (Prop_carry4_CI_CO[3])
                                                      0.100    90.743 r  u_mimo_detector_top/u_gram_matrix_compute/x_im_reg[3][21]_i_2921/CO[3]
                         net (fo=1, unplaced)         0.000    90.743    u_mimo_detector_top/u_gram_matrix_compute/x_im_reg[3][21]_i_2921_n_0
                         CARRY4 (Prop_carry4_CI_CO[3])
                                                      0.100    90.843 r  u_mimo_detector_top/u_gram_matrix_compute/x_im_reg[3][21]_i_2670/CO[3]
                         net (fo=1, unplaced)         0.000    90.843    u_mimo_detector_top/u_gram_matrix_compute/x_im_reg[3][21]_i_2670_n_0
                         CARRY4 (Prop_carry4_CI_CO[3])
                                                      0.100    90.943 r  u_mimo_detector_top/u_gram_matrix_compute/x_im_reg[3][21]_i_2424/CO[3]
                         net (fo=1, unplaced)         0.000    90.943    u_mimo_detector_top/u_gram_matrix_compute/x_im_reg[3][21]_i_2424_n_0
                         CARRY4 (Prop_carry4_CI_CO[3])
                                                      0.100    91.043 r  u_mimo_detector_top/u_gram_matrix_compute/x_im_reg[3][21]_i_2134/CO[3]
                         net (fo=1, unplaced)         0.000    91.043    u_mimo_detector_top/u_gram_matrix_compute/x_im_reg[3][21]_i_2134_n_0
                         CARRY4 (Prop_carry4_CI_CO[3])
                                                      0.100    91.143 r  u_mimo_detector_top/u_gram_matrix_compute/x_im_reg[3][21]_i_1808/CO[3]
                         net (fo=1, unplaced)         0.000    91.143    u_mimo_detector_top/u_gram_matrix_compute/x_im_reg[3][21]_i_1808_n_0
                         CARRY4 (Prop_carry4_CI_CO[3])
                                                      0.100    91.243 r  u_mimo_detector_top/u_gram_matrix_compute/x_im_reg[3][21]_i_1469/CO[3]
                         net (fo=1, unplaced)         0.000    91.243    u_mimo_detector_top/u_gram_matrix_compute/x_im_reg[3][21]_i_1469_n_0
                         CARRY4 (Prop_carry4_CI_CO[3])
                                                      0.100    91.343 r  u_mimo_detector_top/u_gram_matrix_compute/x_im_reg[3][21]_i_1106/CO[3]
                         net (fo=1, unplaced)         0.000    91.343    u_mimo_detector_top/u_gram_matrix_compute/x_im_reg[3][21]_i_1106_n_0
                         CARRY4 (Prop_carry4_CI_CO[3])
                                                      0.100    91.443 r  u_mimo_detector_top/u_gram_matrix_compute/x_im_reg[3][21]_i_858/CO[3]
                         net (fo=1, unplaced)         0.000    91.443    u_mimo_detector_top/u_gram_matrix_compute/x_im_reg[3][21]_i_858_n_0
                         CARRY4 (Prop_carry4_CI_CO[3])
                                                      0.100    91.543 r  u_mimo_detector_top/u_gram_matrix_compute/x_im_reg[3][21]_i_853/CO[3]
                         net (fo=1, unplaced)         0.000    91.543    u_mimo_detector_top/u_gram_matrix_compute/x_im_reg[3][21]_i_853_n_0
                         CARRY4 (Prop_carry4_CI_CO[3])
                                                      0.100    91.643 r  u_mimo_detector_top/u_gram_matrix_compute/x_im_reg[3][21]_i_848/CO[3]
                         net (fo=1, unplaced)         0.000    91.643    u_mimo_detector_top/u_gram_matrix_compute/x_im_reg[3][21]_i_848_n_0
                         CARRY4 (Prop_carry4_CI_CO[3])
                                                      0.100    91.743 r  u_mimo_detector_top/u_gram_matrix_compute/x_im_reg[3][21]_i_843/CO[3]
                         net (fo=1, unplaced)         0.000    91.743    u_mimo_detector_top/u_gram_matrix_compute/x_im_reg[3][21]_i_843_n_0
                         CARRY4 (Prop_carry4_CI_CO[3])
                                                      0.100    91.843 r  u_mimo_detector_top/u_gram_matrix_compute/x_im_reg[3][21]_i_838/CO[3]
                         net (fo=1, unplaced)         0.000    91.843    u_mimo_detector_top/u_gram_matrix_compute/x_im_reg[3][21]_i_838_n_0
                         CARRY4 (Prop_carry4_CI_CO[3])
                                                      0.100    91.943 r  u_mimo_detector_top/u_gram_matrix_compute/x_im_reg[3][21]_i_835/CO[3]
                         net (fo=1, unplaced)         0.000    91.943    u_mimo_detector_top/u_gram_matrix_compute/x_im_reg[3][21]_i_835_n_0
                         CARRY4 (Prop_carry4_CI_CO[1])
                                                      0.150    92.093 r  u_mimo_detector_top/u_gram_matrix_compute/x_im_reg[3][21]_i_834/CO[1]
                         net (fo=59, unplaced)        0.488    92.581    u_mimo_detector_top/u_gram_matrix_compute/x_im[3][21]_i_1114_0[0]
                         CARRY4 (Prop_carry4_CYINIT_CO[3])
                                                      0.666    93.247 r  u_mimo_detector_top/u_gram_matrix_compute/x_im_reg[3][21]_i_3170/CO[3]
                         net (fo=1, unplaced)         0.008    93.255    u_mimo_detector_top/u_gram_matrix_compute/x_im_reg[3][21]_i_3170_n_0
                         CARRY4 (Prop_carry4_CI_CO[3])
                                                      0.100    93.355 r  u_mimo_detector_top/u_gram_matrix_compute/x_im_reg[3][21]_i_2916/CO[3]
                         net (fo=1, unplaced)         0.000    93.355    u_mimo_detector_top/u_gram_matrix_compute/x_im_reg[3][21]_i_2916_n_0
                         CARRY4 (Prop_carry4_CI_CO[3])
                                                      0.100    93.455 r  u_mimo_detector_top/u_gram_matrix_compute/x_im_reg[3][21]_i_2665/CO[3]
                         net (fo=1, unplaced)         0.000    93.455    u_mimo_detector_top/u_gram_matrix_compute/x_im_reg[3][21]_i_2665_n_0
                         CARRY4 (Prop_carry4_CI_CO[3])
                                                      0.100    93.555 r  u_mimo_detector_top/u_gram_matrix_compute/x_im_reg[3][21]_i_2419/CO[3]
                         net (fo=1, unplaced)         0.000    93.555    u_mimo_detector_top/u_gram_matrix_compute/x_im_reg[3][21]_i_2419_n_0
                         CARRY4 (Prop_carry4_CI_CO[3])
                                                      0.100    93.655 r  u_mimo_detector_top/u_gram_matrix_compute/x_im_reg[3][21]_i_2129/CO[3]
                         net (fo=1, unplaced)         0.000    93.655    u_mimo_detector_top/u_gram_matrix_compute/x_im_reg[3][21]_i_2129_n_0
                         CARRY4 (Prop_carry4_CI_CO[3])
                                                      0.100    93.755 r  u_mimo_detector_top/u_gram_matrix_compute/x_im_reg[3][21]_i_1803/CO[3]
                         net (fo=1, unplaced)         0.000    93.755    u_mimo_detector_top/u_gram_matrix_compute/x_im_reg[3][21]_i_1803_n_0
                         CARRY4 (Prop_carry4_CI_CO[3])
                                                      0.100    93.855 r  u_mimo_detector_top/u_gram_matrix_compute/x_im_reg[3][21]_i_1464/CO[3]
                         net (fo=1, unplaced)         0.000    93.855    u_mimo_detector_top/u_gram_matrix_compute/x_im_reg[3][21]_i_1464_n_0
                         CARRY4 (Prop_carry4_CI_CO[3])
                                                      0.100    93.955 r  u_mimo_detector_top/u_gram_matrix_compute/x_im_reg[3][21]_i_1101/CO[3]
                         net (fo=1, unplaced)         0.000    93.955    u_mimo_detector_top/u_gram_matrix_compute/x_im_reg[3][21]_i_1101_n_0
                         CARRY4 (Prop_carry4_CI_CO[3])
                                                      0.100    94.055 r  u_mimo_detector_top/u_gram_matrix_compute/x_im_reg[3][21]_i_829/CO[3]
                         net (fo=1, unplaced)         0.000    94.055    u_mimo_detector_top/u_gram_matrix_compute/x_im_reg[3][21]_i_829_n_0
                         CARRY4 (Prop_carry4_CI_CO[3])
                                                      0.100    94.155 r  u_mimo_detector_top/u_gram_matrix_compute/x_im_reg[3][21]_i_582/CO[3]
                         net (fo=1, unplaced)         0.000    94.155    u_mimo_detector_top/u_gram_matrix_compute/x_im_reg[3][21]_i_582_n_0
                         CARRY4 (Prop_carry4_CI_CO[3])
                                                      0.100    94.255 r  u_mimo_detector_top/u_gram_matrix_compute/x_im_reg[3][21]_i_577/CO[3]
                         net (fo=1, unplaced)         0.000    94.255    u_mimo_detector_top/u_gram_matrix_compute/x_im_reg[3][21]_i_577_n_0
                         CARRY4 (Prop_carry4_CI_CO[3])
                                                      0.100    94.355 r  u_mimo_detector_top/u_gram_matrix_compute/x_im_reg[3][21]_i_572/CO[3]
                         net (fo=1, unplaced)         0.000    94.355    u_mimo_detector_top/u_gram_matrix_compute/x_im_reg[3][21]_i_572_n_0
                         CARRY4 (Prop_carry4_CI_CO[3])
                                                      0.100    94.455 r  u_mimo_detector_top/u_gram_matrix_compute/x_im_reg[3][21]_i_567/CO[3]
                         net (fo=1, unplaced)         0.000    94.455    u_mimo_detector_top/u_gram_matrix_compute/x_im_reg[3][21]_i_567_n_0
                         CARRY4 (Prop_carry4_CI_CO[3])
                                                      0.100    94.555 r  u_mimo_detector_top/u_gram_matrix_compute/x_im_reg[3][21]_i_564/CO[3]
                         net (fo=1, unplaced)         0.000    94.555    u_mimo_detector_top/u_gram_matrix_compute/x_im_reg[3][21]_i_564_n_0
                         CARRY4 (Prop_carry4_CI_CO[1])
                                                      0.150    94.705 r  u_mimo_detector_top/u_gram_matrix_compute/x_im_reg[3][21]_i_563/CO[1]
                         net (fo=59, unplaced)        0.488    95.193    u_mimo_detector_top/u_gram_matrix_compute/x_im[3][21]_i_837_0[0]
                         CARRY4 (Prop_carry4_CYINIT_CO[3])
                                                      0.666    95.859 r  u_mimo_detector_top/u_gram_matrix_compute/x_im_reg[3][21]_i_3165/CO[3]
                         net (fo=1, unplaced)         0.008    95.867    u_mimo_detector_top/u_gram_matrix_compute/x_im_reg[3][21]_i_3165_n_0
                         CARRY4 (Prop_carry4_CI_CO[3])
                                                      0.100    95.967 r  u_mimo_detector_top/u_gram_matrix_compute/x_im_reg[3][21]_i_2911/CO[3]
                         net (fo=1, unplaced)         0.000    95.967    u_mimo_detector_top/u_gram_matrix_compute/x_im_reg[3][21]_i_2911_n_0
                         CARRY4 (Prop_carry4_CI_CO[3])
                                                      0.100    96.067 r  u_mimo_detector_top/u_gram_matrix_compute/x_im_reg[3][21]_i_2660/CO[3]
                         net (fo=1, unplaced)         0.000    96.067    u_mimo_detector_top/u_gram_matrix_compute/x_im_reg[3][21]_i_2660_n_0
                         CARRY4 (Prop_carry4_CI_CO[3])
                                                      0.100    96.167 r  u_mimo_detector_top/u_gram_matrix_compute/x_im_reg[3][21]_i_2414/CO[3]
                         net (fo=1, unplaced)         0.000    96.167    u_mimo_detector_top/u_gram_matrix_compute/x_im_reg[3][21]_i_2414_n_0
                         CARRY4 (Prop_carry4_CI_CO[3])
                                                      0.100    96.267 r  u_mimo_detector_top/u_gram_matrix_compute/x_im_reg[3][21]_i_2124/CO[3]
                         net (fo=1, unplaced)         0.000    96.267    u_mimo_detector_top/u_gram_matrix_compute/x_im_reg[3][21]_i_2124_n_0
                         CARRY4 (Prop_carry4_CI_CO[3])
                                                      0.100    96.367 r  u_mimo_detector_top/u_gram_matrix_compute/x_im_reg[3][21]_i_1798/CO[3]
                         net (fo=1, unplaced)         0.000    96.367    u_mimo_detector_top/u_gram_matrix_compute/x_im_reg[3][21]_i_1798_n_0
                         CARRY4 (Prop_carry4_CI_CO[3])
                                                      0.100    96.467 r  u_mimo_detector_top/u_gram_matrix_compute/x_im_reg[3][21]_i_1459/CO[3]
                         net (fo=1, unplaced)         0.000    96.467    u_mimo_detector_top/u_gram_matrix_compute/x_im_reg[3][21]_i_1459_n_0
                         CARRY4 (Prop_carry4_CI_CO[3])
                                                      0.100    96.567 r  u_mimo_detector_top/u_gram_matrix_compute/x_im_reg[3][21]_i_1096/CO[3]
                         net (fo=1, unplaced)         0.000    96.567    u_mimo_detector_top/u_gram_matrix_compute/x_im_reg[3][21]_i_1096_n_0
                         CARRY4 (Prop_carry4_CI_CO[3])
                                                      0.100    96.667 r  u_mimo_detector_top/u_gram_matrix_compute/x_im_reg[3][21]_i_824/CO[3]
                         net (fo=1, unplaced)         0.000    96.667    u_mimo_detector_top/u_gram_matrix_compute/x_im_reg[3][21]_i_824_n_0
                         CARRY4 (Prop_carry4_CI_CO[3])
                                                      0.100    96.767 r  u_mimo_detector_top/u_gram_matrix_compute/x_im_reg[3][21]_i_558/CO[3]
                         net (fo=1, unplaced)         0.000    96.767    u_mimo_detector_top/u_gram_matrix_compute/x_im_reg[3][21]_i_558_n_0
                         CARRY4 (Prop_carry4_CI_CO[3])
                                                      0.100    96.867 r  u_mimo_detector_top/u_gram_matrix_compute/x_im_reg[3][21]_i_390/CO[3]
                         net (fo=1, unplaced)         0.000    96.867    u_mimo_detector_top/u_gram_matrix_compute/x_im_reg[3][21]_i_390_n_0
                         CARRY4 (Prop_carry4_CI_CO[3])
                                                      0.100    96.967 r  u_mimo_detector_top/u_gram_matrix_compute/x_im_reg[3][21]_i_385/CO[3]
                         net (fo=1, unplaced)         0.000    96.967    u_mimo_detector_top/u_gram_matrix_compute/x_im_reg[3][21]_i_385_n_0
                         CARRY4 (Prop_carry4_CI_CO[3])
                                                      0.100    97.067 r  u_mimo_detector_top/u_gram_matrix_compute/x_im_reg[3][21]_i_380/CO[3]
                         net (fo=1, unplaced)         0.000    97.067    u_mimo_detector_top/u_gram_matrix_compute/x_im_reg[3][21]_i_380_n_0
                         CARRY4 (Prop_carry4_CI_CO[3])
                                                      0.100    97.167 r  u_mimo_detector_top/u_gram_matrix_compute/x_im_reg[3][21]_i_377/CO[3]
                         net (fo=1, unplaced)         0.000    97.167    u_mimo_detector_top/u_gram_matrix_compute/x_im_reg[3][21]_i_377_n_0
                         CARRY4 (Prop_carry4_CI_CO[1])
                                                      0.150    97.317 r  u_mimo_detector_top/u_gram_matrix_compute/x_im_reg[3][21]_i_376/CO[1]
                         net (fo=59, unplaced)        0.488    97.805    u_mimo_detector_top/u_gram_matrix_compute/x_im[3][21]_i_566_0[0]
                         CARRY4 (Prop_carry4_CYINIT_CO[3])
                                                      0.666    98.471 r  u_mimo_detector_top/u_gram_matrix_compute/x_im_reg[3][21]_i_3160/CO[3]
                         net (fo=1, unplaced)         0.008    98.479    u_mimo_detector_top/u_gram_matrix_compute/x_im_reg[3][21]_i_3160_n_0
                         CARRY4 (Prop_carry4_CI_CO[3])
                                                      0.100    98.579 r  u_mimo_detector_top/u_gram_matrix_compute/x_im_reg[3][21]_i_2906/CO[3]
                         net (fo=1, unplaced)         0.000    98.579    u_mimo_detector_top/u_gram_matrix_compute/x_im_reg[3][21]_i_2906_n_0
                         CARRY4 (Prop_carry4_CI_CO[3])
                                                      0.100    98.679 r  u_mimo_detector_top/u_gram_matrix_compute/x_im_reg[3][21]_i_2655/CO[3]
                         net (fo=1, unplaced)         0.000    98.679    u_mimo_detector_top/u_gram_matrix_compute/x_im_reg[3][21]_i_2655_n_0
                         CARRY4 (Prop_carry4_CI_CO[3])
                                                      0.100    98.779 r  u_mimo_detector_top/u_gram_matrix_compute/x_im_reg[3][21]_i_2409/CO[3]
                         net (fo=1, unplaced)         0.000    98.779    u_mimo_detector_top/u_gram_matrix_compute/x_im_reg[3][21]_i_2409_n_0
                         CARRY4 (Prop_carry4_CI_CO[3])
                                                      0.100    98.879 r  u_mimo_detector_top/u_gram_matrix_compute/x_im_reg[3][21]_i_2119/CO[3]
                         net (fo=1, unplaced)         0.000    98.879    u_mimo_detector_top/u_gram_matrix_compute/x_im_reg[3][21]_i_2119_n_0
                         CARRY4 (Prop_carry4_CI_CO[3])
                                                      0.100    98.979 r  u_mimo_detector_top/u_gram_matrix_compute/x_im_reg[3][21]_i_1793/CO[3]
                         net (fo=1, unplaced)         0.000    98.979    u_mimo_detector_top/u_gram_matrix_compute/x_im_reg[3][21]_i_1793_n_0
                         CARRY4 (Prop_carry4_CI_CO[3])
                                                      0.100    99.079 r  u_mimo_detector_top/u_gram_matrix_compute/x_im_reg[3][21]_i_1454/CO[3]
                         net (fo=1, unplaced)         0.000    99.079    u_mimo_detector_top/u_gram_matrix_compute/x_im_reg[3][21]_i_1454_n_0
                         CARRY4 (Prop_carry4_CI_CO[3])
                                                      0.100    99.179 r  u_mimo_detector_top/u_gram_matrix_compute/x_im_reg[3][21]_i_1091/CO[3]
                         net (fo=1, unplaced)         0.000    99.179    u_mimo_detector_top/u_gram_matrix_compute/x_im_reg[3][21]_i_1091_n_0
                         CARRY4 (Prop_carry4_CI_CO[3])
                                                      0.100    99.279 r  u_mimo_detector_top/u_gram_matrix_compute/x_im_reg[3][21]_i_819/CO[3]
                         net (fo=1, unplaced)         0.000    99.279    u_mimo_detector_top/u_gram_matrix_compute/x_im_reg[3][21]_i_819_n_0
                         CARRY4 (Prop_carry4_CI_CO[3])
                                                      0.100    99.379 r  u_mimo_detector_top/u_gram_matrix_compute/x_im_reg[3][21]_i_553/CO[3]
                         net (fo=1, unplaced)         0.000    99.379    u_mimo_detector_top/u_gram_matrix_compute/x_im_reg[3][21]_i_553_n_0
                         CARRY4 (Prop_carry4_CI_CO[3])
                                                      0.100    99.479 r  u_mimo_detector_top/u_gram_matrix_compute/x_im_reg[3][21]_i_371/CO[3]
                         net (fo=1, unplaced)         0.000    99.479    u_mimo_detector_top/u_gram_matrix_compute/x_im_reg[3][21]_i_371_n_0
                         CARRY4 (Prop_carry4_CI_CO[3])
                                                      0.100    99.579 r  u_mimo_detector_top/u_gram_matrix_compute/x_im_reg[3][21]_i_230/CO[3]
                         net (fo=1, unplaced)         0.000    99.579    u_mimo_detector_top/u_gram_matrix_compute/x_im_reg[3][21]_i_230_n_0
                         CARRY4 (Prop_carry4_CI_CO[3])
                                                      0.100    99.679 r  u_mimo_detector_top/u_gram_matrix_compute/x_im_reg[3][21]_i_225/CO[3]
                         net (fo=1, unplaced)         0.000    99.679    u_mimo_detector_top/u_gram_matrix_compute/x_im_reg[3][21]_i_225_n_0
                         CARRY4 (Prop_carry4_CI_CO[3])
                                                      0.100    99.779 r  u_mimo_detector_top/u_gram_matrix_compute/x_im_reg[3][21]_i_222/CO[3]
                         net (fo=1, unplaced)         0.000    99.779    u_mimo_detector_top/u_gram_matrix_compute/x_im_reg[3][21]_i_222_n_0
                         CARRY4 (Prop_carry4_CI_CO[1])
                                                      0.150    99.929 r  u_mimo_detector_top/u_gram_matrix_compute/x_im_reg[3][21]_i_221/CO[1]
                         net (fo=59, unplaced)        0.488   100.417    u_mimo_detector_top/u_gram_matrix_compute/x_im[3][21]_i_379_0[0]
                         CARRY4 (Prop_carry4_CYINIT_CO[3])
                                                      0.666   101.083 r  u_mimo_detector_top/u_gram_matrix_compute/x_im_reg[3][21]_i_3155/CO[3]
                         net (fo=1, unplaced)         0.008   101.091    u_mimo_detector_top/u_gram_matrix_compute/x_im_reg[3][21]_i_3155_n_0
                         CARRY4 (Prop_carry4_CI_CO[3])
                                                      0.100   101.191 r  u_mimo_detector_top/u_gram_matrix_compute/x_im_reg[3][21]_i_2901/CO[3]
                         net (fo=1, unplaced)         0.000   101.191    u_mimo_detector_top/u_gram_matrix_compute/x_im_reg[3][21]_i_2901_n_0
                         CARRY4 (Prop_carry4_CI_CO[3])
                                                      0.100   101.291 r  u_mimo_detector_top/u_gram_matrix_compute/x_im_reg[3][21]_i_2650/CO[3]
                         net (fo=1, unplaced)         0.000   101.291    u_mimo_detector_top/u_gram_matrix_compute/x_im_reg[3][21]_i_2650_n_0
                         CARRY4 (Prop_carry4_CI_CO[3])
                                                      0.100   101.391 r  u_mimo_detector_top/u_gram_matrix_compute/x_im_reg[3][21]_i_2404/CO[3]
                         net (fo=1, unplaced)         0.000   101.391    u_mimo_detector_top/u_gram_matrix_compute/x_im_reg[3][21]_i_2404_n_0
                         CARRY4 (Prop_carry4_CI_CO[3])
                                                      0.100   101.491 r  u_mimo_detector_top/u_gram_matrix_compute/x_im_reg[3][21]_i_2114/CO[3]
                         net (fo=1, unplaced)         0.000   101.491    u_mimo_detector_top/u_gram_matrix_compute/x_im_reg[3][21]_i_2114_n_0
                         CARRY4 (Prop_carry4_CI_CO[3])
                                                      0.100   101.591 r  u_mimo_detector_top/u_gram_matrix_compute/x_im_reg[3][21]_i_1788/CO[3]
                         net (fo=1, unplaced)         0.000   101.591    u_mimo_detector_top/u_gram_matrix_compute/x_im_reg[3][21]_i_1788_n_0
                         CARRY4 (Prop_carry4_CI_CO[3])
                                                      0.100   101.691 r  u_mimo_detector_top/u_gram_matrix_compute/x_im_reg[3][21]_i_1449/CO[3]
                         net (fo=1, unplaced)         0.000   101.691    u_mimo_detector_top/u_gram_matrix_compute/x_im_reg[3][21]_i_1449_n_0
                         CARRY4 (Prop_carry4_CI_CO[3])
                                                      0.100   101.791 r  u_mimo_detector_top/u_gram_matrix_compute/x_im_reg[3][21]_i_1086/CO[3]
                         net (fo=1, unplaced)         0.000   101.791    u_mimo_detector_top/u_gram_matrix_compute/x_im_reg[3][21]_i_1086_n_0
                         CARRY4 (Prop_carry4_CI_CO[3])
                                                      0.100   101.891 r  u_mimo_detector_top/u_gram_matrix_compute/x_im_reg[3][21]_i_814/CO[3]
                         net (fo=1, unplaced)         0.000   101.891    u_mimo_detector_top/u_gram_matrix_compute/x_im_reg[3][21]_i_814_n_0
                         CARRY4 (Prop_carry4_CI_CO[3])
                                                      0.100   101.991 r  u_mimo_detector_top/u_gram_matrix_compute/x_im_reg[3][21]_i_548/CO[3]
                         net (fo=1, unplaced)         0.000   101.991    u_mimo_detector_top/u_gram_matrix_compute/x_im_reg[3][21]_i_548_n_0
                         CARRY4 (Prop_carry4_CI_CO[3])
                                                      0.100   102.091 r  u_mimo_detector_top/u_gram_matrix_compute/x_im_reg[3][21]_i_366/CO[3]
                         net (fo=1, unplaced)         0.000   102.091    u_mimo_detector_top/u_gram_matrix_compute/x_im_reg[3][21]_i_366_n_0
                         CARRY4 (Prop_carry4_CI_CO[3])
                                                      0.100   102.191 r  u_mimo_detector_top/u_gram_matrix_compute/x_im_reg[3][21]_i_216/CO[3]
                         net (fo=1, unplaced)         0.000   102.191    u_mimo_detector_top/u_gram_matrix_compute/x_im_reg[3][21]_i_216_n_0
                         CARRY4 (Prop_carry4_CI_CO[3])
                                                      0.100   102.291 r  u_mimo_detector_top/u_gram_matrix_compute/x_im_reg[3][21]_i_125/CO[3]
                         net (fo=1, unplaced)         0.000   102.291    u_mimo_detector_top/u_gram_matrix_compute/x_im_reg[3][21]_i_125_n_0
                         CARRY4 (Prop_carry4_CI_CO[3])
                                                      0.100   102.391 r  u_mimo_detector_top/u_gram_matrix_compute/x_im_reg[3][21]_i_122/CO[3]
                         net (fo=1, unplaced)         0.000   102.391    u_mimo_detector_top/u_gram_matrix_compute/x_im_reg[3][21]_i_122_n_0
                         CARRY4 (Prop_carry4_CI_CO[1])
                                                      0.150   102.541 r  u_mimo_detector_top/u_gram_matrix_compute/x_im_reg[3][21]_i_121/CO[1]
                         net (fo=59, unplaced)        0.488   103.029    u_mimo_detector_top/u_gram_matrix_compute/x_im[3][21]_i_224_0[0]
                         CARRY4 (Prop_carry4_CYINIT_CO[3])
                                                      0.666   103.695 r  u_mimo_detector_top/u_gram_matrix_compute/x_im_reg[3][21]_i_3150/CO[3]
                         net (fo=1, unplaced)         0.008   103.703    u_mimo_detector_top/u_gram_matrix_compute/x_im_reg[3][21]_i_3150_n_0
                         CARRY4 (Prop_carry4_CI_CO[3])
                                                      0.100   103.803 r  u_mimo_detector_top/u_gram_matrix_compute/x_im_reg[3][21]_i_2896/CO[3]
                         net (fo=1, unplaced)         0.000   103.803    u_mimo_detector_top/u_gram_matrix_compute/x_im_reg[3][21]_i_2896_n_0
                         CARRY4 (Prop_carry4_CI_CO[3])
                                                      0.100   103.903 r  u_mimo_detector_top/u_gram_matrix_compute/x_im_reg[3][21]_i_2645/CO[3]
                         net (fo=1, unplaced)         0.000   103.903    u_mimo_detector_top/u_gram_matrix_compute/x_im_reg[3][21]_i_2645_n_0
                         CARRY4 (Prop_carry4_CI_CO[3])
                                                      0.100   104.003 r  u_mimo_detector_top/u_gram_matrix_compute/x_im_reg[3][21]_i_2399/CO[3]
                         net (fo=1, unplaced)         0.000   104.003    u_mimo_detector_top/u_gram_matrix_compute/x_im_reg[3][21]_i_2399_n_0
                         CARRY4 (Prop_carry4_CI_CO[3])
                                                      0.100   104.103 r  u_mimo_detector_top/u_gram_matrix_compute/x_im_reg[3][21]_i_2109/CO[3]
                         net (fo=1, unplaced)         0.000   104.103    u_mimo_detector_top/u_gram_matrix_compute/x_im_reg[3][21]_i_2109_n_0
                         CARRY4 (Prop_carry4_CI_CO[3])
                                                      0.100   104.203 r  u_mimo_detector_top/u_gram_matrix_compute/x_im_reg[3][21]_i_1783/CO[3]
                         net (fo=1, unplaced)         0.000   104.203    u_mimo_detector_top/u_gram_matrix_compute/x_im_reg[3][21]_i_1783_n_0
                         CARRY4 (Prop_carry4_CI_CO[3])
                                                      0.100   104.303 r  u_mimo_detector_top/u_gram_matrix_compute/x_im_reg[3][21]_i_1444/CO[3]
                         net (fo=1, unplaced)         0.000   104.303    u_mimo_detector_top/u_gram_matrix_compute/x_im_reg[3][21]_i_1444_n_0
                         CARRY4 (Prop_carry4_CI_CO[3])
                                                      0.100   104.403 r  u_mimo_detector_top/u_gram_matrix_compute/x_im_reg[3][21]_i_1081/CO[3]
                         net (fo=1, unplaced)         0.000   104.403    u_mimo_detector_top/u_gram_matrix_compute/x_im_reg[3][21]_i_1081_n_0
                         CARRY4 (Prop_carry4_CI_CO[3])
                                                      0.100   104.503 r  u_mimo_detector_top/u_gram_matrix_compute/x_im_reg[3][21]_i_809/CO[3]
                         net (fo=1, unplaced)         0.000   104.503    u_mimo_detector_top/u_gram_matrix_compute/x_im_reg[3][21]_i_809_n_0
                         CARRY4 (Prop_carry4_CI_CO[3])
                                                      0.100   104.603 r  u_mimo_detector_top/u_gram_matrix_compute/x_im_reg[3][21]_i_543/CO[3]
                         net (fo=1, unplaced)         0.000   104.603    u_mimo_detector_top/u_gram_matrix_compute/x_im_reg[3][21]_i_543_n_0
                         CARRY4 (Prop_carry4_CI_CO[3])
                                                      0.100   104.703 r  u_mimo_detector_top/u_gram_matrix_compute/x_im_reg[3][21]_i_361/CO[3]
                         net (fo=1, unplaced)         0.000   104.703    u_mimo_detector_top/u_gram_matrix_compute/x_im_reg[3][21]_i_361_n_0
                         CARRY4 (Prop_carry4_CI_CO[3])
                                                      0.100   104.803 r  u_mimo_detector_top/u_gram_matrix_compute/x_im_reg[3][21]_i_211/CO[3]
                         net (fo=1, unplaced)         0.000   104.803    u_mimo_detector_top/u_gram_matrix_compute/x_im_reg[3][21]_i_211_n_0
                         CARRY4 (Prop_carry4_CI_CO[3])
                                                      0.100   104.903 r  u_mimo_detector_top/u_gram_matrix_compute/x_im_reg[3][21]_i_116/CO[3]
                         net (fo=1, unplaced)         0.000   104.903    u_mimo_detector_top/u_gram_matrix_compute/x_im_reg[3][21]_i_116_n_0
                         CARRY4 (Prop_carry4_CI_CO[3])
                                                      0.100   105.003 r  u_mimo_detector_top/u_gram_matrix_compute/x_im_reg[3][21]_i_49/CO[3]
                         net (fo=1, unplaced)         0.000   105.003    u_mimo_detector_top/u_gram_matrix_compute/x_im_reg[3][21]_i_49_n_0
                         CARRY4 (Prop_carry4_CI_CO[1])
                                                      0.150   105.153 r  u_mimo_detector_top/u_gram_matrix_compute/x_im_reg[3][21]_i_48/CO[1]
                         net (fo=59, unplaced)        0.488   105.641    u_mimo_detector_top/u_gram_matrix_compute/x_im[3][21]_i_124_0[0]
                         CARRY4 (Prop_carry4_CYINIT_CO[3])
                                                      0.666   106.307 r  u_mimo_detector_top/u_gram_matrix_compute/x_im_reg[3][21]_i_3149/CO[3]
                         net (fo=1, unplaced)         0.008   106.315    u_mimo_detector_top/u_gram_matrix_compute/x_im_reg[3][21]_i_3149_n_0
                         CARRY4 (Prop_carry4_CI_CO[3])
                                                      0.100   106.415 r  u_mimo_detector_top/u_gram_matrix_compute/x_im_reg[3][21]_i_2895/CO[3]
                         net (fo=1, unplaced)         0.000   106.415    u_mimo_detector_top/u_gram_matrix_compute/x_im_reg[3][21]_i_2895_n_0
                         CARRY4 (Prop_carry4_CI_CO[3])
                                                      0.100   106.515 r  u_mimo_detector_top/u_gram_matrix_compute/x_im_reg[3][21]_i_2644/CO[3]
                         net (fo=1, unplaced)         0.000   106.515    u_mimo_detector_top/u_gram_matrix_compute/x_im_reg[3][21]_i_2644_n_0
                         CARRY4 (Prop_carry4_CI_CO[3])
                                                      0.100   106.615 r  u_mimo_detector_top/u_gram_matrix_compute/x_im_reg[3][21]_i_2398/CO[3]
                         net (fo=1, unplaced)         0.000   106.615    u_mimo_detector_top/u_gram_matrix_compute/x_im_reg[3][21]_i_2398_n_0
                         CARRY4 (Prop_carry4_CI_CO[3])
                                                      0.100   106.715 r  u_mimo_detector_top/u_gram_matrix_compute/x_im_reg[3][21]_i_2108/CO[3]
                         net (fo=1, unplaced)         0.000   106.715    u_mimo_detector_top/u_gram_matrix_compute/x_im_reg[3][21]_i_2108_n_0
                         CARRY4 (Prop_carry4_CI_CO[3])
                                                      0.100   106.815 r  u_mimo_detector_top/u_gram_matrix_compute/x_im_reg[3][21]_i_1782/CO[3]
                         net (fo=1, unplaced)         0.000   106.815    u_mimo_detector_top/u_gram_matrix_compute/x_im_reg[3][21]_i_1782_n_0
                         CARRY4 (Prop_carry4_CI_CO[3])
                                                      0.100   106.915 r  u_mimo_detector_top/u_gram_matrix_compute/x_im_reg[3][21]_i_1443/CO[3]
                         net (fo=1, unplaced)         0.000   106.915    u_mimo_detector_top/u_gram_matrix_compute/x_im_reg[3][21]_i_1443_n_0
                         CARRY4 (Prop_carry4_CI_CO[3])
                                                      0.100   107.015 r  u_mimo_detector_top/u_gram_matrix_compute/x_im_reg[3][21]_i_1080/CO[3]
                         net (fo=1, unplaced)         0.000   107.015    u_mimo_detector_top/u_gram_matrix_compute/x_im_reg[3][21]_i_1080_n_0
                         CARRY4 (Prop_carry4_CI_CO[3])
                                                      0.100   107.115 r  u_mimo_detector_top/u_gram_matrix_compute/x_im_reg[3][21]_i_808/CO[3]
                         net (fo=1, unplaced)         0.000   107.115    u_mimo_detector_top/u_gram_matrix_compute/x_im_reg[3][21]_i_808_n_0
                         CARRY4 (Prop_carry4_CI_CO[3])
                                                      0.100   107.215 r  u_mimo_detector_top/u_gram_matrix_compute/x_im_reg[3][21]_i_542/CO[3]
                         net (fo=1, unplaced)         0.000   107.215    u_mimo_detector_top/u_gram_matrix_compute/x_im_reg[3][21]_i_542_n_0
                         CARRY4 (Prop_carry4_CI_CO[3])
                                                      0.100   107.315 r  u_mimo_detector_top/u_gram_matrix_compute/x_im_reg[3][21]_i_360/CO[3]
                         net (fo=1, unplaced)         0.000   107.315    u_mimo_detector_top/u_gram_matrix_compute/x_im_reg[3][21]_i_360_n_0
                         CARRY4 (Prop_carry4_CI_CO[3])
                                                      0.100   107.415 r  u_mimo_detector_top/u_gram_matrix_compute/x_im_reg[3][21]_i_210/CO[3]
                         net (fo=1, unplaced)         0.000   107.415    u_mimo_detector_top/u_gram_matrix_compute/x_im_reg[3][21]_i_210_n_0
                         CARRY4 (Prop_carry4_CI_CO[3])
                                                      0.100   107.515 r  u_mimo_detector_top/u_gram_matrix_compute/x_im_reg[3][21]_i_115/CO[3]
                         net (fo=1, unplaced)         0.000   107.515    u_mimo_detector_top/u_gram_matrix_compute/x_im_reg[3][21]_i_115_n_0
                         CARRY4 (Prop_carry4_CI_CO[3])
                                                      0.100   107.615 r  u_mimo_detector_top/u_gram_matrix_compute/x_im_reg[3][21]_i_47/CO[3]
                         net (fo=1, unplaced)         0.000   107.615    u_mimo_detector_top/u_gram_matrix_compute/x_im_reg[3][21]_i_47_n_0
                         CARRY4 (Prop_carry4_CI_CO[1])
                                                      0.150   107.765 r  u_mimo_detector_top/u_gram_matrix_compute/x_im_reg[3][21]_i_14/CO[1]
                         net (fo=61, unplaced)        0.489   108.254    u_mimo_detector_top/u_gram_matrix_compute/x_im[3][21]_i_51_0[0]
                         CARRY4 (Prop_carry4_CYINIT_CO[3])
                                                      0.666   108.920 r  u_mimo_detector_top/u_gram_matrix_compute/x_im_reg[3][20]_i_150/CO[3]
                         net (fo=1, unplaced)         0.008   108.928    u_mimo_detector_top/u_gram_matrix_compute/x_im_reg[3][20]_i_150_n_0
                         CARRY4 (Prop_carry4_CI_CO[3])
                                                      0.100   109.028 r  u_mimo_detector_top/u_gram_matrix_compute/x_im_reg[3][20]_i_141/CO[3]
                         net (fo=1, unplaced)         0.000   109.028    u_mimo_detector_top/u_gram_matrix_compute/x_im_reg[3][20]_i_141_n_0
                         CARRY4 (Prop_carry4_CI_CO[3])
                                                      0.100   109.128 r  u_mimo_detector_top/u_gram_matrix_compute/x_im_reg[3][20]_i_131/CO[3]
                         net (fo=1, unplaced)         0.000   109.128    u_mimo_detector_top/u_gram_matrix_compute/x_im_reg[3][20]_i_131_n_0
                         CARRY4 (Prop_carry4_CI_CO[3])
                                                      0.100   109.228 r  u_mimo_detector_top/u_gram_matrix_compute/x_im_reg[3][20]_i_121/CO[3]
                         net (fo=1, unplaced)         0.000   109.228    u_mimo_detector_top/u_gram_matrix_compute/x_im_reg[3][20]_i_121_n_0
                         CARRY4 (Prop_carry4_CI_CO[3])
                                                      0.100   109.328 r  u_mimo_detector_top/u_gram_matrix_compute/x_im_reg[3][20]_i_111/CO[3]
                         net (fo=1, unplaced)         0.000   109.328    u_mimo_detector_top/u_gram_matrix_compute/x_im_reg[3][20]_i_111_n_0
                         CARRY4 (Prop_carry4_CI_CO[3])
                                                      0.100   109.428 r  u_mimo_detector_top/u_gram_matrix_compute/x_im_reg[3][20]_i_101/CO[3]
                         net (fo=1, unplaced)         0.000   109.428    u_mimo_detector_top/u_gram_matrix_compute/x_im_reg[3][20]_i_101_n_0
                         CARRY4 (Prop_carry4_CI_CO[3])
                                                      0.100   109.528 r  u_mimo_detector_top/u_gram_matrix_compute/x_im_reg[3][20]_i_91/CO[3]
                         net (fo=1, unplaced)         0.000   109.528    u_mimo_detector_top/u_gram_matrix_compute/x_im_reg[3][20]_i_91_n_0
                         CARRY4 (Prop_carry4_CI_CO[3])
                                                      0.100   109.628 r  u_mimo_detector_top/u_gram_matrix_compute/x_im_reg[3][20]_i_81/CO[3]
                         net (fo=1, unplaced)         0.000   109.628    u_mimo_detector_top/u_gram_matrix_compute/x_im_reg[3][20]_i_81_n_0
                         CARRY4 (Prop_carry4_CI_CO[3])
                                                      0.100   109.728 r  u_mimo_detector_top/u_gram_matrix_compute/x_im_reg[3][20]_i_71/CO[3]
                         net (fo=1, unplaced)         0.000   109.728    u_mimo_detector_top/u_gram_matrix_compute/x_im_reg[3][20]_i_71_n_0
                         CARRY4 (Prop_carry4_CI_CO[3])
                                                      0.100   109.828 r  u_mimo_detector_top/u_gram_matrix_compute/x_im_reg[3][20]_i_61/CO[3]
                         net (fo=1, unplaced)         0.000   109.828    u_mimo_detector_top/u_gram_matrix_compute/x_im_reg[3][20]_i_61_n_0
                         CARRY4 (Prop_carry4_CI_CO[3])
                                                      0.100   109.928 r  u_mimo_detector_top/u_gram_matrix_compute/x_im_reg[3][20]_i_51/CO[3]
                         net (fo=1, unplaced)         0.000   109.928    u_mimo_detector_top/u_gram_matrix_compute/x_im_reg[3][20]_i_51_n_0
                         CARRY4 (Prop_carry4_CI_CO[3])
                                                      0.100   110.028 r  u_mimo_detector_top/u_gram_matrix_compute/x_im_reg[3][20]_i_41/CO[3]
                         net (fo=1, unplaced)         0.000   110.028    u_mimo_detector_top/u_gram_matrix_compute/x_im_reg[3][20]_i_41_n_0
                         CARRY4 (Prop_carry4_CI_CO[3])
                                                      0.100   110.128 r  u_mimo_detector_top/u_gram_matrix_compute/x_im_reg[3][20]_i_31/CO[3]
                         net (fo=1, unplaced)         0.000   110.128    u_mimo_detector_top/u_gram_matrix_compute/x_im_reg[3][20]_i_31_n_0
                         CARRY4 (Prop_carry4_CI_CO[3])
                                                      0.100   110.228 r  u_mimo_detector_top/u_gram_matrix_compute/x_im_reg[3][20]_i_19/CO[3]
                         net (fo=1, unplaced)         0.000   110.228    u_mimo_detector_top/u_gram_matrix_compute/x_im_reg[3][20]_i_19_n_0
                         CARRY4 (Prop_carry4_CI_CO[1])
                                                      0.150   110.378 r  u_mimo_detector_top/u_gram_matrix_compute/x_im_reg[3][20]_i_12/CO[1]
                         net (fo=61, unplaced)        0.489   110.867    u_mimo_detector_top/u_gram_matrix_compute/x_im[3][20]_i_21_0[0]
                         CARRY4 (Prop_carry4_CYINIT_CO[3])
                                                      0.666   111.533 r  u_mimo_detector_top/u_gram_matrix_compute/x_im_reg[3][19]_i_140/CO[3]
                         net (fo=1, unplaced)         0.008   111.541    u_mimo_detector_top/u_gram_matrix_compute/x_im_reg[3][19]_i_140_n_0
                         CARRY4 (Prop_carry4_CI_CO[3])
                                                      0.100   111.641 r  u_mimo_detector_top/u_gram_matrix_compute/x_im_reg[3][19]_i_131/CO[3]
                         net (fo=1, unplaced)         0.000   111.641    u_mimo_detector_top/u_gram_matrix_compute/x_im_reg[3][19]_i_131_n_0
                         CARRY4 (Prop_carry4_CI_CO[3])
                                                      0.100   111.741 r  u_mimo_detector_top/u_gram_matrix_compute/x_im_reg[3][19]_i_121/CO[3]
                         net (fo=1, unplaced)         0.000   111.741    u_mimo_detector_top/u_gram_matrix_compute/x_im_reg[3][19]_i_121_n_0
                         CARRY4 (Prop_carry4_CI_CO[3])
                                                      0.100   111.841 r  u_mimo_detector_top/u_gram_matrix_compute/x_im_reg[3][19]_i_111/CO[3]
                         net (fo=1, unplaced)         0.000   111.841    u_mimo_detector_top/u_gram_matrix_compute/x_im_reg[3][19]_i_111_n_0
                         CARRY4 (Prop_carry4_CI_CO[3])
                                                      0.100   111.941 r  u_mimo_detector_top/u_gram_matrix_compute/x_im_reg[3][19]_i_101/CO[3]
                         net (fo=1, unplaced)         0.000   111.941    u_mimo_detector_top/u_gram_matrix_compute/x_im_reg[3][19]_i_101_n_0
                         CARRY4 (Prop_carry4_CI_CO[3])
                                                      0.100   112.041 r  u_mimo_detector_top/u_gram_matrix_compute/x_im_reg[3][19]_i_91/CO[3]
                         net (fo=1, unplaced)         0.000   112.041    u_mimo_detector_top/u_gram_matrix_compute/x_im_reg[3][19]_i_91_n_0
                         CARRY4 (Prop_carry4_CI_CO[3])
                                                      0.100   112.141 r  u_mimo_detector_top/u_gram_matrix_compute/x_im_reg[3][19]_i_81/CO[3]
                         net (fo=1, unplaced)         0.000   112.141    u_mimo_detector_top/u_gram_matrix_compute/x_im_reg[3][19]_i_81_n_0
                         CARRY4 (Prop_carry4_CI_CO[3])
                                                      0.100   112.241 r  u_mimo_detector_top/u_gram_matrix_compute/x_im_reg[3][19]_i_71/CO[3]
                         net (fo=1, unplaced)         0.000   112.241    u_mimo_detector_top/u_gram_matrix_compute/x_im_reg[3][19]_i_71_n_0
                         CARRY4 (Prop_carry4_CI_CO[3])
                                                      0.100   112.341 r  u_mimo_detector_top/u_gram_matrix_compute/x_im_reg[3][19]_i_61/CO[3]
                         net (fo=1, unplaced)         0.000   112.341    u_mimo_detector_top/u_gram_matrix_compute/x_im_reg[3][19]_i_61_n_0
                         CARRY4 (Prop_carry4_CI_CO[3])
                                                      0.100   112.441 r  u_mimo_detector_top/u_gram_matrix_compute/x_im_reg[3][19]_i_51/CO[3]
                         net (fo=1, unplaced)         0.000   112.441    u_mimo_detector_top/u_gram_matrix_compute/x_im_reg[3][19]_i_51_n_0
                         CARRY4 (Prop_carry4_CI_CO[3])
                                                      0.100   112.541 r  u_mimo_detector_top/u_gram_matrix_compute/x_im_reg[3][19]_i_41/CO[3]
                         net (fo=1, unplaced)         0.000   112.541    u_mimo_detector_top/u_gram_matrix_compute/x_im_reg[3][19]_i_41_n_0
                         CARRY4 (Prop_carry4_CI_CO[3])
                                                      0.100   112.641 r  u_mimo_detector_top/u_gram_matrix_compute/x_im_reg[3][19]_i_31/CO[3]
                         net (fo=1, unplaced)         0.000   112.641    u_mimo_detector_top/u_gram_matrix_compute/x_im_reg[3][19]_i_31_n_0
                         CARRY4 (Prop_carry4_CI_CO[3])
                                                      0.100   112.741 r  u_mimo_detector_top/u_gram_matrix_compute/x_im_reg[3][19]_i_21/CO[3]
                         net (fo=1, unplaced)         0.000   112.741    u_mimo_detector_top/u_gram_matrix_compute/x_im_reg[3][19]_i_21_n_0
                         CARRY4 (Prop_carry4_CI_CO[3])
                                                      0.100   112.841 r  u_mimo_detector_top/u_gram_matrix_compute/x_im_reg[3][19]_i_13/CO[3]
                         net (fo=1, unplaced)         0.000   112.841    u_mimo_detector_top/u_gram_matrix_compute/x_im_reg[3][19]_i_13_n_0
                         CARRY4 (Prop_carry4_CI_CO[1])
                                                      0.150   112.991 r  u_mimo_detector_top/u_gram_matrix_compute/x_im_reg[3][19]_i_7/CO[1]
                         net (fo=61, unplaced)        0.489   113.480    u_mimo_detector_top/u_gram_matrix_compute/x_im[3][19]_i_15_0[0]
                         CARRY4 (Prop_carry4_CYINIT_CO[3])
                                                      0.666   114.146 r  u_mimo_detector_top/u_gram_matrix_compute/x_im_reg[3][18]_i_140/CO[3]
                         net (fo=1, unplaced)         0.008   114.154    u_mimo_detector_top/u_gram_matrix_compute/x_im_reg[3][18]_i_140_n_0
                         CARRY4 (Prop_carry4_CI_CO[3])
                                                      0.100   114.254 r  u_mimo_detector_top/u_gram_matrix_compute/x_im_reg[3][18]_i_131/CO[3]
                         net (fo=1, unplaced)         0.000   114.254    u_mimo_detector_top/u_gram_matrix_compute/x_im_reg[3][18]_i_131_n_0
                         CARRY4 (Prop_carry4_CI_CO[3])
                                                      0.100   114.354 r  u_mimo_detector_top/u_gram_matrix_compute/x_im_reg[3][18]_i_121/CO[3]
                         net (fo=1, unplaced)         0.000   114.354    u_mimo_detector_top/u_gram_matrix_compute/x_im_reg[3][18]_i_121_n_0
                         CARRY4 (Prop_carry4_CI_CO[3])
                                                      0.100   114.454 r  u_mimo_detector_top/u_gram_matrix_compute/x_im_reg[3][18]_i_111/CO[3]
                         net (fo=1, unplaced)         0.000   114.454    u_mimo_detector_top/u_gram_matrix_compute/x_im_reg[3][18]_i_111_n_0
                         CARRY4 (Prop_carry4_CI_CO[3])
                                                      0.100   114.554 r  u_mimo_detector_top/u_gram_matrix_compute/x_im_reg[3][18]_i_101/CO[3]
                         net (fo=1, unplaced)         0.000   114.554    u_mimo_detector_top/u_gram_matrix_compute/x_im_reg[3][18]_i_101_n_0
                         CARRY4 (Prop_carry4_CI_CO[3])
                                                      0.100   114.654 r  u_mimo_detector_top/u_gram_matrix_compute/x_im_reg[3][18]_i_91/CO[3]
                         net (fo=1, unplaced)         0.000   114.654    u_mimo_detector_top/u_gram_matrix_compute/x_im_reg[3][18]_i_91_n_0
                         CARRY4 (Prop_carry4_CI_CO[3])
                                                      0.100   114.754 r  u_mimo_detector_top/u_gram_matrix_compute/x_im_reg[3][18]_i_81/CO[3]
                         net (fo=1, unplaced)         0.000   114.754    u_mimo_detector_top/u_gram_matrix_compute/x_im_reg[3][18]_i_81_n_0
                         CARRY4 (Prop_carry4_CI_CO[3])
                                                      0.100   114.854 r  u_mimo_detector_top/u_gram_matrix_compute/x_im_reg[3][18]_i_71/CO[3]
                         net (fo=1, unplaced)         0.000   114.854    u_mimo_detector_top/u_gram_matrix_compute/x_im_reg[3][18]_i_71_n_0
                         CARRY4 (Prop_carry4_CI_CO[3])
                                                      0.100   114.954 r  u_mimo_detector_top/u_gram_matrix_compute/x_im_reg[3][18]_i_61/CO[3]
                         net (fo=1, unplaced)         0.000   114.954    u_mimo_detector_top/u_gram_matrix_compute/x_im_reg[3][18]_i_61_n_0
                         CARRY4 (Prop_carry4_CI_CO[3])
                                                      0.100   115.054 r  u_mimo_detector_top/u_gram_matrix_compute/x_im_reg[3][18]_i_51/CO[3]
                         net (fo=1, unplaced)         0.000   115.054    u_mimo_detector_top/u_gram_matrix_compute/x_im_reg[3][18]_i_51_n_0
                         CARRY4 (Prop_carry4_CI_CO[3])
                                                      0.100   115.154 r  u_mimo_detector_top/u_gram_matrix_compute/x_im_reg[3][18]_i_41/CO[3]
                         net (fo=1, unplaced)         0.000   115.154    u_mimo_detector_top/u_gram_matrix_compute/x_im_reg[3][18]_i_41_n_0
                         CARRY4 (Prop_carry4_CI_CO[3])
                                                      0.100   115.254 r  u_mimo_detector_top/u_gram_matrix_compute/x_im_reg[3][18]_i_31/CO[3]
                         net (fo=1, unplaced)         0.000   115.254    u_mimo_detector_top/u_gram_matrix_compute/x_im_reg[3][18]_i_31_n_0
                         CARRY4 (Prop_carry4_CI_CO[3])
                                                      0.100   115.354 r  u_mimo_detector_top/u_gram_matrix_compute/x_im_reg[3][18]_i_21/CO[3]
                         net (fo=1, unplaced)         0.000   115.354    u_mimo_detector_top/u_gram_matrix_compute/x_im_reg[3][18]_i_21_n_0
                         CARRY4 (Prop_carry4_CI_CO[3])
                                                      0.100   115.454 r  u_mimo_detector_top/u_gram_matrix_compute/x_im_reg[3][18]_i_13/CO[3]
                         net (fo=1, unplaced)         0.000   115.454    u_mimo_detector_top/u_gram_matrix_compute/x_im_reg[3][18]_i_13_n_0
                         CARRY4 (Prop_carry4_CI_CO[1])
                                                      0.150   115.604 r  u_mimo_detector_top/u_gram_matrix_compute/x_im_reg[3][18]_i_7/CO[1]
                         net (fo=61, unplaced)        0.489   116.093    u_mimo_detector_top/u_gram_matrix_compute/x_im[3][18]_i_15_0[0]
                         CARRY4 (Prop_carry4_CYINIT_CO[3])
                                                      0.666   116.759 r  u_mimo_detector_top/u_gram_matrix_compute/x_im_reg[3][17]_i_140/CO[3]
                         net (fo=1, unplaced)         0.008   116.767    u_mimo_detector_top/u_gram_matrix_compute/x_im_reg[3][17]_i_140_n_0
                         CARRY4 (Prop_carry4_CI_CO[3])
                                                      0.100   116.867 r  u_mimo_detector_top/u_gram_matrix_compute/x_im_reg[3][17]_i_131/CO[3]
                         net (fo=1, unplaced)         0.000   116.867    u_mimo_detector_top/u_gram_matrix_compute/x_im_reg[3][17]_i_131_n_0
                         CARRY4 (Prop_carry4_CI_CO[3])
                                                      0.100   116.967 r  u_mimo_detector_top/u_gram_matrix_compute/x_im_reg[3][17]_i_121/CO[3]
                         net (fo=1, unplaced)         0.000   116.967    u_mimo_detector_top/u_gram_matrix_compute/x_im_reg[3][17]_i_121_n_0
                         CARRY4 (Prop_carry4_CI_CO[3])
                                                      0.100   117.067 r  u_mimo_detector_top/u_gram_matrix_compute/x_im_reg[3][17]_i_111/CO[3]
                         net (fo=1, unplaced)         0.000   117.067    u_mimo_detector_top/u_gram_matrix_compute/x_im_reg[3][17]_i_111_n_0
                         CARRY4 (Prop_carry4_CI_CO[3])
                                                      0.100   117.167 r  u_mimo_detector_top/u_gram_matrix_compute/x_im_reg[3][17]_i_101/CO[3]
                         net (fo=1, unplaced)         0.000   117.167    u_mimo_detector_top/u_gram_matrix_compute/x_im_reg[3][17]_i_101_n_0
                         CARRY4 (Prop_carry4_CI_CO[3])
                                                      0.100   117.267 r  u_mimo_detector_top/u_gram_matrix_compute/x_im_reg[3][17]_i_91/CO[3]
                         net (fo=1, unplaced)         0.000   117.267    u_mimo_detector_top/u_gram_matrix_compute/x_im_reg[3][17]_i_91_n_0
                         CARRY4 (Prop_carry4_CI_CO[3])
                                                      0.100   117.367 r  u_mimo_detector_top/u_gram_matrix_compute/x_im_reg[3][17]_i_81/CO[3]
                         net (fo=1, unplaced)         0.000   117.367    u_mimo_detector_top/u_gram_matrix_compute/x_im_reg[3][17]_i_81_n_0
                         CARRY4 (Prop_carry4_CI_CO[3])
                                                      0.100   117.467 r  u_mimo_detector_top/u_gram_matrix_compute/x_im_reg[3][17]_i_71/CO[3]
                         net (fo=1, unplaced)         0.000   117.467    u_mimo_detector_top/u_gram_matrix_compute/x_im_reg[3][17]_i_71_n_0
                         CARRY4 (Prop_carry4_CI_CO[3])
                                                      0.100   117.567 r  u_mimo_detector_top/u_gram_matrix_compute/x_im_reg[3][17]_i_61/CO[3]
                         net (fo=1, unplaced)         0.000   117.567    u_mimo_detector_top/u_gram_matrix_compute/x_im_reg[3][17]_i_61_n_0
                         CARRY4 (Prop_carry4_CI_CO[3])
                                                      0.100   117.667 r  u_mimo_detector_top/u_gram_matrix_compute/x_im_reg[3][17]_i_51/CO[3]
                         net (fo=1, unplaced)         0.000   117.667    u_mimo_detector_top/u_gram_matrix_compute/x_im_reg[3][17]_i_51_n_0
                         CARRY4 (Prop_carry4_CI_CO[3])
                                                      0.100   117.767 r  u_mimo_detector_top/u_gram_matrix_compute/x_im_reg[3][17]_i_41/CO[3]
                         net (fo=1, unplaced)         0.000   117.767    u_mimo_detector_top/u_gram_matrix_compute/x_im_reg[3][17]_i_41_n_0
                         CARRY4 (Prop_carry4_CI_CO[3])
                                                      0.100   117.867 r  u_mimo_detector_top/u_gram_matrix_compute/x_im_reg[3][17]_i_31/CO[3]
                         net (fo=1, unplaced)         0.000   117.867    u_mimo_detector_top/u_gram_matrix_compute/x_im_reg[3][17]_i_31_n_0
                         CARRY4 (Prop_carry4_CI_CO[3])
                                                      0.100   117.967 r  u_mimo_detector_top/u_gram_matrix_compute/x_im_reg[3][17]_i_21/CO[3]
                         net (fo=1, unplaced)         0.000   117.967    u_mimo_detector_top/u_gram_matrix_compute/x_im_reg[3][17]_i_21_n_0
                         CARRY4 (Prop_carry4_CI_CO[3])
                                                      0.100   118.067 r  u_mimo_detector_top/u_gram_matrix_compute/x_im_reg[3][17]_i_13/CO[3]
                         net (fo=1, unplaced)         0.000   118.067    u_mimo_detector_top/u_gram_matrix_compute/x_im_reg[3][17]_i_13_n_0
                         CARRY4 (Prop_carry4_CI_CO[1])
                                                      0.150   118.217 r  u_mimo_detector_top/u_gram_matrix_compute/x_im_reg[3][17]_i_7/CO[1]
                         net (fo=61, unplaced)        0.489   118.706    u_mimo_detector_top/u_gram_matrix_compute/x_im[3][17]_i_15_0[0]
                         CARRY4 (Prop_carry4_CYINIT_CO[3])
                                                      0.666   119.372 r  u_mimo_detector_top/u_gram_matrix_compute/x_im_reg[3][16]_i_150/CO[3]
                         net (fo=1, unplaced)         0.008   119.380    u_mimo_detector_top/u_gram_matrix_compute/x_im_reg[3][16]_i_150_n_0
                         CARRY4 (Prop_carry4_CI_CO[3])
                                                      0.100   119.480 r  u_mimo_detector_top/u_gram_matrix_compute/x_im_reg[3][16]_i_141/CO[3]
                         net (fo=1, unplaced)         0.000   119.480    u_mimo_detector_top/u_gram_matrix_compute/x_im_reg[3][16]_i_141_n_0
                         CARRY4 (Prop_carry4_CI_CO[3])
                                                      0.100   119.580 r  u_mimo_detector_top/u_gram_matrix_compute/x_im_reg[3][16]_i_131/CO[3]
                         net (fo=1, unplaced)         0.000   119.580    u_mimo_detector_top/u_gram_matrix_compute/x_im_reg[3][16]_i_131_n_0
                         CARRY4 (Prop_carry4_CI_CO[3])
                                                      0.100   119.680 r  u_mimo_detector_top/u_gram_matrix_compute/x_im_reg[3][16]_i_121/CO[3]
                         net (fo=1, unplaced)         0.000   119.680    u_mimo_detector_top/u_gram_matrix_compute/x_im_reg[3][16]_i_121_n_0
                         CARRY4 (Prop_carry4_CI_CO[3])
                                                      0.100   119.780 r  u_mimo_detector_top/u_gram_matrix_compute/x_im_reg[3][16]_i_111/CO[3]
                         net (fo=1, unplaced)         0.000   119.780    u_mimo_detector_top/u_gram_matrix_compute/x_im_reg[3][16]_i_111_n_0
                         CARRY4 (Prop_carry4_CI_CO[3])
                                                      0.100   119.880 r  u_mimo_detector_top/u_gram_matrix_compute/x_im_reg[3][16]_i_101/CO[3]
                         net (fo=1, unplaced)         0.000   119.880    u_mimo_detector_top/u_gram_matrix_compute/x_im_reg[3][16]_i_101_n_0
                         CARRY4 (Prop_carry4_CI_CO[3])
                                                      0.100   119.980 r  u_mimo_detector_top/u_gram_matrix_compute/x_im_reg[3][16]_i_91/CO[3]
                         net (fo=1, unplaced)         0.000   119.980    u_mimo_detector_top/u_gram_matrix_compute/x_im_reg[3][16]_i_91_n_0
                         CARRY4 (Prop_carry4_CI_CO[3])
                                                      0.100   120.080 r  u_mimo_detector_top/u_gram_matrix_compute/x_im_reg[3][16]_i_81/CO[3]
                         net (fo=1, unplaced)         0.000   120.080    u_mimo_detector_top/u_gram_matrix_compute/x_im_reg[3][16]_i_81_n_0
                         CARRY4 (Prop_carry4_CI_CO[3])
                                                      0.100   120.180 r  u_mimo_detector_top/u_gram_matrix_compute/x_im_reg[3][16]_i_71/CO[3]
                         net (fo=1, unplaced)         0.000   120.180    u_mimo_detector_top/u_gram_matrix_compute/x_im_reg[3][16]_i_71_n_0
                         CARRY4 (Prop_carry4_CI_CO[3])
                                                      0.100   120.280 r  u_mimo_detector_top/u_gram_matrix_compute/x_im_reg[3][16]_i_61/CO[3]
                         net (fo=1, unplaced)         0.000   120.280    u_mimo_detector_top/u_gram_matrix_compute/x_im_reg[3][16]_i_61_n_0
                         CARRY4 (Prop_carry4_CI_CO[3])
                                                      0.100   120.380 r  u_mimo_detector_top/u_gram_matrix_compute/x_im_reg[3][16]_i_51/CO[3]
                         net (fo=1, unplaced)         0.000   120.380    u_mimo_detector_top/u_gram_matrix_compute/x_im_reg[3][16]_i_51_n_0
                         CARRY4 (Prop_carry4_CI_CO[3])
                                                      0.100   120.480 r  u_mimo_detector_top/u_gram_matrix_compute/x_im_reg[3][16]_i_41/CO[3]
                         net (fo=1, unplaced)         0.000   120.480    u_mimo_detector_top/u_gram_matrix_compute/x_im_reg[3][16]_i_41_n_0
                         CARRY4 (Prop_carry4_CI_CO[3])
                                                      0.100   120.580 r  u_mimo_detector_top/u_gram_matrix_compute/x_im_reg[3][16]_i_31/CO[3]
                         net (fo=1, unplaced)         0.000   120.580    u_mimo_detector_top/u_gram_matrix_compute/x_im_reg[3][16]_i_31_n_0
                         CARRY4 (Prop_carry4_CI_CO[3])
                                                      0.100   120.680 r  u_mimo_detector_top/u_gram_matrix_compute/x_im_reg[3][16]_i_19/CO[3]
                         net (fo=1, unplaced)         0.000   120.680    u_mimo_detector_top/u_gram_matrix_compute/x_im_reg[3][16]_i_19_n_0
                         CARRY4 (Prop_carry4_CI_CO[1])
                                                      0.150   120.830 r  u_mimo_detector_top/u_gram_matrix_compute/x_im_reg[3][16]_i_12/CO[1]
                         net (fo=61, unplaced)        0.489   121.319    u_mimo_detector_top/u_gram_matrix_compute/x_im[3][16]_i_21_0[0]
                         CARRY4 (Prop_carry4_CYINIT_CO[3])
                                                      0.666   121.985 r  u_mimo_detector_top/u_gram_matrix_compute/x_im_reg[3][15]_i_140/CO[3]
                         net (fo=1, unplaced)         0.008   121.993    u_mimo_detector_top/u_gram_matrix_compute/x_im_reg[3][15]_i_140_n_0
                         CARRY4 (Prop_carry4_CI_CO[3])
                                                      0.100   122.093 r  u_mimo_detector_top/u_gram_matrix_compute/x_im_reg[3][15]_i_131/CO[3]
                         net (fo=1, unplaced)         0.000   122.093    u_mimo_detector_top/u_gram_matrix_compute/x_im_reg[3][15]_i_131_n_0
                         CARRY4 (Prop_carry4_CI_CO[3])
                                                      0.100   122.193 r  u_mimo_detector_top/u_gram_matrix_compute/x_im_reg[3][15]_i_121/CO[3]
                         net (fo=1, unplaced)         0.000   122.193    u_mimo_detector_top/u_gram_matrix_compute/x_im_reg[3][15]_i_121_n_0
                         CARRY4 (Prop_carry4_CI_CO[3])
                                                      0.100   122.293 r  u_mimo_detector_top/u_gram_matrix_compute/x_im_reg[3][15]_i_111/CO[3]
                         net (fo=1, unplaced)         0.000   122.293    u_mimo_detector_top/u_gram_matrix_compute/x_im_reg[3][15]_i_111_n_0
                         CARRY4 (Prop_carry4_CI_CO[3])
                                                      0.100   122.393 r  u_mimo_detector_top/u_gram_matrix_compute/x_im_reg[3][15]_i_101/CO[3]
                         net (fo=1, unplaced)         0.000   122.393    u_mimo_detector_top/u_gram_matrix_compute/x_im_reg[3][15]_i_101_n_0
                         CARRY4 (Prop_carry4_CI_CO[3])
                                                      0.100   122.493 r  u_mimo_detector_top/u_gram_matrix_compute/x_im_reg[3][15]_i_91/CO[3]
                         net (fo=1, unplaced)         0.000   122.493    u_mimo_detector_top/u_gram_matrix_compute/x_im_reg[3][15]_i_91_n_0
                         CARRY4 (Prop_carry4_CI_CO[3])
                                                      0.100   122.593 r  u_mimo_detector_top/u_gram_matrix_compute/x_im_reg[3][15]_i_81/CO[3]
                         net (fo=1, unplaced)         0.000   122.593    u_mimo_detector_top/u_gram_matrix_compute/x_im_reg[3][15]_i_81_n_0
                         CARRY4 (Prop_carry4_CI_CO[3])
                                                      0.100   122.693 r  u_mimo_detector_top/u_gram_matrix_compute/x_im_reg[3][15]_i_71/CO[3]
                         net (fo=1, unplaced)         0.000   122.693    u_mimo_detector_top/u_gram_matrix_compute/x_im_reg[3][15]_i_71_n_0
                         CARRY4 (Prop_carry4_CI_CO[3])
                                                      0.100   122.793 r  u_mimo_detector_top/u_gram_matrix_compute/x_im_reg[3][15]_i_61/CO[3]
                         net (fo=1, unplaced)         0.000   122.793    u_mimo_detector_top/u_gram_matrix_compute/x_im_reg[3][15]_i_61_n_0
                         CARRY4 (Prop_carry4_CI_CO[3])
                                                      0.100   122.893 r  u_mimo_detector_top/u_gram_matrix_compute/x_im_reg[3][15]_i_51/CO[3]
                         net (fo=1, unplaced)         0.000   122.893    u_mimo_detector_top/u_gram_matrix_compute/x_im_reg[3][15]_i_51_n_0
                         CARRY4 (Prop_carry4_CI_CO[3])
                                                      0.100   122.993 r  u_mimo_detector_top/u_gram_matrix_compute/x_im_reg[3][15]_i_41/CO[3]
                         net (fo=1, unplaced)         0.000   122.993    u_mimo_detector_top/u_gram_matrix_compute/x_im_reg[3][15]_i_41_n_0
                         CARRY4 (Prop_carry4_CI_CO[3])
                                                      0.100   123.093 r  u_mimo_detector_top/u_gram_matrix_compute/x_im_reg[3][15]_i_31/CO[3]
                         net (fo=1, unplaced)         0.000   123.093    u_mimo_detector_top/u_gram_matrix_compute/x_im_reg[3][15]_i_31_n_0
                         CARRY4 (Prop_carry4_CI_CO[3])
                                                      0.100   123.193 r  u_mimo_detector_top/u_gram_matrix_compute/x_im_reg[3][15]_i_21/CO[3]
                         net (fo=1, unplaced)         0.000   123.193    u_mimo_detector_top/u_gram_matrix_compute/x_im_reg[3][15]_i_21_n_0
                         CARRY4 (Prop_carry4_CI_CO[3])
                                                      0.100   123.293 r  u_mimo_detector_top/u_gram_matrix_compute/x_im_reg[3][15]_i_13/CO[3]
                         net (fo=1, unplaced)         0.000   123.293    u_mimo_detector_top/u_gram_matrix_compute/x_im_reg[3][15]_i_13_n_0
                         CARRY4 (Prop_carry4_CI_CO[1])
                                                      0.150   123.443 r  u_mimo_detector_top/u_gram_matrix_compute/x_im_reg[3][15]_i_7/CO[1]
                         net (fo=61, unplaced)        0.489   123.932    u_mimo_detector_top/u_gram_matrix_compute/x_im[3][15]_i_15_0[0]
                         CARRY4 (Prop_carry4_CYINIT_CO[3])
                                                      0.666   124.598 r  u_mimo_detector_top/u_gram_matrix_compute/x_im_reg[3][14]_i_140/CO[3]
                         net (fo=1, unplaced)         0.008   124.606    u_mimo_detector_top/u_gram_matrix_compute/x_im_reg[3][14]_i_140_n_0
                         CARRY4 (Prop_carry4_CI_CO[3])
                                                      0.100   124.706 r  u_mimo_detector_top/u_gram_matrix_compute/x_im_reg[3][14]_i_131/CO[3]
                         net (fo=1, unplaced)         0.000   124.706    u_mimo_detector_top/u_gram_matrix_compute/x_im_reg[3][14]_i_131_n_0
                         CARRY4 (Prop_carry4_CI_CO[3])
                                                      0.100   124.806 r  u_mimo_detector_top/u_gram_matrix_compute/x_im_reg[3][14]_i_121/CO[3]
                         net (fo=1, unplaced)         0.000   124.806    u_mimo_detector_top/u_gram_matrix_compute/x_im_reg[3][14]_i_121_n_0
                         CARRY4 (Prop_carry4_CI_CO[3])
                                                      0.100   124.906 r  u_mimo_detector_top/u_gram_matrix_compute/x_im_reg[3][14]_i_111/CO[3]
                         net (fo=1, unplaced)         0.000   124.906    u_mimo_detector_top/u_gram_matrix_compute/x_im_reg[3][14]_i_111_n_0
                         CARRY4 (Prop_carry4_CI_CO[3])
                                                      0.100   125.006 r  u_mimo_detector_top/u_gram_matrix_compute/x_im_reg[3][14]_i_101/CO[3]
                         net (fo=1, unplaced)         0.000   125.006    u_mimo_detector_top/u_gram_matrix_compute/x_im_reg[3][14]_i_101_n_0
                         CARRY4 (Prop_carry4_CI_CO[3])
                                                      0.100   125.106 r  u_mimo_detector_top/u_gram_matrix_compute/x_im_reg[3][14]_i_91/CO[3]
                         net (fo=1, unplaced)         0.000   125.106    u_mimo_detector_top/u_gram_matrix_compute/x_im_reg[3][14]_i_91_n_0
                         CARRY4 (Prop_carry4_CI_CO[3])
                                                      0.100   125.206 r  u_mimo_detector_top/u_gram_matrix_compute/x_im_reg[3][14]_i_81/CO[3]
                         net (fo=1, unplaced)         0.000   125.206    u_mimo_detector_top/u_gram_matrix_compute/x_im_reg[3][14]_i_81_n_0
                         CARRY4 (Prop_carry4_CI_CO[3])
                                                      0.100   125.306 r  u_mimo_detector_top/u_gram_matrix_compute/x_im_reg[3][14]_i_71/CO[3]
                         net (fo=1, unplaced)         0.000   125.306    u_mimo_detector_top/u_gram_matrix_compute/x_im_reg[3][14]_i_71_n_0
                         CARRY4 (Prop_carry4_CI_CO[3])
                                                      0.100   125.406 r  u_mimo_detector_top/u_gram_matrix_compute/x_im_reg[3][14]_i_61/CO[3]
                         net (fo=1, unplaced)         0.000   125.406    u_mimo_detector_top/u_gram_matrix_compute/x_im_reg[3][14]_i_61_n_0
                         CARRY4 (Prop_carry4_CI_CO[3])
                                                      0.100   125.506 r  u_mimo_detector_top/u_gram_matrix_compute/x_im_reg[3][14]_i_51/CO[3]
                         net (fo=1, unplaced)         0.000   125.506    u_mimo_detector_top/u_gram_matrix_compute/x_im_reg[3][14]_i_51_n_0
                         CARRY4 (Prop_carry4_CI_CO[3])
                                                      0.100   125.606 r  u_mimo_detector_top/u_gram_matrix_compute/x_im_reg[3][14]_i_41/CO[3]
                         net (fo=1, unplaced)         0.000   125.606    u_mimo_detector_top/u_gram_matrix_compute/x_im_reg[3][14]_i_41_n_0
                         CARRY4 (Prop_carry4_CI_CO[3])
                                                      0.100   125.706 r  u_mimo_detector_top/u_gram_matrix_compute/x_im_reg[3][14]_i_31/CO[3]
                         net (fo=1, unplaced)         0.000   125.706    u_mimo_detector_top/u_gram_matrix_compute/x_im_reg[3][14]_i_31_n_0
                         CARRY4 (Prop_carry4_CI_CO[3])
                                                      0.100   125.806 r  u_mimo_detector_top/u_gram_matrix_compute/x_im_reg[3][14]_i_21/CO[3]
                         net (fo=1, unplaced)         0.000   125.806    u_mimo_detector_top/u_gram_matrix_compute/x_im_reg[3][14]_i_21_n_0
                         CARRY4 (Prop_carry4_CI_CO[3])
                                                      0.100   125.906 r  u_mimo_detector_top/u_gram_matrix_compute/x_im_reg[3][14]_i_13/CO[3]
                         net (fo=1, unplaced)         0.000   125.906    u_mimo_detector_top/u_gram_matrix_compute/x_im_reg[3][14]_i_13_n_0
                         CARRY4 (Prop_carry4_CI_CO[1])
                                                      0.150   126.056 r  u_mimo_detector_top/u_gram_matrix_compute/x_im_reg[3][14]_i_7/CO[1]
                         net (fo=61, unplaced)        0.489   126.545    u_mimo_detector_top/u_gram_matrix_compute/x_im[3][14]_i_15_0[0]
                         CARRY4 (Prop_carry4_CYINIT_CO[3])
                                                      0.666   127.211 r  u_mimo_detector_top/u_gram_matrix_compute/x_im_reg[3][13]_i_140/CO[3]
                         net (fo=1, unplaced)         0.008   127.219    u_mimo_detector_top/u_gram_matrix_compute/x_im_reg[3][13]_i_140_n_0
                         CARRY4 (Prop_carry4_CI_CO[3])
                                                      0.100   127.319 r  u_mimo_detector_top/u_gram_matrix_compute/x_im_reg[3][13]_i_131/CO[3]
                         net (fo=1, unplaced)         0.000   127.319    u_mimo_detector_top/u_gram_matrix_compute/x_im_reg[3][13]_i_131_n_0
                         CARRY4 (Prop_carry4_CI_CO[3])
                                                      0.100   127.419 r  u_mimo_detector_top/u_gram_matrix_compute/x_im_reg[3][13]_i_121/CO[3]
                         net (fo=1, unplaced)         0.000   127.419    u_mimo_detector_top/u_gram_matrix_compute/x_im_reg[3][13]_i_121_n_0
                         CARRY4 (Prop_carry4_CI_CO[3])
                                                      0.100   127.519 r  u_mimo_detector_top/u_gram_matrix_compute/x_im_reg[3][13]_i_111/CO[3]
                         net (fo=1, unplaced)         0.000   127.519    u_mimo_detector_top/u_gram_matrix_compute/x_im_reg[3][13]_i_111_n_0
                         CARRY4 (Prop_carry4_CI_CO[3])
                                                      0.100   127.619 r  u_mimo_detector_top/u_gram_matrix_compute/x_im_reg[3][13]_i_101/CO[3]
                         net (fo=1, unplaced)         0.000   127.619    u_mimo_detector_top/u_gram_matrix_compute/x_im_reg[3][13]_i_101_n_0
                         CARRY4 (Prop_carry4_CI_CO[3])
                                                      0.100   127.719 r  u_mimo_detector_top/u_gram_matrix_compute/x_im_reg[3][13]_i_91/CO[3]
                         net (fo=1, unplaced)         0.000   127.719    u_mimo_detector_top/u_gram_matrix_compute/x_im_reg[3][13]_i_91_n_0
                         CARRY4 (Prop_carry4_CI_CO[3])
                                                      0.100   127.819 r  u_mimo_detector_top/u_gram_matrix_compute/x_im_reg[3][13]_i_81/CO[3]
                         net (fo=1, unplaced)         0.000   127.819    u_mimo_detector_top/u_gram_matrix_compute/x_im_reg[3][13]_i_81_n_0
                         CARRY4 (Prop_carry4_CI_CO[3])
                                                      0.100   127.919 r  u_mimo_detector_top/u_gram_matrix_compute/x_im_reg[3][13]_i_71/CO[3]
                         net (fo=1, unplaced)         0.000   127.919    u_mimo_detector_top/u_gram_matrix_compute/x_im_reg[3][13]_i_71_n_0
                         CARRY4 (Prop_carry4_CI_CO[3])
                                                      0.100   128.019 r  u_mimo_detector_top/u_gram_matrix_compute/x_im_reg[3][13]_i_61/CO[3]
                         net (fo=1, unplaced)         0.000   128.019    u_mimo_detector_top/u_gram_matrix_compute/x_im_reg[3][13]_i_61_n_0
                         CARRY4 (Prop_carry4_CI_CO[3])
                                                      0.100   128.119 r  u_mimo_detector_top/u_gram_matrix_compute/x_im_reg[3][13]_i_51/CO[3]
                         net (fo=1, unplaced)         0.000   128.119    u_mimo_detector_top/u_gram_matrix_compute/x_im_reg[3][13]_i_51_n_0
                         CARRY4 (Prop_carry4_CI_CO[3])
                                                      0.100   128.219 r  u_mimo_detector_top/u_gram_matrix_compute/x_im_reg[3][13]_i_41/CO[3]
                         net (fo=1, unplaced)         0.000   128.219    u_mimo_detector_top/u_gram_matrix_compute/x_im_reg[3][13]_i_41_n_0
                         CARRY4 (Prop_carry4_CI_CO[3])
                                                      0.100   128.319 r  u_mimo_detector_top/u_gram_matrix_compute/x_im_reg[3][13]_i_31/CO[3]
                         net (fo=1, unplaced)         0.000   128.319    u_mimo_detector_top/u_gram_matrix_compute/x_im_reg[3][13]_i_31_n_0
                         CARRY4 (Prop_carry4_CI_CO[3])
                                                      0.100   128.419 r  u_mimo_detector_top/u_gram_matrix_compute/x_im_reg[3][13]_i_21/CO[3]
                         net (fo=1, unplaced)         0.000   128.419    u_mimo_detector_top/u_gram_matrix_compute/x_im_reg[3][13]_i_21_n_0
                         CARRY4 (Prop_carry4_CI_CO[3])
                                                      0.100   128.519 r  u_mimo_detector_top/u_gram_matrix_compute/x_im_reg[3][13]_i_13/CO[3]
                         net (fo=1, unplaced)         0.000   128.519    u_mimo_detector_top/u_gram_matrix_compute/x_im_reg[3][13]_i_13_n_0
                         CARRY4 (Prop_carry4_CI_CO[1])
                                                      0.150   128.669 r  u_mimo_detector_top/u_gram_matrix_compute/x_im_reg[3][13]_i_7/CO[1]
                         net (fo=61, unplaced)        0.489   129.158    u_mimo_detector_top/u_gram_matrix_compute/x_im[3][13]_i_15_0[0]
                         CARRY4 (Prop_carry4_CYINIT_CO[3])
                                                      0.666   129.824 r  u_mimo_detector_top/u_gram_matrix_compute/x_im_reg[3][12]_i_150/CO[3]
                         net (fo=1, unplaced)         0.008   129.832    u_mimo_detector_top/u_gram_matrix_compute/x_im_reg[3][12]_i_150_n_0
                         CARRY4 (Prop_carry4_CI_CO[3])
                                                      0.100   129.932 r  u_mimo_detector_top/u_gram_matrix_compute/x_im_reg[3][12]_i_141/CO[3]
                         net (fo=1, unplaced)         0.000   129.932    u_mimo_detector_top/u_gram_matrix_compute/x_im_reg[3][12]_i_141_n_0
                         CARRY4 (Prop_carry4_CI_CO[3])
                                                      0.100   130.032 r  u_mimo_detector_top/u_gram_matrix_compute/x_im_reg[3][12]_i_131/CO[3]
                         net (fo=1, unplaced)         0.000   130.032    u_mimo_detector_top/u_gram_matrix_compute/x_im_reg[3][12]_i_131_n_0
                         CARRY4 (Prop_carry4_CI_CO[3])
                                                      0.100   130.132 r  u_mimo_detector_top/u_gram_matrix_compute/x_im_reg[3][12]_i_121/CO[3]
                         net (fo=1, unplaced)         0.000   130.132    u_mimo_detector_top/u_gram_matrix_compute/x_im_reg[3][12]_i_121_n_0
                         CARRY4 (Prop_carry4_CI_CO[3])
                                                      0.100   130.232 r  u_mimo_detector_top/u_gram_matrix_compute/x_im_reg[3][12]_i_111/CO[3]
                         net (fo=1, unplaced)         0.000   130.232    u_mimo_detector_top/u_gram_matrix_compute/x_im_reg[3][12]_i_111_n_0
                         CARRY4 (Prop_carry4_CI_CO[3])
                                                      0.100   130.332 r  u_mimo_detector_top/u_gram_matrix_compute/x_im_reg[3][12]_i_101/CO[3]
                         net (fo=1, unplaced)         0.000   130.332    u_mimo_detector_top/u_gram_matrix_compute/x_im_reg[3][12]_i_101_n_0
                         CARRY4 (Prop_carry4_CI_CO[3])
                                                      0.100   130.432 r  u_mimo_detector_top/u_gram_matrix_compute/x_im_reg[3][12]_i_91/CO[3]
                         net (fo=1, unplaced)         0.000   130.432    u_mimo_detector_top/u_gram_matrix_compute/x_im_reg[3][12]_i_91_n_0
                         CARRY4 (Prop_carry4_CI_CO[3])
                                                      0.100   130.532 r  u_mimo_detector_top/u_gram_matrix_compute/x_im_reg[3][12]_i_81/CO[3]
                         net (fo=1, unplaced)         0.000   130.532    u_mimo_detector_top/u_gram_matrix_compute/x_im_reg[3][12]_i_81_n_0
                         CARRY4 (Prop_carry4_CI_CO[3])
                                                      0.100   130.632 r  u_mimo_detector_top/u_gram_matrix_compute/x_im_reg[3][12]_i_71/CO[3]
                         net (fo=1, unplaced)         0.000   130.632    u_mimo_detector_top/u_gram_matrix_compute/x_im_reg[3][12]_i_71_n_0
                         CARRY4 (Prop_carry4_CI_CO[3])
                                                      0.100   130.732 r  u_mimo_detector_top/u_gram_matrix_compute/x_im_reg[3][12]_i_61/CO[3]
                         net (fo=1, unplaced)         0.000   130.732    u_mimo_detector_top/u_gram_matrix_compute/x_im_reg[3][12]_i_61_n_0
                         CARRY4 (Prop_carry4_CI_CO[3])
                                                      0.100   130.832 r  u_mimo_detector_top/u_gram_matrix_compute/x_im_reg[3][12]_i_51/CO[3]
                         net (fo=1, unplaced)         0.000   130.832    u_mimo_detector_top/u_gram_matrix_compute/x_im_reg[3][12]_i_51_n_0
                         CARRY4 (Prop_carry4_CI_CO[3])
                                                      0.100   130.932 r  u_mimo_detector_top/u_gram_matrix_compute/x_im_reg[3][12]_i_41/CO[3]
                         net (fo=1, unplaced)         0.000   130.932    u_mimo_detector_top/u_gram_matrix_compute/x_im_reg[3][12]_i_41_n_0
                         CARRY4 (Prop_carry4_CI_CO[3])
                                                      0.100   131.032 r  u_mimo_detector_top/u_gram_matrix_compute/x_im_reg[3][12]_i_31/CO[3]
                         net (fo=1, unplaced)         0.000   131.032    u_mimo_detector_top/u_gram_matrix_compute/x_im_reg[3][12]_i_31_n_0
                         CARRY4 (Prop_carry4_CI_CO[3])
                                                      0.100   131.132 r  u_mimo_detector_top/u_gram_matrix_compute/x_im_reg[3][12]_i_19/CO[3]
                         net (fo=1, unplaced)         0.000   131.132    u_mimo_detector_top/u_gram_matrix_compute/x_im_reg[3][12]_i_19_n_0
                         CARRY4 (Prop_carry4_CI_CO[1])
                                                      0.150   131.282 r  u_mimo_detector_top/u_gram_matrix_compute/x_im_reg[3][12]_i_12/CO[1]
                         net (fo=62, unplaced)        0.490   131.772    u_mimo_detector_top/u_gram_matrix_compute/x_im_reg[3][12]_i_12_n_2
                         CARRY4 (Prop_carry4_CYINIT_CO[3])
                                                      0.666   132.438 r  u_mimo_detector_top/u_gram_matrix_compute/x_im_reg[3][11]_i_140/CO[3]
                         net (fo=1, unplaced)         0.008   132.446    u_mimo_detector_top/u_gram_matrix_compute/x_im_reg[3][11]_i_140_n_0
                         CARRY4 (Prop_carry4_CI_CO[3])
                                                      0.100   132.546 r  u_mimo_detector_top/u_gram_matrix_compute/x_im_reg[3][11]_i_131/CO[3]
                         net (fo=1, unplaced)         0.000   132.546    u_mimo_detector_top/u_gram_matrix_compute/x_im_reg[3][11]_i_131_n_0
                         CARRY4 (Prop_carry4_CI_CO[3])
                                                      0.100   132.646 r  u_mimo_detector_top/u_gram_matrix_compute/x_im_reg[3][11]_i_121/CO[3]
                         net (fo=1, unplaced)         0.000   132.646    u_mimo_detector_top/u_gram_matrix_compute/x_im_reg[3][11]_i_121_n_0
                         CARRY4 (Prop_carry4_CI_CO[3])
                                                      0.100   132.746 r  u_mimo_detector_top/u_gram_matrix_compute/x_im_reg[3][11]_i_111/CO[3]
                         net (fo=1, unplaced)         0.000   132.746    u_mimo_detector_top/u_gram_matrix_compute/x_im_reg[3][11]_i_111_n_0
                         CARRY4 (Prop_carry4_CI_CO[3])
                                                      0.100   132.846 r  u_mimo_detector_top/u_gram_matrix_compute/x_im_reg[3][11]_i_101/CO[3]
                         net (fo=1, unplaced)         0.000   132.846    u_mimo_detector_top/u_gram_matrix_compute/x_im_reg[3][11]_i_101_n_0
                         CARRY4 (Prop_carry4_CI_CO[3])
                                                      0.100   132.946 r  u_mimo_detector_top/u_gram_matrix_compute/x_im_reg[3][11]_i_91/CO[3]
                         net (fo=1, unplaced)         0.000   132.946    u_mimo_detector_top/u_gram_matrix_compute/x_im_reg[3][11]_i_91_n_0
                         CARRY4 (Prop_carry4_CI_CO[3])
                                                      0.100   133.046 r  u_mimo_detector_top/u_gram_matrix_compute/x_im_reg[3][11]_i_81/CO[3]
                         net (fo=1, unplaced)         0.000   133.046    u_mimo_detector_top/u_gram_matrix_compute/x_im_reg[3][11]_i_81_n_0
                         CARRY4 (Prop_carry4_CI_CO[3])
                                                      0.100   133.146 r  u_mimo_detector_top/u_gram_matrix_compute/x_im_reg[3][11]_i_71/CO[3]
                         net (fo=1, unplaced)         0.000   133.146    u_mimo_detector_top/u_gram_matrix_compute/x_im_reg[3][11]_i_71_n_0
                         CARRY4 (Prop_carry4_CI_CO[3])
                                                      0.100   133.246 r  u_mimo_detector_top/u_gram_matrix_compute/x_im_reg[3][11]_i_61/CO[3]
                         net (fo=1, unplaced)         0.000   133.246    u_mimo_detector_top/u_gram_matrix_compute/x_im_reg[3][11]_i_61_n_0
                         CARRY4 (Prop_carry4_CI_CO[3])
                                                      0.100   133.346 r  u_mimo_detector_top/u_gram_matrix_compute/x_im_reg[3][11]_i_51/CO[3]
                         net (fo=1, unplaced)         0.000   133.346    u_mimo_detector_top/u_gram_matrix_compute/x_im_reg[3][11]_i_51_n_0
                         CARRY4 (Prop_carry4_CI_CO[3])
                                                      0.100   133.446 r  u_mimo_detector_top/u_gram_matrix_compute/x_im_reg[3][11]_i_41/CO[3]
                         net (fo=1, unplaced)         0.000   133.446    u_mimo_detector_top/u_gram_matrix_compute/x_im_reg[3][11]_i_41_n_0
                         CARRY4 (Prop_carry4_CI_CO[3])
                                                      0.100   133.546 r  u_mimo_detector_top/u_gram_matrix_compute/x_im_reg[3][11]_i_31/CO[3]
                         net (fo=1, unplaced)         0.000   133.546    u_mimo_detector_top/u_gram_matrix_compute/x_im_reg[3][11]_i_31_n_0
                         CARRY4 (Prop_carry4_CI_CO[3])
                                                      0.100   133.646 r  u_mimo_detector_top/u_gram_matrix_compute/x_im_reg[3][11]_i_21/CO[3]
                         net (fo=1, unplaced)         0.000   133.646    u_mimo_detector_top/u_gram_matrix_compute/x_im_reg[3][11]_i_21_n_0
                         CARRY4 (Prop_carry4_CI_CO[3])
                                                      0.100   133.746 r  u_mimo_detector_top/u_gram_matrix_compute/x_im_reg[3][11]_i_13/CO[3]
                         net (fo=1, unplaced)         0.000   133.746    u_mimo_detector_top/u_gram_matrix_compute/x_im_reg[3][11]_i_13_n_0
                         CARRY4 (Prop_carry4_CI_CO[1])
                                                      0.150   133.896 r  u_mimo_detector_top/u_gram_matrix_compute/x_im_reg[3][11]_i_7/CO[1]
                         net (fo=62, unplaced)        0.490   134.386    u_mimo_detector_top/u_gram_matrix_compute/x_im_reg[3][11]_i_7_n_2
                         CARRY4 (Prop_carry4_CYINIT_CO[3])
                                                      0.666   135.052 r  u_mimo_detector_top/u_gram_matrix_compute/x_im_reg[3][10]_i_140/CO[3]
                         net (fo=1, unplaced)         0.008   135.060    u_mimo_detector_top/u_gram_matrix_compute/x_im_reg[3][10]_i_140_n_0
                         CARRY4 (Prop_carry4_CI_CO[3])
                                                      0.100   135.160 r  u_mimo_detector_top/u_gram_matrix_compute/x_im_reg[3][10]_i_131/CO[3]
                         net (fo=1, unplaced)         0.000   135.160    u_mimo_detector_top/u_gram_matrix_compute/x_im_reg[3][10]_i_131_n_0
                         CARRY4 (Prop_carry4_CI_CO[3])
                                                      0.100   135.260 r  u_mimo_detector_top/u_gram_matrix_compute/x_im_reg[3][10]_i_121/CO[3]
                         net (fo=1, unplaced)         0.000   135.260    u_mimo_detector_top/u_gram_matrix_compute/x_im_reg[3][10]_i_121_n_0
                         CARRY4 (Prop_carry4_CI_CO[3])
                                                      0.100   135.360 r  u_mimo_detector_top/u_gram_matrix_compute/x_im_reg[3][10]_i_111/CO[3]
                         net (fo=1, unplaced)         0.000   135.360    u_mimo_detector_top/u_gram_matrix_compute/x_im_reg[3][10]_i_111_n_0
                         CARRY4 (Prop_carry4_CI_CO[3])
                                                      0.100   135.460 r  u_mimo_detector_top/u_gram_matrix_compute/x_im_reg[3][10]_i_101/CO[3]
                         net (fo=1, unplaced)         0.000   135.460    u_mimo_detector_top/u_gram_matrix_compute/x_im_reg[3][10]_i_101_n_0
                         CARRY4 (Prop_carry4_CI_CO[3])
                                                      0.100   135.560 r  u_mimo_detector_top/u_gram_matrix_compute/x_im_reg[3][10]_i_91/CO[3]
                         net (fo=1, unplaced)         0.000   135.560    u_mimo_detector_top/u_gram_matrix_compute/x_im_reg[3][10]_i_91_n_0
                         CARRY4 (Prop_carry4_CI_CO[3])
                                                      0.100   135.660 r  u_mimo_detector_top/u_gram_matrix_compute/x_im_reg[3][10]_i_81/CO[3]
                         net (fo=1, unplaced)         0.000   135.660    u_mimo_detector_top/u_gram_matrix_compute/x_im_reg[3][10]_i_81_n_0
                         CARRY4 (Prop_carry4_CI_CO[3])
                                                      0.100   135.760 r  u_mimo_detector_top/u_gram_matrix_compute/x_im_reg[3][10]_i_71/CO[3]
                         net (fo=1, unplaced)         0.000   135.760    u_mimo_detector_top/u_gram_matrix_compute/x_im_reg[3][10]_i_71_n_0
                         CARRY4 (Prop_carry4_CI_CO[3])
                                                      0.100   135.860 r  u_mimo_detector_top/u_gram_matrix_compute/x_im_reg[3][10]_i_61/CO[3]
                         net (fo=1, unplaced)         0.000   135.860    u_mimo_detector_top/u_gram_matrix_compute/x_im_reg[3][10]_i_61_n_0
                         CARRY4 (Prop_carry4_CI_CO[3])
                                                      0.100   135.960 r  u_mimo_detector_top/u_gram_matrix_compute/x_im_reg[3][10]_i_51/CO[3]
                         net (fo=1, unplaced)         0.000   135.960    u_mimo_detector_top/u_gram_matrix_compute/x_im_reg[3][10]_i_51_n_0
                         CARRY4 (Prop_carry4_CI_CO[3])
                                                      0.100   136.060 r  u_mimo_detector_top/u_gram_matrix_compute/x_im_reg[3][10]_i_41/CO[3]
                         net (fo=1, unplaced)         0.000   136.060    u_mimo_detector_top/u_gram_matrix_compute/x_im_reg[3][10]_i_41_n_0
                         CARRY4 (Prop_carry4_CI_CO[3])
                                                      0.100   136.160 r  u_mimo_detector_top/u_gram_matrix_compute/x_im_reg[3][10]_i_31/CO[3]
                         net (fo=1, unplaced)         0.000   136.160    u_mimo_detector_top/u_gram_matrix_compute/x_im_reg[3][10]_i_31_n_0
                         CARRY4 (Prop_carry4_CI_CO[3])
                                                      0.100   136.260 r  u_mimo_detector_top/u_gram_matrix_compute/x_im_reg[3][10]_i_21/CO[3]
                         net (fo=1, unplaced)         0.000   136.260    u_mimo_detector_top/u_gram_matrix_compute/x_im_reg[3][10]_i_21_n_0
                         CARRY4 (Prop_carry4_CI_CO[3])
                                                      0.100   136.360 r  u_mimo_detector_top/u_gram_matrix_compute/x_im_reg[3][10]_i_13/CO[3]
                         net (fo=1, unplaced)         0.000   136.360    u_mimo_detector_top/u_gram_matrix_compute/x_im_reg[3][10]_i_13_n_0
                         CARRY4 (Prop_carry4_CI_CO[1])
                                                      0.150   136.510 r  u_mimo_detector_top/u_gram_matrix_compute/x_im_reg[3][10]_i_7/CO[1]
                         net (fo=62, unplaced)        0.490   137.000    u_mimo_detector_top/u_gram_matrix_compute/x_im_reg[3][10]_i_7_n_2
                         CARRY4 (Prop_carry4_CYINIT_CO[3])
                                                      0.666   137.666 r  u_mimo_detector_top/u_gram_matrix_compute/x_im_reg[3][9]_i_140/CO[3]
                         net (fo=1, unplaced)         0.008   137.674    u_mimo_detector_top/u_gram_matrix_compute/x_im_reg[3][9]_i_140_n_0
                         CARRY4 (Prop_carry4_CI_CO[3])
                                                      0.100   137.774 r  u_mimo_detector_top/u_gram_matrix_compute/x_im_reg[3][9]_i_131/CO[3]
                         net (fo=1, unplaced)         0.000   137.774    u_mimo_detector_top/u_gram_matrix_compute/x_im_reg[3][9]_i_131_n_0
                         CARRY4 (Prop_carry4_CI_CO[3])
                                                      0.100   137.874 r  u_mimo_detector_top/u_gram_matrix_compute/x_im_reg[3][9]_i_121/CO[3]
                         net (fo=1, unplaced)         0.000   137.874    u_mimo_detector_top/u_gram_matrix_compute/x_im_reg[3][9]_i_121_n_0
                         CARRY4 (Prop_carry4_CI_CO[3])
                                                      0.100   137.974 r  u_mimo_detector_top/u_gram_matrix_compute/x_im_reg[3][9]_i_111/CO[3]
                         net (fo=1, unplaced)         0.000   137.974    u_mimo_detector_top/u_gram_matrix_compute/x_im_reg[3][9]_i_111_n_0
                         CARRY4 (Prop_carry4_CI_CO[3])
                                                      0.100   138.074 r  u_mimo_detector_top/u_gram_matrix_compute/x_im_reg[3][9]_i_101/CO[3]
                         net (fo=1, unplaced)         0.000   138.074    u_mimo_detector_top/u_gram_matrix_compute/x_im_reg[3][9]_i_101_n_0
                         CARRY4 (Prop_carry4_CI_CO[3])
                                                      0.100   138.174 r  u_mimo_detector_top/u_gram_matrix_compute/x_im_reg[3][9]_i_91/CO[3]
                         net (fo=1, unplaced)         0.000   138.174    u_mimo_detector_top/u_gram_matrix_compute/x_im_reg[3][9]_i_91_n_0
                         CARRY4 (Prop_carry4_CI_CO[3])
                                                      0.100   138.274 r  u_mimo_detector_top/u_gram_matrix_compute/x_im_reg[3][9]_i_81/CO[3]
                         net (fo=1, unplaced)         0.000   138.274    u_mimo_detector_top/u_gram_matrix_compute/x_im_reg[3][9]_i_81_n_0
                         CARRY4 (Prop_carry4_CI_CO[3])
                                                      0.100   138.374 r  u_mimo_detector_top/u_gram_matrix_compute/x_im_reg[3][9]_i_71/CO[3]
                         net (fo=1, unplaced)         0.000   138.374    u_mimo_detector_top/u_gram_matrix_compute/x_im_reg[3][9]_i_71_n_0
                         CARRY4 (Prop_carry4_CI_CO[3])
                                                      0.100   138.474 r  u_mimo_detector_top/u_gram_matrix_compute/x_im_reg[3][9]_i_61/CO[3]
                         net (fo=1, unplaced)         0.000   138.474    u_mimo_detector_top/u_gram_matrix_compute/x_im_reg[3][9]_i_61_n_0
                         CARRY4 (Prop_carry4_CI_CO[3])
                                                      0.100   138.574 r  u_mimo_detector_top/u_gram_matrix_compute/x_im_reg[3][9]_i_51/CO[3]
                         net (fo=1, unplaced)         0.000   138.574    u_mimo_detector_top/u_gram_matrix_compute/x_im_reg[3][9]_i_51_n_0
                         CARRY4 (Prop_carry4_CI_CO[3])
                                                      0.100   138.674 r  u_mimo_detector_top/u_gram_matrix_compute/x_im_reg[3][9]_i_41/CO[3]
                         net (fo=1, unplaced)         0.000   138.674    u_mimo_detector_top/u_gram_matrix_compute/x_im_reg[3][9]_i_41_n_0
                         CARRY4 (Prop_carry4_CI_CO[3])
                                                      0.100   138.774 r  u_mimo_detector_top/u_gram_matrix_compute/x_im_reg[3][9]_i_31/CO[3]
                         net (fo=1, unplaced)         0.000   138.774    u_mimo_detector_top/u_gram_matrix_compute/x_im_reg[3][9]_i_31_n_0
                         CARRY4 (Prop_carry4_CI_CO[3])
                                                      0.100   138.874 r  u_mimo_detector_top/u_gram_matrix_compute/x_im_reg[3][9]_i_21/CO[3]
                         net (fo=1, unplaced)         0.000   138.874    u_mimo_detector_top/u_gram_matrix_compute/x_im_reg[3][9]_i_21_n_0
                         CARRY4 (Prop_carry4_CI_CO[3])
                                                      0.100   138.974 r  u_mimo_detector_top/u_gram_matrix_compute/x_im_reg[3][9]_i_13/CO[3]
                         net (fo=1, unplaced)         0.000   138.974    u_mimo_detector_top/u_gram_matrix_compute/x_im_reg[3][9]_i_13_n_0
                         CARRY4 (Prop_carry4_CI_CO[1])
                                                      0.150   139.124 r  u_mimo_detector_top/u_gram_matrix_compute/x_im_reg[3][9]_i_7/CO[1]
                         net (fo=62, unplaced)        0.490   139.614    u_mimo_detector_top/u_gram_matrix_compute/x_im_reg[3][9]_i_7_n_2
                         CARRY4 (Prop_carry4_CYINIT_CO[3])
                                                      0.666   140.280 r  u_mimo_detector_top/u_gram_matrix_compute/x_im_reg[3][8]_i_150/CO[3]
                         net (fo=1, unplaced)         0.008   140.288    u_mimo_detector_top/u_gram_matrix_compute/x_im_reg[3][8]_i_150_n_0
                         CARRY4 (Prop_carry4_CI_CO[3])
                                                      0.100   140.388 r  u_mimo_detector_top/u_gram_matrix_compute/x_im_reg[3][8]_i_141/CO[3]
                         net (fo=1, unplaced)         0.000   140.388    u_mimo_detector_top/u_gram_matrix_compute/x_im_reg[3][8]_i_141_n_0
                         CARRY4 (Prop_carry4_CI_CO[3])
                                                      0.100   140.488 r  u_mimo_detector_top/u_gram_matrix_compute/x_im_reg[3][8]_i_131/CO[3]
                         net (fo=1, unplaced)         0.000   140.488    u_mimo_detector_top/u_gram_matrix_compute/x_im_reg[3][8]_i_131_n_0
                         CARRY4 (Prop_carry4_CI_CO[3])
                                                      0.100   140.588 r  u_mimo_detector_top/u_gram_matrix_compute/x_im_reg[3][8]_i_121/CO[3]
                         net (fo=1, unplaced)         0.000   140.588    u_mimo_detector_top/u_gram_matrix_compute/x_im_reg[3][8]_i_121_n_0
                         CARRY4 (Prop_carry4_CI_CO[3])
                                                      0.100   140.688 r  u_mimo_detector_top/u_gram_matrix_compute/x_im_reg[3][8]_i_111/CO[3]
                         net (fo=1, unplaced)         0.000   140.688    u_mimo_detector_top/u_gram_matrix_compute/x_im_reg[3][8]_i_111_n_0
                         CARRY4 (Prop_carry4_CI_CO[3])
                                                      0.100   140.788 r  u_mimo_detector_top/u_gram_matrix_compute/x_im_reg[3][8]_i_101/CO[3]
                         net (fo=1, unplaced)         0.000   140.788    u_mimo_detector_top/u_gram_matrix_compute/x_im_reg[3][8]_i_101_n_0
                         CARRY4 (Prop_carry4_CI_CO[3])
                                                      0.100   140.888 r  u_mimo_detector_top/u_gram_matrix_compute/x_im_reg[3][8]_i_91/CO[3]
                         net (fo=1, unplaced)         0.000   140.888    u_mimo_detector_top/u_gram_matrix_compute/x_im_reg[3][8]_i_91_n_0
                         CARRY4 (Prop_carry4_CI_CO[3])
                                                      0.100   140.988 r  u_mimo_detector_top/u_gram_matrix_compute/x_im_reg[3][8]_i_81/CO[3]
                         net (fo=1, unplaced)         0.000   140.988    u_mimo_detector_top/u_gram_matrix_compute/x_im_reg[3][8]_i_81_n_0
                         CARRY4 (Prop_carry4_CI_CO[3])
                                                      0.100   141.088 r  u_mimo_detector_top/u_gram_matrix_compute/x_im_reg[3][8]_i_71/CO[3]
                         net (fo=1, unplaced)         0.000   141.088    u_mimo_detector_top/u_gram_matrix_compute/x_im_reg[3][8]_i_71_n_0
                         CARRY4 (Prop_carry4_CI_CO[3])
                                                      0.100   141.188 r  u_mimo_detector_top/u_gram_matrix_compute/x_im_reg[3][8]_i_61/CO[3]
                         net (fo=1, unplaced)         0.000   141.188    u_mimo_detector_top/u_gram_matrix_compute/x_im_reg[3][8]_i_61_n_0
                         CARRY4 (Prop_carry4_CI_CO[3])
                                                      0.100   141.288 r  u_mimo_detector_top/u_gram_matrix_compute/x_im_reg[3][8]_i_51/CO[3]
                         net (fo=1, unplaced)         0.000   141.288    u_mimo_detector_top/u_gram_matrix_compute/x_im_reg[3][8]_i_51_n_0
                         CARRY4 (Prop_carry4_CI_CO[3])
                                                      0.100   141.388 r  u_mimo_detector_top/u_gram_matrix_compute/x_im_reg[3][8]_i_41/CO[3]
                         net (fo=1, unplaced)         0.000   141.388    u_mimo_detector_top/u_gram_matrix_compute/x_im_reg[3][8]_i_41_n_0
                         CARRY4 (Prop_carry4_CI_CO[3])
                                                      0.100   141.488 r  u_mimo_detector_top/u_gram_matrix_compute/x_im_reg[3][8]_i_31/CO[3]
                         net (fo=1, unplaced)         0.000   141.488    u_mimo_detector_top/u_gram_matrix_compute/x_im_reg[3][8]_i_31_n_0
                         CARRY4 (Prop_carry4_CI_CO[3])
                                                      0.100   141.588 r  u_mimo_detector_top/u_gram_matrix_compute/x_im_reg[3][8]_i_19/CO[3]
                         net (fo=1, unplaced)         0.000   141.588    u_mimo_detector_top/u_gram_matrix_compute/x_im_reg[3][8]_i_19_n_0
                         CARRY4 (Prop_carry4_CI_CO[1])
                                                      0.150   141.738 r  u_mimo_detector_top/u_gram_matrix_compute/x_im_reg[3][8]_i_12/CO[1]
                         net (fo=62, unplaced)        0.490   142.228    u_mimo_detector_top/u_gram_matrix_compute/x_im_reg[3][8]_i_12_n_2
                         CARRY4 (Prop_carry4_CYINIT_CO[3])
                                                      0.666   142.894 r  u_mimo_detector_top/u_gram_matrix_compute/x_im_reg[3][7]_i_140/CO[3]
                         net (fo=1, unplaced)         0.008   142.902    u_mimo_detector_top/u_gram_matrix_compute/x_im_reg[3][7]_i_140_n_0
                         CARRY4 (Prop_carry4_CI_CO[3])
                                                      0.100   143.002 r  u_mimo_detector_top/u_gram_matrix_compute/x_im_reg[3][7]_i_131/CO[3]
                         net (fo=1, unplaced)         0.000   143.002    u_mimo_detector_top/u_gram_matrix_compute/x_im_reg[3][7]_i_131_n_0
                         CARRY4 (Prop_carry4_CI_CO[3])
                                                      0.100   143.102 r  u_mimo_detector_top/u_gram_matrix_compute/x_im_reg[3][7]_i_121/CO[3]
                         net (fo=1, unplaced)         0.000   143.102    u_mimo_detector_top/u_gram_matrix_compute/x_im_reg[3][7]_i_121_n_0
                         CARRY4 (Prop_carry4_CI_CO[3])
                                                      0.100   143.202 r  u_mimo_detector_top/u_gram_matrix_compute/x_im_reg[3][7]_i_111/CO[3]
                         net (fo=1, unplaced)         0.000   143.202    u_mimo_detector_top/u_gram_matrix_compute/x_im_reg[3][7]_i_111_n_0
                         CARRY4 (Prop_carry4_CI_CO[3])
                                                      0.100   143.302 r  u_mimo_detector_top/u_gram_matrix_compute/x_im_reg[3][7]_i_101/CO[3]
                         net (fo=1, unplaced)         0.000   143.302    u_mimo_detector_top/u_gram_matrix_compute/x_im_reg[3][7]_i_101_n_0
                         CARRY4 (Prop_carry4_CI_CO[3])
                                                      0.100   143.402 r  u_mimo_detector_top/u_gram_matrix_compute/x_im_reg[3][7]_i_91/CO[3]
                         net (fo=1, unplaced)         0.000   143.402    u_mimo_detector_top/u_gram_matrix_compute/x_im_reg[3][7]_i_91_n_0
                         CARRY4 (Prop_carry4_CI_CO[3])
                                                      0.100   143.502 r  u_mimo_detector_top/u_gram_matrix_compute/x_im_reg[3][7]_i_81/CO[3]
                         net (fo=1, unplaced)         0.000   143.502    u_mimo_detector_top/u_gram_matrix_compute/x_im_reg[3][7]_i_81_n_0
                         CARRY4 (Prop_carry4_CI_CO[3])
                                                      0.100   143.602 r  u_mimo_detector_top/u_gram_matrix_compute/x_im_reg[3][7]_i_71/CO[3]
                         net (fo=1, unplaced)         0.000   143.602    u_mimo_detector_top/u_gram_matrix_compute/x_im_reg[3][7]_i_71_n_0
                         CARRY4 (Prop_carry4_CI_CO[3])
                                                      0.100   143.702 r  u_mimo_detector_top/u_gram_matrix_compute/x_im_reg[3][7]_i_61/CO[3]
                         net (fo=1, unplaced)         0.000   143.702    u_mimo_detector_top/u_gram_matrix_compute/x_im_reg[3][7]_i_61_n_0
                         CARRY4 (Prop_carry4_CI_CO[3])
                                                      0.100   143.803 r  u_mimo_detector_top/u_gram_matrix_compute/x_im_reg[3][7]_i_51/CO[3]
                         net (fo=1, unplaced)         0.000   143.803    u_mimo_detector_top/u_gram_matrix_compute/x_im_reg[3][7]_i_51_n_0
                         CARRY4 (Prop_carry4_CI_CO[3])
                                                      0.100   143.903 r  u_mimo_detector_top/u_gram_matrix_compute/x_im_reg[3][7]_i_41/CO[3]
                         net (fo=1, unplaced)         0.000   143.903    u_mimo_detector_top/u_gram_matrix_compute/x_im_reg[3][7]_i_41_n_0
                         CARRY4 (Prop_carry4_CI_CO[3])
                                                      0.100   144.003 r  u_mimo_detector_top/u_gram_matrix_compute/x_im_reg[3][7]_i_31/CO[3]
                         net (fo=1, unplaced)         0.000   144.003    u_mimo_detector_top/u_gram_matrix_compute/x_im_reg[3][7]_i_31_n_0
                         CARRY4 (Prop_carry4_CI_CO[3])
                                                      0.100   144.103 r  u_mimo_detector_top/u_gram_matrix_compute/x_im_reg[3][7]_i_21/CO[3]
                         net (fo=1, unplaced)         0.000   144.103    u_mimo_detector_top/u_gram_matrix_compute/x_im_reg[3][7]_i_21_n_0
                         CARRY4 (Prop_carry4_CI_CO[3])
                                                      0.100   144.203 r  u_mimo_detector_top/u_gram_matrix_compute/x_im_reg[3][7]_i_13/CO[3]
                         net (fo=1, unplaced)         0.000   144.203    u_mimo_detector_top/u_gram_matrix_compute/x_im_reg[3][7]_i_13_n_0
                         CARRY4 (Prop_carry4_CI_CO[1])
                                                      0.150   144.353 r  u_mimo_detector_top/u_gram_matrix_compute/x_im_reg[3][7]_i_7/CO[1]
                         net (fo=62, unplaced)        0.490   144.843    u_mimo_detector_top/u_gram_matrix_compute/x_im_reg[3][7]_i_7_n_2
                         CARRY4 (Prop_carry4_CYINIT_CO[3])
                                                      0.666   145.509 r  u_mimo_detector_top/u_gram_matrix_compute/x_im_reg[3][6]_i_140/CO[3]
                         net (fo=1, unplaced)         0.008   145.517    u_mimo_detector_top/u_gram_matrix_compute/x_im_reg[3][6]_i_140_n_0
                         CARRY4 (Prop_carry4_CI_CO[3])
                                                      0.100   145.617 r  u_mimo_detector_top/u_gram_matrix_compute/x_im_reg[3][6]_i_131/CO[3]
                         net (fo=1, unplaced)         0.000   145.617    u_mimo_detector_top/u_gram_matrix_compute/x_im_reg[3][6]_i_131_n_0
                         CARRY4 (Prop_carry4_CI_CO[3])
                                                      0.100   145.717 r  u_mimo_detector_top/u_gram_matrix_compute/x_im_reg[3][6]_i_121/CO[3]
                         net (fo=1, unplaced)         0.000   145.717    u_mimo_detector_top/u_gram_matrix_compute/x_im_reg[3][6]_i_121_n_0
                         CARRY4 (Prop_carry4_CI_CO[3])
                                                      0.100   145.817 r  u_mimo_detector_top/u_gram_matrix_compute/x_im_reg[3][6]_i_111/CO[3]
                         net (fo=1, unplaced)         0.000   145.817    u_mimo_detector_top/u_gram_matrix_compute/x_im_reg[3][6]_i_111_n_0
                         CARRY4 (Prop_carry4_CI_CO[3])
                                                      0.100   145.917 r  u_mimo_detector_top/u_gram_matrix_compute/x_im_reg[3][6]_i_101/CO[3]
                         net (fo=1, unplaced)         0.000   145.917    u_mimo_detector_top/u_gram_matrix_compute/x_im_reg[3][6]_i_101_n_0
                         CARRY4 (Prop_carry4_CI_CO[3])
                                                      0.100   146.017 r  u_mimo_detector_top/u_gram_matrix_compute/x_im_reg[3][6]_i_91/CO[3]
                         net (fo=1, unplaced)         0.000   146.017    u_mimo_detector_top/u_gram_matrix_compute/x_im_reg[3][6]_i_91_n_0
                         CARRY4 (Prop_carry4_CI_CO[3])
                                                      0.100   146.117 r  u_mimo_detector_top/u_gram_matrix_compute/x_im_reg[3][6]_i_81/CO[3]
                         net (fo=1, unplaced)         0.000   146.117    u_mimo_detector_top/u_gram_matrix_compute/x_im_reg[3][6]_i_81_n_0
                         CARRY4 (Prop_carry4_CI_CO[3])
                                                      0.100   146.217 r  u_mimo_detector_top/u_gram_matrix_compute/x_im_reg[3][6]_i_71/CO[3]
                         net (fo=1, unplaced)         0.000   146.217    u_mimo_detector_top/u_gram_matrix_compute/x_im_reg[3][6]_i_71_n_0
                         CARRY4 (Prop_carry4_CI_CO[3])
                                                      0.100   146.317 r  u_mimo_detector_top/u_gram_matrix_compute/x_im_reg[3][6]_i_61/CO[3]
                         net (fo=1, unplaced)         0.000   146.317    u_mimo_detector_top/u_gram_matrix_compute/x_im_reg[3][6]_i_61_n_0
                         CARRY4 (Prop_carry4_CI_CO[3])
                                                      0.100   146.417 r  u_mimo_detector_top/u_gram_matrix_compute/x_im_reg[3][6]_i_51/CO[3]
                         net (fo=1, unplaced)         0.000   146.417    u_mimo_detector_top/u_gram_matrix_compute/x_im_reg[3][6]_i_51_n_0
                         CARRY4 (Prop_carry4_CI_CO[3])
                                                      0.100   146.517 r  u_mimo_detector_top/u_gram_matrix_compute/x_im_reg[3][6]_i_41/CO[3]
                         net (fo=1, unplaced)         0.000   146.517    u_mimo_detector_top/u_gram_matrix_compute/x_im_reg[3][6]_i_41_n_0
                         CARRY4 (Prop_carry4_CI_CO[3])
                                                      0.100   146.617 r  u_mimo_detector_top/u_gram_matrix_compute/x_im_reg[3][6]_i_31/CO[3]
                         net (fo=1, unplaced)         0.000   146.617    u_mimo_detector_top/u_gram_matrix_compute/x_im_reg[3][6]_i_31_n_0
                         CARRY4 (Prop_carry4_CI_CO[3])
                                                      0.100   146.717 r  u_mimo_detector_top/u_gram_matrix_compute/x_im_reg[3][6]_i_21/CO[3]
                         net (fo=1, unplaced)         0.000   146.717    u_mimo_detector_top/u_gram_matrix_compute/x_im_reg[3][6]_i_21_n_0
                         CARRY4 (Prop_carry4_CI_CO[3])
                                                      0.100   146.817 r  u_mimo_detector_top/u_gram_matrix_compute/x_im_reg[3][6]_i_13/CO[3]
                         net (fo=1, unplaced)         0.000   146.817    u_mimo_detector_top/u_gram_matrix_compute/x_im_reg[3][6]_i_13_n_0
                         CARRY4 (Prop_carry4_CI_CO[1])
                                                      0.150   146.967 r  u_mimo_detector_top/u_gram_matrix_compute/x_im_reg[3][6]_i_7/CO[1]
                         net (fo=62, unplaced)        0.490   147.457    u_mimo_detector_top/u_gram_matrix_compute/x_im_reg[3][6]_i_7_n_2
                         CARRY4 (Prop_carry4_CYINIT_CO[3])
                                                      0.666   148.123 r  u_mimo_detector_top/u_gram_matrix_compute/x_im_reg[3][5]_i_140/CO[3]
                         net (fo=1, unplaced)         0.008   148.131    u_mimo_detector_top/u_gram_matrix_compute/x_im_reg[3][5]_i_140_n_0
                         CARRY4 (Prop_carry4_CI_CO[3])
                                                      0.100   148.231 r  u_mimo_detector_top/u_gram_matrix_compute/x_im_reg[3][5]_i_131/CO[3]
                         net (fo=1, unplaced)         0.000   148.231    u_mimo_detector_top/u_gram_matrix_compute/x_im_reg[3][5]_i_131_n_0
                         CARRY4 (Prop_carry4_CI_CO[3])
                                                      0.100   148.331 r  u_mimo_detector_top/u_gram_matrix_compute/x_im_reg[3][5]_i_121/CO[3]
                         net (fo=1, unplaced)         0.000   148.331    u_mimo_detector_top/u_gram_matrix_compute/x_im_reg[3][5]_i_121_n_0
                         CARRY4 (Prop_carry4_CI_CO[3])
                                                      0.100   148.431 r  u_mimo_detector_top/u_gram_matrix_compute/x_im_reg[3][5]_i_111/CO[3]
                         net (fo=1, unplaced)         0.000   148.431    u_mimo_detector_top/u_gram_matrix_compute/x_im_reg[3][5]_i_111_n_0
                         CARRY4 (Prop_carry4_CI_CO[3])
                                                      0.100   148.531 r  u_mimo_detector_top/u_gram_matrix_compute/x_im_reg[3][5]_i_101/CO[3]
                         net (fo=1, unplaced)         0.000   148.531    u_mimo_detector_top/u_gram_matrix_compute/x_im_reg[3][5]_i_101_n_0
                         CARRY4 (Prop_carry4_CI_CO[3])
                                                      0.100   148.631 r  u_mimo_detector_top/u_gram_matrix_compute/x_im_reg[3][5]_i_91/CO[3]
                         net (fo=1, unplaced)         0.000   148.631    u_mimo_detector_top/u_gram_matrix_compute/x_im_reg[3][5]_i_91_n_0
                         CARRY4 (Prop_carry4_CI_CO[3])
                                                      0.100   148.731 r  u_mimo_detector_top/u_gram_matrix_compute/x_im_reg[3][5]_i_81/CO[3]
                         net (fo=1, unplaced)         0.000   148.731    u_mimo_detector_top/u_gram_matrix_compute/x_im_reg[3][5]_i_81_n_0
                         CARRY4 (Prop_carry4_CI_CO[3])
                                                      0.100   148.831 r  u_mimo_detector_top/u_gram_matrix_compute/x_im_reg[3][5]_i_71/CO[3]
                         net (fo=1, unplaced)         0.000   148.831    u_mimo_detector_top/u_gram_matrix_compute/x_im_reg[3][5]_i_71_n_0
                         CARRY4 (Prop_carry4_CI_CO[3])
                                                      0.100   148.931 r  u_mimo_detector_top/u_gram_matrix_compute/x_im_reg[3][5]_i_61/CO[3]
                         net (fo=1, unplaced)         0.000   148.931    u_mimo_detector_top/u_gram_matrix_compute/x_im_reg[3][5]_i_61_n_0
                         CARRY4 (Prop_carry4_CI_CO[3])
                                                      0.100   149.031 r  u_mimo_detector_top/u_gram_matrix_compute/x_im_reg[3][5]_i_51/CO[3]
                         net (fo=1, unplaced)         0.000   149.031    u_mimo_detector_top/u_gram_matrix_compute/x_im_reg[3][5]_i_51_n_0
                         CARRY4 (Prop_carry4_CI_CO[3])
                                                      0.100   149.131 r  u_mimo_detector_top/u_gram_matrix_compute/x_im_reg[3][5]_i_41/CO[3]
                         net (fo=1, unplaced)         0.000   149.131    u_mimo_detector_top/u_gram_matrix_compute/x_im_reg[3][5]_i_41_n_0
                         CARRY4 (Prop_carry4_CI_CO[3])
                                                      0.100   149.231 r  u_mimo_detector_top/u_gram_matrix_compute/x_im_reg[3][5]_i_31/CO[3]
                         net (fo=1, unplaced)         0.000   149.231    u_mimo_detector_top/u_gram_matrix_compute/x_im_reg[3][5]_i_31_n_0
                         CARRY4 (Prop_carry4_CI_CO[3])
                                                      0.100   149.331 r  u_mimo_detector_top/u_gram_matrix_compute/x_im_reg[3][5]_i_21/CO[3]
                         net (fo=1, unplaced)         0.000   149.331    u_mimo_detector_top/u_gram_matrix_compute/x_im_reg[3][5]_i_21_n_0
                         CARRY4 (Prop_carry4_CI_CO[3])
                                                      0.100   149.431 r  u_mimo_detector_top/u_gram_matrix_compute/x_im_reg[3][5]_i_13/CO[3]
                         net (fo=1, unplaced)         0.000   149.431    u_mimo_detector_top/u_gram_matrix_compute/x_im_reg[3][5]_i_13_n_0
                         CARRY4 (Prop_carry4_CI_CO[1])
                                                      0.150   149.581 r  u_mimo_detector_top/u_gram_matrix_compute/x_im_reg[3][5]_i_7/CO[1]
                         net (fo=62, unplaced)        0.490   150.071    u_mimo_detector_top/u_gram_matrix_compute/x_im_reg[3][5]_i_7_n_2
                         CARRY4 (Prop_carry4_CYINIT_CO[3])
                                                      0.666   150.737 r  u_mimo_detector_top/u_gram_matrix_compute/x_im_reg[3][4]_i_152/CO[3]
                         net (fo=1, unplaced)         0.008   150.745    u_mimo_detector_top/u_gram_matrix_compute/x_im_reg[3][4]_i_152_n_0
                         CARRY4 (Prop_carry4_CI_CO[3])
                                                      0.100   150.845 r  u_mimo_detector_top/u_gram_matrix_compute/x_im_reg[3][4]_i_143/CO[3]
                         net (fo=1, unplaced)         0.000   150.845    u_mimo_detector_top/u_gram_matrix_compute/x_im_reg[3][4]_i_143_n_0
                         CARRY4 (Prop_carry4_CI_CO[3])
                                                      0.100   150.945 r  u_mimo_detector_top/u_gram_matrix_compute/x_im_reg[3][4]_i_133/CO[3]
                         net (fo=1, unplaced)         0.000   150.945    u_mimo_detector_top/u_gram_matrix_compute/x_im_reg[3][4]_i_133_n_0
                         CARRY4 (Prop_carry4_CI_CO[3])
                                                      0.100   151.045 r  u_mimo_detector_top/u_gram_matrix_compute/x_im_reg[3][4]_i_123/CO[3]
                         net (fo=1, unplaced)         0.000   151.045    u_mimo_detector_top/u_gram_matrix_compute/x_im_reg[3][4]_i_123_n_0
                         CARRY4 (Prop_carry4_CI_CO[3])
                                                      0.100   151.145 r  u_mimo_detector_top/u_gram_matrix_compute/x_im_reg[3][4]_i_113/CO[3]
                         net (fo=1, unplaced)         0.000   151.145    u_mimo_detector_top/u_gram_matrix_compute/x_im_reg[3][4]_i_113_n_0
                         CARRY4 (Prop_carry4_CI_CO[3])
                                                      0.100   151.245 r  u_mimo_detector_top/u_gram_matrix_compute/x_im_reg[3][4]_i_103/CO[3]
                         net (fo=1, unplaced)         0.000   151.245    u_mimo_detector_top/u_gram_matrix_compute/x_im_reg[3][4]_i_103_n_0
                         CARRY4 (Prop_carry4_CI_CO[3])
                                                      0.100   151.345 r  u_mimo_detector_top/u_gram_matrix_compute/x_im_reg[3][4]_i_93/CO[3]
                         net (fo=1, unplaced)         0.000   151.345    u_mimo_detector_top/u_gram_matrix_compute/x_im_reg[3][4]_i_93_n_0
                         CARRY4 (Prop_carry4_CI_CO[3])
                                                      0.100   151.445 r  u_mimo_detector_top/u_gram_matrix_compute/x_im_reg[3][4]_i_83/CO[3]
                         net (fo=1, unplaced)         0.000   151.445    u_mimo_detector_top/u_gram_matrix_compute/x_im_reg[3][4]_i_83_n_0
                         CARRY4 (Prop_carry4_CI_CO[3])
                                                      0.100   151.545 r  u_mimo_detector_top/u_gram_matrix_compute/x_im_reg[3][4]_i_73/CO[3]
                         net (fo=1, unplaced)         0.000   151.545    u_mimo_detector_top/u_gram_matrix_compute/x_im_reg[3][4]_i_73_n_0
                         CARRY4 (Prop_carry4_CI_CO[3])
                                                      0.100   151.645 r  u_mimo_detector_top/u_gram_matrix_compute/x_im_reg[3][4]_i_63/CO[3]
                         net (fo=1, unplaced)         0.000   151.645    u_mimo_detector_top/u_gram_matrix_compute/x_im_reg[3][4]_i_63_n_0
                         CARRY4 (Prop_carry4_CI_CO[3])
                                                      0.100   151.745 r  u_mimo_detector_top/u_gram_matrix_compute/x_im_reg[3][4]_i_53/CO[3]
                         net (fo=1, unplaced)         0.000   151.745    u_mimo_detector_top/u_gram_matrix_compute/x_im_reg[3][4]_i_53_n_0
                         CARRY4 (Prop_carry4_CI_CO[3])
                                                      0.100   151.845 r  u_mimo_detector_top/u_gram_matrix_compute/x_im_reg[3][4]_i_43/CO[3]
                         net (fo=1, unplaced)         0.000   151.845    u_mimo_detector_top/u_gram_matrix_compute/x_im_reg[3][4]_i_43_n_0
                         CARRY4 (Prop_carry4_CI_CO[3])
                                                      0.100   151.945 r  u_mimo_detector_top/u_gram_matrix_compute/x_im_reg[3][4]_i_33/CO[3]
                         net (fo=1, unplaced)         0.000   151.945    u_mimo_detector_top/u_gram_matrix_compute/x_im_reg[3][4]_i_33_n_0
                         CARRY4 (Prop_carry4_CI_CO[3])
                                                      0.100   152.045 r  u_mimo_detector_top/u_gram_matrix_compute/x_im_reg[3][4]_i_20/CO[3]
                         net (fo=1, unplaced)         0.000   152.045    u_mimo_detector_top/u_gram_matrix_compute/x_im_reg[3][4]_i_20_n_0
                         CARRY4 (Prop_carry4_CI_CO[1])
                                                      0.150   152.195 r  u_mimo_detector_top/u_gram_matrix_compute/x_im_reg[3][4]_i_13/CO[1]
                         net (fo=62, unplaced)        0.490   152.685    u_mimo_detector_top/u_gram_matrix_compute/x_im_reg[3][4]_i_13_n_2
                         CARRY4 (Prop_carry4_CYINIT_CO[3])
                                                      0.666   153.351 r  u_mimo_detector_top/u_gram_matrix_compute/x_im_reg[3][3]_i_140/CO[3]
                         net (fo=1, unplaced)         0.008   153.359    u_mimo_detector_top/u_gram_matrix_compute/x_im_reg[3][3]_i_140_n_0
                         CARRY4 (Prop_carry4_CI_CO[3])
                                                      0.100   153.459 r  u_mimo_detector_top/u_gram_matrix_compute/x_im_reg[3][3]_i_131/CO[3]
                         net (fo=1, unplaced)         0.000   153.459    u_mimo_detector_top/u_gram_matrix_compute/x_im_reg[3][3]_i_131_n_0
                         CARRY4 (Prop_carry4_CI_CO[3])
                                                      0.100   153.559 r  u_mimo_detector_top/u_gram_matrix_compute/x_im_reg[3][3]_i_121/CO[3]
                         net (fo=1, unplaced)         0.000   153.559    u_mimo_detector_top/u_gram_matrix_compute/x_im_reg[3][3]_i_121_n_0
                         CARRY4 (Prop_carry4_CI_CO[3])
                                                      0.100   153.659 r  u_mimo_detector_top/u_gram_matrix_compute/x_im_reg[3][3]_i_111/CO[3]
                         net (fo=1, unplaced)         0.000   153.659    u_mimo_detector_top/u_gram_matrix_compute/x_im_reg[3][3]_i_111_n_0
                         CARRY4 (Prop_carry4_CI_CO[3])
                                                      0.100   153.759 r  u_mimo_detector_top/u_gram_matrix_compute/x_im_reg[3][3]_i_101/CO[3]
                         net (fo=1, unplaced)         0.000   153.759    u_mimo_detector_top/u_gram_matrix_compute/x_im_reg[3][3]_i_101_n_0
                         CARRY4 (Prop_carry4_CI_CO[3])
                                                      0.100   153.859 r  u_mimo_detector_top/u_gram_matrix_compute/x_im_reg[3][3]_i_91/CO[3]
                         net (fo=1, unplaced)         0.000   153.859    u_mimo_detector_top/u_gram_matrix_compute/x_im_reg[3][3]_i_91_n_0
                         CARRY4 (Prop_carry4_CI_CO[3])
                                                      0.100   153.959 r  u_mimo_detector_top/u_gram_matrix_compute/x_im_reg[3][3]_i_81/CO[3]
                         net (fo=1, unplaced)         0.000   153.959    u_mimo_detector_top/u_gram_matrix_compute/x_im_reg[3][3]_i_81_n_0
                         CARRY4 (Prop_carry4_CI_CO[3])
                                                      0.100   154.059 r  u_mimo_detector_top/u_gram_matrix_compute/x_im_reg[3][3]_i_71/CO[3]
                         net (fo=1, unplaced)         0.000   154.059    u_mimo_detector_top/u_gram_matrix_compute/x_im_reg[3][3]_i_71_n_0
                         CARRY4 (Prop_carry4_CI_CO[3])
                                                      0.100   154.159 r  u_mimo_detector_top/u_gram_matrix_compute/x_im_reg[3][3]_i_61/CO[3]
                         net (fo=1, unplaced)         0.000   154.159    u_mimo_detector_top/u_gram_matrix_compute/x_im_reg[3][3]_i_61_n_0
                         CARRY4 (Prop_carry4_CI_CO[3])
                                                      0.100   154.259 r  u_mimo_detector_top/u_gram_matrix_compute/x_im_reg[3][3]_i_51/CO[3]
                         net (fo=1, unplaced)         0.000   154.259    u_mimo_detector_top/u_gram_matrix_compute/x_im_reg[3][3]_i_51_n_0
                         CARRY4 (Prop_carry4_CI_CO[3])
                                                      0.100   154.359 r  u_mimo_detector_top/u_gram_matrix_compute/x_im_reg[3][3]_i_41/CO[3]
                         net (fo=1, unplaced)         0.000   154.359    u_mimo_detector_top/u_gram_matrix_compute/x_im_reg[3][3]_i_41_n_0
                         CARRY4 (Prop_carry4_CI_CO[3])
                                                      0.100   154.459 r  u_mimo_detector_top/u_gram_matrix_compute/x_im_reg[3][3]_i_31/CO[3]
                         net (fo=1, unplaced)         0.000   154.459    u_mimo_detector_top/u_gram_matrix_compute/x_im_reg[3][3]_i_31_n_0
                         CARRY4 (Prop_carry4_CI_CO[3])
                                                      0.100   154.559 r  u_mimo_detector_top/u_gram_matrix_compute/x_im_reg[3][3]_i_21/CO[3]
                         net (fo=1, unplaced)         0.000   154.559    u_mimo_detector_top/u_gram_matrix_compute/x_im_reg[3][3]_i_21_n_0
                         CARRY4 (Prop_carry4_CI_CO[3])
                                                      0.100   154.659 r  u_mimo_detector_top/u_gram_matrix_compute/x_im_reg[3][3]_i_13/CO[3]
                         net (fo=1, unplaced)         0.000   154.659    u_mimo_detector_top/u_gram_matrix_compute/x_im_reg[3][3]_i_13_n_0
                         CARRY4 (Prop_carry4_CI_CO[1])
                                                      0.150   154.809 r  u_mimo_detector_top/u_gram_matrix_compute/x_im_reg[3][3]_i_7/CO[1]
                         net (fo=62, unplaced)        0.490   155.299    u_mimo_detector_top/u_gram_matrix_compute/x_im_reg[3][3]_i_7_n_2
                         CARRY4 (Prop_carry4_CYINIT_CO[3])
                                                      0.666   155.965 r  u_mimo_detector_top/u_gram_matrix_compute/x_im_reg[3][2]_i_140/CO[3]
                         net (fo=1, unplaced)         0.008   155.973    u_mimo_detector_top/u_gram_matrix_compute/x_im_reg[3][2]_i_140_n_0
                         CARRY4 (Prop_carry4_CI_CO[3])
                                                      0.100   156.073 r  u_mimo_detector_top/u_gram_matrix_compute/x_im_reg[3][2]_i_131/CO[3]
                         net (fo=1, unplaced)         0.000   156.073    u_mimo_detector_top/u_gram_matrix_compute/x_im_reg[3][2]_i_131_n_0
                         CARRY4 (Prop_carry4_CI_CO[3])
                                                      0.100   156.173 r  u_mimo_detector_top/u_gram_matrix_compute/x_im_reg[3][2]_i_121/CO[3]
                         net (fo=1, unplaced)         0.000   156.173    u_mimo_detector_top/u_gram_matrix_compute/x_im_reg[3][2]_i_121_n_0
                         CARRY4 (Prop_carry4_CI_CO[3])
                                                      0.100   156.273 r  u_mimo_detector_top/u_gram_matrix_compute/x_im_reg[3][2]_i_111/CO[3]
                         net (fo=1, unplaced)         0.000   156.273    u_mimo_detector_top/u_gram_matrix_compute/x_im_reg[3][2]_i_111_n_0
                         CARRY4 (Prop_carry4_CI_CO[3])
                                                      0.100   156.373 r  u_mimo_detector_top/u_gram_matrix_compute/x_im_reg[3][2]_i_101/CO[3]
                         net (fo=1, unplaced)         0.000   156.373    u_mimo_detector_top/u_gram_matrix_compute/x_im_reg[3][2]_i_101_n_0
                         CARRY4 (Prop_carry4_CI_CO[3])
                                                      0.100   156.473 r  u_mimo_detector_top/u_gram_matrix_compute/x_im_reg[3][2]_i_91/CO[3]
                         net (fo=1, unplaced)         0.000   156.473    u_mimo_detector_top/u_gram_matrix_compute/x_im_reg[3][2]_i_91_n_0
                         CARRY4 (Prop_carry4_CI_CO[3])
                                                      0.100   156.573 r  u_mimo_detector_top/u_gram_matrix_compute/x_im_reg[3][2]_i_81/CO[3]
                         net (fo=1, unplaced)         0.000   156.573    u_mimo_detector_top/u_gram_matrix_compute/x_im_reg[3][2]_i_81_n_0
                         CARRY4 (Prop_carry4_CI_CO[3])
                                                      0.100   156.673 r  u_mimo_detector_top/u_gram_matrix_compute/x_im_reg[3][2]_i_71/CO[3]
                         net (fo=1, unplaced)         0.000   156.673    u_mimo_detector_top/u_gram_matrix_compute/x_im_reg[3][2]_i_71_n_0
                         CARRY4 (Prop_carry4_CI_CO[3])
                                                      0.100   156.773 r  u_mimo_detector_top/u_gram_matrix_compute/x_im_reg[3][2]_i_61/CO[3]
                         net (fo=1, unplaced)         0.000   156.773    u_mimo_detector_top/u_gram_matrix_compute/x_im_reg[3][2]_i_61_n_0
                         CARRY4 (Prop_carry4_CI_CO[3])
                                                      0.100   156.873 r  u_mimo_detector_top/u_gram_matrix_compute/x_im_reg[3][2]_i_51/CO[3]
                         net (fo=1, unplaced)         0.000   156.873    u_mimo_detector_top/u_gram_matrix_compute/x_im_reg[3][2]_i_51_n_0
                         CARRY4 (Prop_carry4_CI_CO[3])
                                                      0.100   156.973 r  u_mimo_detector_top/u_gram_matrix_compute/x_im_reg[3][2]_i_41/CO[3]
                         net (fo=1, unplaced)         0.000   156.973    u_mimo_detector_top/u_gram_matrix_compute/x_im_reg[3][2]_i_41_n_0
                         CARRY4 (Prop_carry4_CI_CO[3])
                                                      0.100   157.073 r  u_mimo_detector_top/u_gram_matrix_compute/x_im_reg[3][2]_i_31/CO[3]
                         net (fo=1, unplaced)         0.000   157.073    u_mimo_detector_top/u_gram_matrix_compute/x_im_reg[3][2]_i_31_n_0
                         CARRY4 (Prop_carry4_CI_CO[3])
                                                      0.100   157.173 r  u_mimo_detector_top/u_gram_matrix_compute/x_im_reg[3][2]_i_21/CO[3]
                         net (fo=1, unplaced)         0.000   157.173    u_mimo_detector_top/u_gram_matrix_compute/x_im_reg[3][2]_i_21_n_0
                         CARRY4 (Prop_carry4_CI_CO[3])
                                                      0.100   157.273 r  u_mimo_detector_top/u_gram_matrix_compute/x_im_reg[3][2]_i_13/CO[3]
                         net (fo=1, unplaced)         0.000   157.273    u_mimo_detector_top/u_gram_matrix_compute/x_im_reg[3][2]_i_13_n_0
                         CARRY4 (Prop_carry4_CI_CO[1])
                                                      0.150   157.423 r  u_mimo_detector_top/u_gram_matrix_compute/x_im_reg[3][2]_i_7/CO[1]
                         net (fo=62, unplaced)        0.490   157.913    u_mimo_detector_top/u_gram_matrix_compute/x_im_reg[3][2]_i_7_n_2
                         CARRY4 (Prop_carry4_CYINIT_CO[3])
                                                      0.666   158.579 r  u_mimo_detector_top/u_gram_matrix_compute/x_im_reg[3][1]_i_140/CO[3]
                         net (fo=1, unplaced)         0.008   158.587    u_mimo_detector_top/u_gram_matrix_compute/x_im_reg[3][1]_i_140_n_0
                         CARRY4 (Prop_carry4_CI_CO[3])
                                                      0.100   158.687 r  u_mimo_detector_top/u_gram_matrix_compute/x_im_reg[3][1]_i_131/CO[3]
                         net (fo=1, unplaced)         0.000   158.687    u_mimo_detector_top/u_gram_matrix_compute/x_im_reg[3][1]_i_131_n_0
                         CARRY4 (Prop_carry4_CI_CO[3])
                                                      0.100   158.787 r  u_mimo_detector_top/u_gram_matrix_compute/x_im_reg[3][1]_i_121/CO[3]
                         net (fo=1, unplaced)         0.000   158.787    u_mimo_detector_top/u_gram_matrix_compute/x_im_reg[3][1]_i_121_n_0
                         CARRY4 (Prop_carry4_CI_CO[3])
                                                      0.100   158.887 r  u_mimo_detector_top/u_gram_matrix_compute/x_im_reg[3][1]_i_111/CO[3]
                         net (fo=1, unplaced)         0.000   158.887    u_mimo_detector_top/u_gram_matrix_compute/x_im_reg[3][1]_i_111_n_0
                         CARRY4 (Prop_carry4_CI_CO[3])
                                                      0.100   158.987 r  u_mimo_detector_top/u_gram_matrix_compute/x_im_reg[3][1]_i_101/CO[3]
                         net (fo=1, unplaced)         0.000   158.987    u_mimo_detector_top/u_gram_matrix_compute/x_im_reg[3][1]_i_101_n_0
                         CARRY4 (Prop_carry4_CI_CO[3])
                                                      0.100   159.087 r  u_mimo_detector_top/u_gram_matrix_compute/x_im_reg[3][1]_i_91/CO[3]
                         net (fo=1, unplaced)         0.000   159.087    u_mimo_detector_top/u_gram_matrix_compute/x_im_reg[3][1]_i_91_n_0
                         CARRY4 (Prop_carry4_CI_CO[3])
                                                      0.100   159.187 r  u_mimo_detector_top/u_gram_matrix_compute/x_im_reg[3][1]_i_81/CO[3]
                         net (fo=1, unplaced)         0.000   159.187    u_mimo_detector_top/u_gram_matrix_compute/x_im_reg[3][1]_i_81_n_0
                         CARRY4 (Prop_carry4_CI_CO[3])
                                                      0.100   159.287 r  u_mimo_detector_top/u_gram_matrix_compute/x_im_reg[3][1]_i_71/CO[3]
                         net (fo=1, unplaced)         0.000   159.287    u_mimo_detector_top/u_gram_matrix_compute/x_im_reg[3][1]_i_71_n_0
                         CARRY4 (Prop_carry4_CI_CO[3])
                                                      0.100   159.387 r  u_mimo_detector_top/u_gram_matrix_compute/x_im_reg[3][1]_i_61/CO[3]
                         net (fo=1, unplaced)         0.000   159.387    u_mimo_detector_top/u_gram_matrix_compute/x_im_reg[3][1]_i_61_n_0
                         CARRY4 (Prop_carry4_CI_CO[3])
                                                      0.100   159.487 r  u_mimo_detector_top/u_gram_matrix_compute/x_im_reg[3][1]_i_51/CO[3]
                         net (fo=1, unplaced)         0.000   159.487    u_mimo_detector_top/u_gram_matrix_compute/x_im_reg[3][1]_i_51_n_0
                         CARRY4 (Prop_carry4_CI_CO[3])
                                                      0.100   159.587 r  u_mimo_detector_top/u_gram_matrix_compute/x_im_reg[3][1]_i_41/CO[3]
                         net (fo=1, unplaced)         0.000   159.587    u_mimo_detector_top/u_gram_matrix_compute/x_im_reg[3][1]_i_41_n_0
                         CARRY4 (Prop_carry4_CI_CO[3])
                                                      0.100   159.687 r  u_mimo_detector_top/u_gram_matrix_compute/x_im_reg[3][1]_i_31/CO[3]
                         net (fo=1, unplaced)         0.000   159.687    u_mimo_detector_top/u_gram_matrix_compute/x_im_reg[3][1]_i_31_n_0
                         CARRY4 (Prop_carry4_CI_CO[3])
                                                      0.100   159.787 r  u_mimo_detector_top/u_gram_matrix_compute/x_im_reg[3][1]_i_21/CO[3]
                         net (fo=1, unplaced)         0.000   159.787    u_mimo_detector_top/u_gram_matrix_compute/x_im_reg[3][1]_i_21_n_0
                         CARRY4 (Prop_carry4_CI_CO[3])
                                                      0.100   159.887 r  u_mimo_detector_top/u_gram_matrix_compute/x_im_reg[3][1]_i_13/CO[3]
                         net (fo=1, unplaced)         0.000   159.887    u_mimo_detector_top/u_gram_matrix_compute/x_im_reg[3][1]_i_13_n_0
                         CARRY4 (Prop_carry4_CI_CO[1])
                                                      0.150   160.037 r  u_mimo_detector_top/u_gram_matrix_compute/x_im_reg[3][1]_i_7/CO[1]
                         net (fo=62, unplaced)        0.490   160.527    u_mimo_detector_top/u_gram_matrix_compute/x_im_reg[3][1]_i_7_n_2
                         CARRY4 (Prop_carry4_CYINIT_CO[3])
                                                      0.666   161.193 r  u_mimo_detector_top/u_gram_matrix_compute/x_im_reg[3][0]_i_133/CO[3]
                         net (fo=1, unplaced)         0.008   161.201    u_mimo_detector_top/u_gram_matrix_compute/x_im_reg[3][0]_i_133_n_0
                         CARRY4 (Prop_carry4_CI_CO[3])
                                                      0.100   161.301 r  u_mimo_detector_top/u_gram_matrix_compute/x_im_reg[3][0]_i_123/CO[3]
                         net (fo=1, unplaced)         0.000   161.301    u_mimo_detector_top/u_gram_matrix_compute/x_im_reg[3][0]_i_123_n_0
                         CARRY4 (Prop_carry4_CI_CO[3])
                                                      0.100   161.401 r  u_mimo_detector_top/u_gram_matrix_compute/x_im_reg[3][0]_i_113/CO[3]
                         net (fo=1, unplaced)         0.000   161.401    u_mimo_detector_top/u_gram_matrix_compute/x_im_reg[3][0]_i_113_n_0
                         CARRY4 (Prop_carry4_CI_CO[3])
                                                      0.100   161.501 r  u_mimo_detector_top/u_gram_matrix_compute/x_im_reg[3][0]_i_103/CO[3]
                         net (fo=1, unplaced)         0.000   161.501    u_mimo_detector_top/u_gram_matrix_compute/x_im_reg[3][0]_i_103_n_0
                         CARRY4 (Prop_carry4_CI_CO[3])
                                                      0.100   161.601 r  u_mimo_detector_top/u_gram_matrix_compute/x_im_reg[3][0]_i_93/CO[3]
                         net (fo=1, unplaced)         0.000   161.601    u_mimo_detector_top/u_gram_matrix_compute/x_im_reg[3][0]_i_93_n_0
                         CARRY4 (Prop_carry4_CI_CO[3])
                                                      0.100   161.701 r  u_mimo_detector_top/u_gram_matrix_compute/x_im_reg[3][0]_i_83/CO[3]
                         net (fo=1, unplaced)         0.000   161.701    u_mimo_detector_top/u_gram_matrix_compute/x_im_reg[3][0]_i_83_n_0
                         CARRY4 (Prop_carry4_CI_CO[3])
                                                      0.100   161.801 r  u_mimo_detector_top/u_gram_matrix_compute/x_im_reg[3][0]_i_73/CO[3]
                         net (fo=1, unplaced)         0.000   161.801    u_mimo_detector_top/u_gram_matrix_compute/x_im_reg[3][0]_i_73_n_0
                         CARRY4 (Prop_carry4_CI_CO[3])
                                                      0.100   161.901 r  u_mimo_detector_top/u_gram_matrix_compute/x_im_reg[3][0]_i_63/CO[3]
                         net (fo=1, unplaced)         0.000   161.901    u_mimo_detector_top/u_gram_matrix_compute/x_im_reg[3][0]_i_63_n_0
                         CARRY4 (Prop_carry4_CI_CO[3])
                                                      0.100   162.001 r  u_mimo_detector_top/u_gram_matrix_compute/x_im_reg[3][0]_i_53/CO[3]
                         net (fo=1, unplaced)         0.000   162.001    u_mimo_detector_top/u_gram_matrix_compute/x_im_reg[3][0]_i_53_n_0
                         CARRY4 (Prop_carry4_CI_CO[3])
                                                      0.100   162.101 r  u_mimo_detector_top/u_gram_matrix_compute/x_im_reg[3][0]_i_43/CO[3]
                         net (fo=1, unplaced)         0.000   162.101    u_mimo_detector_top/u_gram_matrix_compute/x_im_reg[3][0]_i_43_n_0
                         CARRY4 (Prop_carry4_CI_CO[3])
                                                      0.100   162.201 r  u_mimo_detector_top/u_gram_matrix_compute/x_im_reg[3][0]_i_33/CO[3]
                         net (fo=1, unplaced)         0.000   162.201    u_mimo_detector_top/u_gram_matrix_compute/x_im_reg[3][0]_i_33_n_0
                         CARRY4 (Prop_carry4_CI_CO[3])
                                                      0.100   162.301 r  u_mimo_detector_top/u_gram_matrix_compute/x_im_reg[3][0]_i_23/CO[3]
                         net (fo=1, unplaced)         0.000   162.301    u_mimo_detector_top/u_gram_matrix_compute/x_im_reg[3][0]_i_23_n_0
                         CARRY4 (Prop_carry4_CI_CO[3])
                                                      0.100   162.401 r  u_mimo_detector_top/u_gram_matrix_compute/x_im_reg[3][0]_i_13/CO[3]
                         net (fo=1, unplaced)         0.000   162.401    u_mimo_detector_top/u_gram_matrix_compute/x_im_reg[3][0]_i_13_n_0
                         CARRY4 (Prop_carry4_CI_CO[3])
                                                      0.100   162.501 r  u_mimo_detector_top/u_gram_matrix_compute/x_im_reg[3][0]_i_6/CO[3]
                         net (fo=1, unplaced)         0.000   162.501    u_mimo_detector_top/u_gram_matrix_compute/x_im_reg[3][0]_i_6_n_0
                         CARRY4 (Prop_carry4_CI_CO[0])
                                                      0.238   162.739 f  u_mimo_detector_top/u_gram_matrix_compute/x_im_reg[3][0]_i_3/CO[0]
                         net (fo=5, unplaced)         0.268   163.007    u_mimo_detector_top/u_gram_matrix_compute/x_im_reg[3][0]_i_3_n_3
                         LUT1 (Prop_lut1_I0_O)        0.297   163.304 r  u_mimo_detector_top/u_gram_matrix_compute/x_im[3][4]_i_23/O
                         net (fo=1, unplaced)         0.258   163.562    u_mimo_detector_top/u_gram_matrix_compute/x_im[3][4]_i_23_n_0
                         CARRY4 (Prop_carry4_CYINIT_CO[3])
                                                      0.494   164.056 r  u_mimo_detector_top/u_gram_matrix_compute/x_im_reg[3][4]_i_14/CO[3]
                         net (fo=1, unplaced)         0.008   164.064    u_mimo_detector_top/u_gram_matrix_compute/x_im_reg[3][4]_i_14_n_0
                         CARRY4 (Prop_carry4_CI_CO[3])
                                                      0.100   164.164 r  u_mimo_detector_top/u_gram_matrix_compute/x_im_reg[3][8]_i_13/CO[3]
                         net (fo=1, unplaced)         0.000   164.164    u_mimo_detector_top/u_gram_matrix_compute/x_im_reg[3][8]_i_13_n_0
                         CARRY4 (Prop_carry4_CI_CO[3])
                                                      0.100   164.264 r  u_mimo_detector_top/u_gram_matrix_compute/x_im_reg[3][12]_i_13/CO[3]
                         net (fo=1, unplaced)         0.000   164.264    u_mimo_detector_top/u_gram_matrix_compute/x_im_reg[3][12]_i_13_n_0
                         CARRY4 (Prop_carry4_CI_CO[3])
                                                      0.100   164.364 r  u_mimo_detector_top/u_gram_matrix_compute/x_im_reg[3][16]_i_13/CO[3]
                         net (fo=1, unplaced)         0.000   164.364    u_mimo_detector_top/u_gram_matrix_compute/x_im_reg[3][16]_i_13_n_0
                         CARRY4 (Prop_carry4_CI_O[3])
                                                      0.277   164.641 r  u_mimo_detector_top/u_gram_matrix_compute/x_im_reg[3][20]_i_13/O[3]
                         net (fo=1, unplaced)         0.519   165.160    u_mimo_detector_top/u_gram_matrix_compute/x_im_reg[3][20]_i_13_n_4
                         LUT6 (Prop_lut6_I5_O)        0.250   165.410 r  u_mimo_detector_top/u_gram_matrix_compute/x_im[3][20]_i_4/O
                         net (fo=4, unplaced)         0.371   165.781    u_mimo_detector_top/u_gram_matrix_compute/x_im[3][20]_i_4_n_0
                         LUT6 (Prop_lut6_I4_O)        0.105   165.886 r  u_mimo_detector_top/u_gram_matrix_compute/x_im[0][20]_i_1/O
                         net (fo=1, unplaced)         0.000   165.886    u_mimo_detector_top/u_gs_solver/x_im_reg[0][21]_1[20]
                         FDCE                                         r  u_mimo_detector_top/u_gs_solver/x_im_reg[0][20]/D
  -------------------------------------------------------------------    -------------------

                         (clock clk rise edge)       10.000    10.000 r  
                                                      0.000    10.000 r  clk (IN)
                         net (fo=0)                   0.000    10.000    clk
                         IBUF (Prop_ibuf_I_O)         0.745    10.745 r  clk_IBUF_inst/O
                         net (fo=1, unplaced)         0.613    11.359    clk_IBUF
                         BUFG (Prop_bufg_I_O)         0.077    11.436 r  clk_IBUF_BUFG_inst/O
                         net (fo=372, unplaced)       0.439    11.875    u_mimo_detector_top/u_gs_solver/clk_IBUF_BUFG
                         FDCE                                         r  u_mimo_detector_top/u_gs_solver/x_im_reg[0][20]/C
                         clock pessimism              0.167    12.042    
                         clock uncertainty           -0.035    12.006    
                         FDCE (Setup_fdce_C_D)        0.043    12.049    u_mimo_detector_top/u_gs_solver/x_im_reg[0][20]
  -------------------------------------------------------------------
                         required time                         12.049    
                         arrival time                        -165.886    
  -------------------------------------------------------------------
                         slack                               -153.837    





Min Delay Paths
--------------------------------------------------------------------------------------
Slack (MET) :             0.112ns  (arrival time - required time)
  Source:                 u_mimo_detector_top/u_gs_solver/x_im_reg[3][1]/C
                            (rising edge-triggered cell FDCE clocked by clk  {rise@0.000ns fall@5.000ns period=10.000ns})
  Destination:            u_mimo_detector_top/u_gs_solver/x_old_im_reg[3][1]/D
                            (rising edge-triggered cell FDCE clocked by clk  {rise@0.000ns fall@5.000ns period=10.000ns})
  Path Group:             clk
  Path Type:              Hold (Min at Fast Process Corner)
  Requirement:            0.000ns  (clk rise@0.000ns - clk rise@0.000ns)
  Data Path Delay:        0.367ns  (logic 0.248ns (67.572%)  route 0.119ns (32.428%))
  Logic Levels:           1  (LUT2=1)
  Clock Path Skew:        0.145ns (DCD - SCD - CPR)
    Destination Clock Delay (DCD):    0.987ns
    Source Clock Delay      (SCD):    0.633ns
    Clock Pessimism Removal (CPR):    0.208ns

    Location             Delay type                Incr(ns)  Path(ns)    Netlist Resource(s)
  -------------------------------------------------------------------    -------------------
                         (clock clk rise edge)        0.000     0.000 r  
                                                      0.000     0.000 r  clk (IN)
                         net (fo=0)                   0.000     0.000    clk
                         IBUF (Prop_ibuf_I_O)         0.173     0.173 r  clk_IBUF_inst/O
                         net (fo=1, unplaced)         0.320     0.493    clk_IBUF
                         BUFG (Prop_bufg_I_O)         0.026     0.519 r  clk_IBUF_BUFG_inst/O
                         net (fo=372, unplaced)       0.114     0.633    u_mimo_detector_top/u_gs_solver/clk_IBUF_BUFG
                         FDCE                                         r  u_mimo_detector_top/u_gs_solver/x_im_reg[3][1]/C
  -------------------------------------------------------------------    -------------------
                         FDCE (Prop_fdce_C_Q)         0.147     0.780 r  u_mimo_detector_top/u_gs_solver/x_im_reg[3][1]/Q
                         net (fo=1, unplaced)         0.119     0.899    u_mimo_detector_top/u_gs_solver/x_im_reg_n_0_[3][1]
                         LUT2 (Prop_lut2_I1_O)        0.101     1.000 r  u_mimo_detector_top/u_gs_solver/x_old_im[3][1]_i_1/O
                         net (fo=1, unplaced)         0.000     1.000    u_mimo_detector_top/u_gs_solver/x_old_im[3][1]_i_1_n_0
                         FDCE                                         r  u_mimo_detector_top/u_gs_solver/x_old_im_reg[3][1]/D
  -------------------------------------------------------------------    -------------------

                         (clock clk rise edge)        0.000     0.000 r  
                                                      0.000     0.000 r  clk (IN)
                         net (fo=0)                   0.000     0.000    clk
                         IBUF (Prop_ibuf_I_O)         0.362     0.362 r  clk_IBUF_inst/O
                         net (fo=1, unplaced)         0.337     0.699    clk_IBUF
                         BUFG (Prop_bufg_I_O)         0.029     0.728 r  clk_IBUF_BUFG_inst/O
                         net (fo=372, unplaced)       0.259     0.987    u_mimo_detector_top/u_gs_solver/clk_IBUF_BUFG
                         FDCE                                         r  u_mimo_detector_top/u_gs_solver/x_old_im_reg[3][1]/C
                         clock pessimism             -0.208     0.778    
                         FDCE (Hold_fdce_C_D)         0.110     0.888    u_mimo_detector_top/u_gs_solver/x_old_im_reg[3][1]
  -------------------------------------------------------------------
                         required time                         -0.888    
                         arrival time                           1.000    
  -------------------------------------------------------------------
                         slack                                  0.112    





Pulse Width Checks
--------------------------------------------------------------------------------------
Clock Name:         clk
Waveform(ns):       { 0.000 5.000 }
Period(ns):         10.000
Sources:            { clk }

Check Type        Corner  Lib Pin  Reference Pin  Required(ns)  Actual(ns)  Slack(ns)  Location  Pin
Min Period        n/a     BUFG/I   n/a            1.592         10.000      8.408                clk_IBUF_BUFG_inst/I
Low Pulse Width   Slow    FDPE/C   n/a            0.500         5.000       4.500                u_mimo_detector_top/u_gs_solver/FSM_onehot_state_reg[0]/C
High Pulse Width  Slow    FDPE/C   n/a            0.500         5.000       4.500                u_mimo_detector_top/u_gs_solver/FSM_onehot_state_reg[0]/C



