Copyright 1986-2022 Xilinx, Inc. All Rights Reserved. Copyright 2022-2025 Advanced Micro Devices, Inc. All Rights Reserved.
---------------------------------------------------------------------------------------------------------------------------------------------
| Tool Version : Vivado v.2025.2 (win64) Build 6299465 Fri Nov 14 19:35:11 GMT 2025
| Date         : Wed Jun 10 22:38:26 2026
| Host         : Nevgi running 64-bit major release  (build 9200)
| Command      : report_timing_summary -file C:/fpga_projects/adaptive-gs-mimo-detector/results/phase8_synthesis_seq/timing_seq.rpt
| Design       : mimo_detector_top_seq_synth_wrapper
| Device       : 7a35t-cpg236
| Speed File   : -1  PRODUCTION 1.23 2018-06-13
| Design State : Synthesized
---------------------------------------------------------------------------------------------------------------------------------------------

Timing Summary Report

------------------------------------------------------------------------------------------------
| Timer Settings
| --------------
------------------------------------------------------------------------------------------------

  Enable Multi Corner Analysis               :  Yes
  Enable Pessimism Removal                   :  Yes
  Pessimism Removal Resolution               :  Nearest Common Node
  Enable Input Delay Default Clock           :  No
  Enable Preset / Clear Arcs                 :  No
  Disable Flight Delays                      :  No
  Ignore I/O Paths                           :  No
  Timing Early Launch at Borrowing Latches   :  No
  Borrow Time for Max Delay Exceptions       :  Yes
  Merge Timing Exceptions                    :  Yes
  Inter-SLR Compensation                     :  Conservative

  Corner  Analyze    Analyze    
  Name    Max Paths  Min Paths  
  ------  ---------  ---------  
  Slow    Yes        Yes        
  Fast    Yes        Yes        


------------------------------------------------------------------------------------------------
| Report Methodology
| ------------------
------------------------------------------------------------------------------------------------

No report available as report_methodology has not been run prior. Run report_methodology on the current design for the summary of methodology violations.



check_timing report

Table of Contents
-----------------
1. checking no_clock (0)
2. checking constant_clock (0)
3. checking pulse_width_clock (0)
4. checking unconstrained_internal_endpoints (0)
5. checking no_input_delay (664)
6. checking no_output_delay (143)
7. checking multiple_clock (0)
8. checking generated_clocks (0)
9. checking loops (0)
10. checking partial_input_delay (0)
11. checking partial_output_delay (0)
12. checking latch_loops (0)

1. checking no_clock (0)
------------------------
 There are 0 register/latch pins with no clock.


2. checking constant_clock (0)
------------------------------
 There are 0 register/latch pins with constant_clock.


3. checking pulse_width_clock (0)
---------------------------------
 There are 0 register/latch pins which need pulse_width check


4. checking unconstrained_internal_endpoints (0)
------------------------------------------------
 There are 0 pins that are not constrained for maximum delay.

 There are 0 pins that are not constrained for maximum delay due to constant clock.


5. checking no_input_delay (664)
--------------------------------
 There are 664 input ports with no input delay specified. (HIGH)

 There are 0 input ports with no input delay but user has a false path constraint.


6. checking no_output_delay (143)
---------------------------------
 There are 143 ports with no output delay specified. (HIGH)

 There are 0 ports with no output delay but user has a false path constraint

 There are 0 ports with no output delay but with a timing clock defined on it or propagating through it


7. checking multiple_clock (0)
------------------------------
 There are 0 register/latch pins with multiple clocks.


8. checking generated_clocks (0)
--------------------------------
 There are 0 generated clocks that are not connected to a clock source.


9. checking loops (0)
---------------------
 There are 0 combinational loops in the design.


10. checking partial_input_delay (0)
------------------------------------
 There are 0 input ports with partial input delay specified.


11. checking partial_output_delay (0)
-------------------------------------
 There are 0 ports with partial output delay specified.


12. checking latch_loops (0)
----------------------------
 There are 0 combinational latch loops in the design through latch input



------------------------------------------------------------------------------------------------
| Design Timing Summary
| ---------------------
------------------------------------------------------------------------------------------------

    WNS(ns)      TNS(ns)  TNS Failing Endpoints  TNS Total Endpoints      WHS(ns)      THS(ns)  THS Failing Endpoints  THS Total Endpoints     WPWS(ns)     TPWS(ns)  TPWS Failing Endpoints  TPWS Total Endpoints  
    -------      -------  ---------------------  -------------------      -------      -------  ---------------------  -------------------     --------     --------  ----------------------  --------------------  
   -173.984   -30741.902                    324                 4150        0.258        0.000                      0                 4150        4.500        0.000                       0                  2127  


Timing constraints are not met.


------------------------------------------------------------------------------------------------
| Clock Summary
| -------------
------------------------------------------------------------------------------------------------

Clock  Waveform(ns)       Period(ns)      Frequency(MHz)
-----  ------------       ----------      --------------
clk    {0.000 5.000}      10.000          100.000         


------------------------------------------------------------------------------------------------
| Intra Clock Table
| -----------------
------------------------------------------------------------------------------------------------

Clock             WNS(ns)      TNS(ns)  TNS Failing Endpoints  TNS Total Endpoints      WHS(ns)      THS(ns)  THS Failing Endpoints  THS Total Endpoints     WPWS(ns)     TPWS(ns)  TPWS Failing Endpoints  TPWS Total Endpoints  
-----             -------      -------  ---------------------  -------------------      -------      -------  ---------------------  -------------------     --------     --------  ----------------------  --------------------  
clk              -173.984   -30741.902                    324                 4150        0.258        0.000                      0                 4150        4.500        0.000                       0                  2127  


------------------------------------------------------------------------------------------------
| Inter Clock Table
| -----------------
------------------------------------------------------------------------------------------------

From Clock    To Clock          WNS(ns)      TNS(ns)  TNS Failing Endpoints  TNS Total Endpoints      WHS(ns)      THS(ns)  THS Failing Endpoints  THS Total Endpoints  
----------    --------          -------      -------  ---------------------  -------------------      -------      -------  ---------------------  -------------------  


------------------------------------------------------------------------------------------------
| Other Path Groups Table
| -----------------------
------------------------------------------------------------------------------------------------

Path Group    From Clock    To Clock          WNS(ns)      TNS(ns)  TNS Failing Endpoints  TNS Total Endpoints      WHS(ns)      THS(ns)  THS Failing Endpoints  THS Total Endpoints  
----------    ----------    --------          -------      -------  ---------------------  -------------------      -------      -------  ---------------------  -------------------  


------------------------------------------------------------------------------------------------
| Timing Details
| --------------
------------------------------------------------------------------------------------------------


---------------------------------------------------------------------------------------------------
From Clock:  clk
  To Clock:  clk

Setup :          324  Failing Endpoints,  Worst Slack     -173.984ns,  Total Violation   -30741.903ns
Hold  :            0  Failing Endpoints,  Worst Slack        0.258ns,  Total Violation        0.000ns
PW    :            0  Failing Endpoints,  Worst Slack        4.500ns,  Total Violation        0.000ns
---------------------------------------------------------------------------------------------------


Max Delay Paths
--------------------------------------------------------------------------------------
Slack (VIOLATED) :        -173.984ns  (required time - arrival time)
  Source:                 u_mimo_detector_top_seq/u_matched_filter_seq/b_re_reg[3][2]/C
                            (rising edge-triggered cell FDCE clocked by clk  {rise@0.000ns fall@5.000ns period=10.000ns})
  Destination:            u_mimo_detector_top_seq/u_gs_solver_seq/x_re_reg[0][20]/D
                            (rising edge-triggered cell FDCE clocked by clk  {rise@0.000ns fall@5.000ns period=10.000ns})
  Path Group:             clk
  Path Type:              Setup (Max at Slow Process Corner)
  Requirement:            10.000ns  (clk rise@10.000ns - clk rise@0.000ns)
  Data Path Delay:        183.929ns  (logic 145.612ns (79.168%)  route 38.317ns (20.832%))
  Logic Levels:           859  (CARRY4=852 LUT1=2 LUT2=1 LUT3=1 LUT4=1 LUT6=2)
  Clock Path Skew:        -0.049ns (DCD - SCD + CPR)
    Destination Clock Delay (DCD):    0.924ns = ( 10.924 - 10.000 ) 
    Source Clock Delay      (SCD):    0.973ns
    Clock Pessimism Removal (CPR):    0.000ns
  Clock Uncertainty:      0.035ns  ((TSJ^2 + TIJ^2)^1/2 + DJ) / 2 + PE
    Total System Jitter     (TSJ):    0.071ns
    Total Input Jitter      (TIJ):    0.000ns
    Discrete Jitter          (DJ):    0.000ns
    Phase Error              (PE):    0.000ns

    Location             Delay type                Incr(ns)  Path(ns)    Netlist Resource(s)
  -------------------------------------------------------------------    -------------------
                         (clock clk rise edge)        0.000     0.000 r  
                                                      0.000     0.000 r  clk (IN)
                         net (fo=2126, unset)         0.973     0.973    u_mimo_detector_top_seq/u_matched_filter_seq/clk
                         FDCE                                         r  u_mimo_detector_top_seq/u_matched_filter_seq/b_re_reg[3][2]/C
  -------------------------------------------------------------------    -------------------
                         FDCE (Prop_fdce_C_Q)         0.456     1.429 r  u_mimo_detector_top_seq/u_matched_filter_seq/b_re_reg[3][2]/Q
                         net (fo=2, unplaced)         0.976     2.405    u_mimo_detector_top_seq/u_matched_filter_seq/b_re[3]_3[2]
                         LUT6 (Prop_lut6_I0_O)        0.295     2.700 r  u_mimo_detector_top_seq/u_matched_filter_seq/x_re[0][21]_i_538/O
                         net (fo=4, unplaced)         0.663     3.363    u_mimo_detector_top_seq/u_matched_filter_seq/value[2]
                         CARRY4 (Prop_carry4_DI[1]_CO[3])
                                                      0.520     3.883 r  u_mimo_detector_top_seq/u_matched_filter_seq/x_re_reg[0][21]_i_401/CO[3]
                         net (fo=1, unplaced)         0.000     3.883    u_mimo_detector_top_seq/u_matched_filter_seq/x_re_reg[0][21]_i_401_n_0
                         CARRY4 (Prop_carry4_CI_CO[3])
                                                      0.117     4.000 r  u_mimo_detector_top_seq/u_matched_filter_seq/x_re_reg[0][21]_i_287/CO[3]
                         net (fo=1, unplaced)         0.000     4.000    u_mimo_detector_top_seq/u_matched_filter_seq/x_re_reg[0][21]_i_287_n_0
                         CARRY4 (Prop_carry4_CI_CO[3])
                                                      0.117     4.117 r  u_mimo_detector_top_seq/u_matched_filter_seq/x_re_reg[0][21]_i_192/CO[3]
                         net (fo=1, unplaced)         0.000     4.117    u_mimo_detector_top_seq/u_matched_filter_seq/x_re_reg[0][21]_i_192_n_0
                         CARRY4 (Prop_carry4_CI_CO[3])
                                                      0.117     4.234 r  u_mimo_detector_top_seq/u_matched_filter_seq/x_re_reg[0][21]_i_120/CO[3]
                         net (fo=1, unplaced)         0.000     4.234    u_mimo_detector_top_seq/u_matched_filter_seq/x_re_reg[0][21]_i_120_n_0
                         CARRY4 (Prop_carry4_CI_O[3])
                                                      0.331     4.565 f  u_mimo_detector_top_seq/u_matched_filter_seq/x_re_reg[0][21]_i_67/O[3]
                         net (fo=3, unplaced)         0.636     5.201    u_mimo_detector_top_seq/u_matched_filter_seq/sum_re_reg[24]_0[3]
                         LUT1 (Prop_lut1_I0_O)        0.307     5.508 r  u_mimo_detector_top_seq/u_matched_filter_seq/x_re[0][21]_i_2596/O
                         net (fo=1, unplaced)         0.000     5.508    u_mimo_detector_top_seq/u_matched_filter_seq/x_re[0][21]_i_2596_n_0
                         CARRY4 (Prop_carry4_S[1]_CO[3])
                                                      0.533     6.041 r  u_mimo_detector_top_seq/u_matched_filter_seq/x_re_reg[0][21]_i_2425/CO[3]
                         net (fo=1, unplaced)         0.000     6.041    u_mimo_detector_top_seq/u_matched_filter_seq/x_re_reg[0][21]_i_2425_n_0
                         CARRY4 (Prop_carry4_CI_CO[1])
                                                      0.179     6.220 f  u_mimo_detector_top_seq/u_matched_filter_seq/x_re_reg[0][21]_i_3057/CO[1]
                         net (fo=32, unplaced)        0.383     6.603    u_mimo_detector_top_seq/u_gs_solver_seq/x_re_reg[0][21]_i_3048_0[0]
                         LUT2 (Prop_lut2_I1_O)        0.324     6.927 r  u_mimo_detector_top_seq/u_gs_solver_seq/x_re[0][21]_i_5283/O
                         net (fo=1, unplaced)         0.000     6.927    u_mimo_detector_top_seq/u_gs_solver_seq/x_re[0][21]_i_5283_n_0
                         CARRY4 (Prop_carry4_DI[0]_CO[3])
                                                      0.576     7.503 r  u_mimo_detector_top_seq/u_gs_solver_seq/x_re_reg[0][21]_i_5094/CO[3]
                         net (fo=1, unplaced)         0.009     7.512    u_mimo_detector_top_seq/u_gs_solver_seq/x_re_reg[0][21]_i_5094_n_0
                         CARRY4 (Prop_carry4_CI_CO[3])
                                                      0.117     7.629 r  u_mimo_detector_top_seq/u_gs_solver_seq/x_re_reg[0][21]_i_5089/CO[3]
                         net (fo=1, unplaced)         0.000     7.629    u_mimo_detector_top_seq/u_gs_solver_seq/x_re_reg[0][21]_i_5089_n_0
                         CARRY4 (Prop_carry4_CI_CO[3])
                                                      0.117     7.746 r  u_mimo_detector_top_seq/u_gs_solver_seq/x_re_reg[0][21]_i_5084/CO[3]
                         net (fo=1, unplaced)         0.000     7.746    u_mimo_detector_top_seq/u_gs_solver_seq/x_re_reg[0][21]_i_5084_n_0
                         CARRY4 (Prop_carry4_CI_CO[3])
                                                      0.117     7.863 r  u_mimo_detector_top_seq/u_gs_solver_seq/x_re_reg[0][21]_i_5079/CO[3]
                         net (fo=1, unplaced)         0.000     7.863    u_mimo_detector_top_seq/u_gs_solver_seq/x_re_reg[0][21]_i_5079_n_0
                         CARRY4 (Prop_carry4_CI_CO[3])
                                                      0.117     7.980 r  u_mimo_detector_top_seq/u_gs_solver_seq/x_re_reg[0][21]_i_5074/CO[3]
                         net (fo=1, unplaced)         0.000     7.980    u_mimo_detector_top_seq/u_gs_solver_seq/x_re_reg[0][21]_i_5074_n_0
                         CARRY4 (Prop_carry4_CI_CO[3])
                                                      0.117     8.097 r  u_mimo_detector_top_seq/u_gs_solver_seq/x_re_reg[0][21]_i_5069/CO[3]
                         net (fo=1, unplaced)         0.000     8.097    u_mimo_detector_top_seq/u_gs_solver_seq/x_re_reg[0][21]_i_5069_n_0
                         CARRY4 (Prop_carry4_CI_CO[3])
                                                      0.117     8.214 r  u_mimo_detector_top_seq/u_gs_solver_seq/x_re_reg[0][21]_i_5064/CO[3]
                         net (fo=1, unplaced)         0.000     8.214    u_mimo_detector_top_seq/u_gs_solver_seq/x_re_reg[0][21]_i_5064_n_0
                         CARRY4 (Prop_carry4_CI_CO[3])
                                                      0.117     8.331 r  u_mimo_detector_top_seq/u_gs_solver_seq/x_re_reg[0][21]_i_5059/CO[3]
                         net (fo=1, unplaced)         0.000     8.331    u_mimo_detector_top_seq/u_gs_solver_seq/x_re_reg[0][21]_i_5059_n_0
                         CARRY4 (Prop_carry4_CI_CO[3])
                                                      0.117     8.448 r  u_mimo_detector_top_seq/u_gs_solver_seq/x_re_reg[0][21]_i_5054/CO[3]
                         net (fo=1, unplaced)         0.000     8.448    u_mimo_detector_top_seq/u_gs_solver_seq/x_re_reg[0][21]_i_5054_n_0
                         CARRY4 (Prop_carry4_CI_CO[3])
                                                      0.117     8.565 r  u_mimo_detector_top_seq/u_gs_solver_seq/x_re_reg[0][21]_i_5049/CO[3]
                         net (fo=1, unplaced)         0.000     8.565    u_mimo_detector_top_seq/u_gs_solver_seq/x_re_reg[0][21]_i_5049_n_0
                         CARRY4 (Prop_carry4_CI_CO[3])
                                                      0.117     8.682 r  u_mimo_detector_top_seq/u_gs_solver_seq/x_re_reg[0][21]_i_5044/CO[3]
                         net (fo=1, unplaced)         0.000     8.682    u_mimo_detector_top_seq/u_gs_solver_seq/x_re_reg[0][21]_i_5044_n_0
                         CARRY4 (Prop_carry4_CI_CO[3])
                                                      0.117     8.799 r  u_mimo_detector_top_seq/u_gs_solver_seq/x_re_reg[0][21]_i_5039/CO[3]
                         net (fo=1, unplaced)         0.000     8.799    u_mimo_detector_top_seq/u_gs_solver_seq/x_re_reg[0][21]_i_5039_n_0
                         CARRY4 (Prop_carry4_CI_CO[3])
                                                      0.117     8.916 r  u_mimo_detector_top_seq/u_gs_solver_seq/x_re_reg[0][21]_i_5034/CO[3]
                         net (fo=1, unplaced)         0.000     8.916    u_mimo_detector_top_seq/u_gs_solver_seq/x_re_reg[0][21]_i_5034_n_0
                         CARRY4 (Prop_carry4_CI_CO[3])
                                                      0.117     9.033 r  u_mimo_detector_top_seq/u_gs_solver_seq/x_re_reg[0][21]_i_5031/CO[3]
                         net (fo=1, unplaced)         0.000     9.033    u_mimo_detector_top_seq/u_gs_solver_seq/x_re_reg[0][21]_i_5031_n_0
                         CARRY4 (Prop_carry4_CI_CO[0])
                                                      0.281     9.314 r  u_mimo_detector_top_seq/u_gs_solver_seq/x_re_reg[0][21]_i_5030/CO[0]
                         net (fo=59, unplaced)        0.397     9.711    u_mimo_detector_top_seq/u_gs_solver_seq/x_re_reg[0][21]_i_5031_0[0]
                         LUT4 (Prop_lut4_I0_O)        0.367    10.078 r  u_mimo_detector_top_seq/u_gs_solver_seq/x_re[0][21]_i_5102/O
                         net (fo=1, unplaced)         0.000    10.078    u_mimo_detector_top_seq/u_gs_solver_seq/x_re[0][21]_i_5102_n_0
                         CARRY4 (Prop_carry4_S[1]_CO[3])
                                                      0.533    10.611 r  u_mimo_detector_top_seq/u_gs_solver_seq/x_re_reg[0][21]_i_4948/CO[3]
                         net (fo=1, unplaced)         0.009    10.620    u_mimo_detector_top_seq/u_gs_solver_seq/x_re_reg[0][21]_i_4948_n_0
                         CARRY4 (Prop_carry4_CI_CO[3])
                                                      0.117    10.737 r  u_mimo_detector_top_seq/u_gs_solver_seq/x_re_reg[0][21]_i_4943/CO[3]
                         net (fo=1, unplaced)         0.000    10.737    u_mimo_detector_top_seq/u_gs_solver_seq/x_re_reg[0][21]_i_4943_n_0
                         CARRY4 (Prop_carry4_CI_CO[3])
                                                      0.117    10.854 r  u_mimo_detector_top_seq/u_gs_solver_seq/x_re_reg[0][21]_i_4938/CO[3]
                         net (fo=1, unplaced)         0.000    10.854    u_mimo_detector_top_seq/u_gs_solver_seq/x_re_reg[0][21]_i_4938_n_0
                         CARRY4 (Prop_carry4_CI_CO[3])
                                                      0.117    10.971 r  u_mimo_detector_top_seq/u_gs_solver_seq/x_re_reg[0][21]_i_4933/CO[3]
                         net (fo=1, unplaced)         0.000    10.971    u_mimo_detector_top_seq/u_gs_solver_seq/x_re_reg[0][21]_i_4933_n_0
                         CARRY4 (Prop_carry4_CI_CO[3])
                                                      0.117    11.088 r  u_mimo_detector_top_seq/u_gs_solver_seq/x_re_reg[0][21]_i_4928/CO[3]
                         net (fo=1, unplaced)         0.000    11.088    u_mimo_detector_top_seq/u_gs_solver_seq/x_re_reg[0][21]_i_4928_n_0
                         CARRY4 (Prop_carry4_CI_CO[3])
                                                      0.117    11.205 r  u_mimo_detector_top_seq/u_gs_solver_seq/x_re_reg[0][21]_i_4923/CO[3]
                         net (fo=1, unplaced)         0.000    11.205    u_mimo_detector_top_seq/u_gs_solver_seq/x_re_reg[0][21]_i_4923_n_0
                         CARRY4 (Prop_carry4_CI_CO[3])
                                                      0.117    11.322 r  u_mimo_detector_top_seq/u_gs_solver_seq/x_re_reg[0][21]_i_4918/CO[3]
                         net (fo=1, unplaced)         0.000    11.322    u_mimo_detector_top_seq/u_gs_solver_seq/x_re_reg[0][21]_i_4918_n_0
                         CARRY4 (Prop_carry4_CI_CO[3])
                                                      0.117    11.439 r  u_mimo_detector_top_seq/u_gs_solver_seq/x_re_reg[0][21]_i_4913/CO[3]
                         net (fo=1, unplaced)         0.000    11.439    u_mimo_detector_top_seq/u_gs_solver_seq/x_re_reg[0][21]_i_4913_n_0
                         CARRY4 (Prop_carry4_CI_CO[3])
                                                      0.117    11.556 r  u_mimo_detector_top_seq/u_gs_solver_seq/x_re_reg[0][21]_i_4908/CO[3]
                         net (fo=1, unplaced)         0.000    11.556    u_mimo_detector_top_seq/u_gs_solver_seq/x_re_reg[0][21]_i_4908_n_0
                         CARRY4 (Prop_carry4_CI_CO[3])
                                                      0.117    11.673 r  u_mimo_detector_top_seq/u_gs_solver_seq/x_re_reg[0][21]_i_4903/CO[3]
                         net (fo=1, unplaced)         0.000    11.673    u_mimo_detector_top_seq/u_gs_solver_seq/x_re_reg[0][21]_i_4903_n_0
                         CARRY4 (Prop_carry4_CI_CO[3])
                                                      0.117    11.790 r  u_mimo_detector_top_seq/u_gs_solver_seq/x_re_reg[0][21]_i_4898/CO[3]
                         net (fo=1, unplaced)         0.000    11.790    u_mimo_detector_top_seq/u_gs_solver_seq/x_re_reg[0][21]_i_4898_n_0
                         CARRY4 (Prop_carry4_CI_CO[3])
                                                      0.117    11.907 r  u_mimo_detector_top_seq/u_gs_solver_seq/x_re_reg[0][21]_i_4893/CO[3]
                         net (fo=1, unplaced)         0.000    11.907    u_mimo_detector_top_seq/u_gs_solver_seq/x_re_reg[0][21]_i_4893_n_0
                         CARRY4 (Prop_carry4_CI_CO[3])
                                                      0.117    12.024 r  u_mimo_detector_top_seq/u_gs_solver_seq/x_re_reg[0][21]_i_4888/CO[3]
                         net (fo=1, unplaced)         0.000    12.024    u_mimo_detector_top_seq/u_gs_solver_seq/x_re_reg[0][21]_i_4888_n_0
                         CARRY4 (Prop_carry4_CI_CO[3])
                                                      0.117    12.141 r  u_mimo_detector_top_seq/u_gs_solver_seq/x_re_reg[0][21]_i_4885/CO[3]
                         net (fo=1, unplaced)         0.000    12.141    u_mimo_detector_top_seq/u_gs_solver_seq/x_re_reg[0][21]_i_4885_n_0
                         CARRY4 (Prop_carry4_CI_CO[1])
                                                      0.179    12.320 r  u_mimo_detector_top_seq/u_gs_solver_seq/x_re_reg[0][21]_i_4884/CO[1]
                         net (fo=59, unplaced)        0.611    12.931    u_mimo_detector_top_seq/u_gs_solver_seq/x_re[0][21]_i_5033[1]
                         CARRY4 (Prop_carry4_CYINIT_CO[3])
                                                      0.803    13.734 r  u_mimo_detector_top_seq/u_gs_solver_seq/x_re_reg[0][21]_i_4802/CO[3]
                         net (fo=1, unplaced)         0.009    13.743    u_mimo_detector_top_seq/u_gs_solver_seq/x_re_reg[0][21]_i_4802_n_0
                         CARRY4 (Prop_carry4_CI_CO[3])
                                                      0.117    13.860 r  u_mimo_detector_top_seq/u_gs_solver_seq/x_re_reg[0][21]_i_4797/CO[3]
                         net (fo=1, unplaced)         0.000    13.860    u_mimo_detector_top_seq/u_gs_solver_seq/x_re_reg[0][21]_i_4797_n_0
                         CARRY4 (Prop_carry4_CI_CO[3])
                                                      0.117    13.977 r  u_mimo_detector_top_seq/u_gs_solver_seq/x_re_reg[0][21]_i_4792/CO[3]
                         net (fo=1, unplaced)         0.000    13.977    u_mimo_detector_top_seq/u_gs_solver_seq/x_re_reg[0][21]_i_4792_n_0
                         CARRY4 (Prop_carry4_CI_CO[3])
                                                      0.117    14.094 r  u_mimo_detector_top_seq/u_gs_solver_seq/x_re_reg[0][21]_i_4787/CO[3]
                         net (fo=1, unplaced)         0.000    14.094    u_mimo_detector_top_seq/u_gs_solver_seq/x_re_reg[0][21]_i_4787_n_0
                         CARRY4 (Prop_carry4_CI_CO[3])
                                                      0.117    14.211 r  u_mimo_detector_top_seq/u_gs_solver_seq/x_re_reg[0][21]_i_4782/CO[3]
                         net (fo=1, unplaced)         0.000    14.211    u_mimo_detector_top_seq/u_gs_solver_seq/x_re_reg[0][21]_i_4782_n_0
                         CARRY4 (Prop_carry4_CI_CO[3])
                                                      0.117    14.328 r  u_mimo_detector_top_seq/u_gs_solver_seq/x_re_reg[0][21]_i_4777/CO[3]
                         net (fo=1, unplaced)         0.000    14.328    u_mimo_detector_top_seq/u_gs_solver_seq/x_re_reg[0][21]_i_4777_n_0
                         CARRY4 (Prop_carry4_CI_CO[3])
                                                      0.117    14.445 r  u_mimo_detector_top_seq/u_gs_solver_seq/x_re_reg[0][21]_i_4772/CO[3]
                         net (fo=1, unplaced)         0.000    14.445    u_mimo_detector_top_seq/u_gs_solver_seq/x_re_reg[0][21]_i_4772_n_0
                         CARRY4 (Prop_carry4_CI_CO[3])
                                                      0.117    14.562 r  u_mimo_detector_top_seq/u_gs_solver_seq/x_re_reg[0][21]_i_4767/CO[3]
                         net (fo=1, unplaced)         0.000    14.562    u_mimo_detector_top_seq/u_gs_solver_seq/x_re_reg[0][21]_i_4767_n_0
                         CARRY4 (Prop_carry4_CI_CO[3])
                                                      0.117    14.679 r  u_mimo_detector_top_seq/u_gs_solver_seq/x_re_reg[0][21]_i_4762/CO[3]
                         net (fo=1, unplaced)         0.000    14.679    u_mimo_detector_top_seq/u_gs_solver_seq/x_re_reg[0][21]_i_4762_n_0
                         CARRY4 (Prop_carry4_CI_CO[3])
                                                      0.117    14.796 r  u_mimo_detector_top_seq/u_gs_solver_seq/x_re_reg[0][21]_i_4757/CO[3]
                         net (fo=1, unplaced)         0.000    14.796    u_mimo_detector_top_seq/u_gs_solver_seq/x_re_reg[0][21]_i_4757_n_0
                         CARRY4 (Prop_carry4_CI_CO[3])
                                                      0.117    14.913 r  u_mimo_detector_top_seq/u_gs_solver_seq/x_re_reg[0][21]_i_4752/CO[3]
                         net (fo=1, unplaced)         0.000    14.913    u_mimo_detector_top_seq/u_gs_solver_seq/x_re_reg[0][21]_i_4752_n_0
                         CARRY4 (Prop_carry4_CI_CO[3])
                                                      0.117    15.030 r  u_mimo_detector_top_seq/u_gs_solver_seq/x_re_reg[0][21]_i_4747/CO[3]
                         net (fo=1, unplaced)         0.000    15.030    u_mimo_detector_top_seq/u_gs_solver_seq/x_re_reg[0][21]_i_4747_n_0
                         CARRY4 (Prop_carry4_CI_CO[3])
                                                      0.117    15.147 r  u_mimo_detector_top_seq/u_gs_solver_seq/x_re_reg[0][21]_i_4742/CO[3]
                         net (fo=1, unplaced)         0.000    15.147    u_mimo_detector_top_seq/u_gs_solver_seq/x_re_reg[0][21]_i_4742_n_0
                         CARRY4 (Prop_carry4_CI_CO[3])
                                                      0.117    15.264 r  u_mimo_detector_top_seq/u_gs_solver_seq/x_re_reg[0][21]_i_4739/CO[3]
                         net (fo=1, unplaced)         0.000    15.264    u_mimo_detector_top_seq/u_gs_solver_seq/x_re_reg[0][21]_i_4739_n_0
                         CARRY4 (Prop_carry4_CI_CO[1])
                                                      0.179    15.443 r  u_mimo_detector_top_seq/u_gs_solver_seq/x_re_reg[0][21]_i_4738/CO[1]
                         net (fo=59, unplaced)        0.611    16.054    u_mimo_detector_top_seq/u_gs_solver_seq/x_re[0][21]_i_4887[1]
                         CARRY4 (Prop_carry4_CYINIT_CO[3])
                                                      0.803    16.857 r  u_mimo_detector_top_seq/u_gs_solver_seq/x_re_reg[0][21]_i_4656/CO[3]
                         net (fo=1, unplaced)         0.009    16.866    u_mimo_detector_top_seq/u_gs_solver_seq/x_re_reg[0][21]_i_4656_n_0
                         CARRY4 (Prop_carry4_CI_CO[3])
                                                      0.117    16.983 r  u_mimo_detector_top_seq/u_gs_solver_seq/x_re_reg[0][21]_i_4651/CO[3]
                         net (fo=1, unplaced)         0.000    16.983    u_mimo_detector_top_seq/u_gs_solver_seq/x_re_reg[0][21]_i_4651_n_0
                         CARRY4 (Prop_carry4_CI_CO[3])
                                                      0.117    17.100 r  u_mimo_detector_top_seq/u_gs_solver_seq/x_re_reg[0][21]_i_4646/CO[3]
                         net (fo=1, unplaced)         0.000    17.100    u_mimo_detector_top_seq/u_gs_solver_seq/x_re_reg[0][21]_i_4646_n_0
                         CARRY4 (Prop_carry4_CI_CO[3])
                                                      0.117    17.217 r  u_mimo_detector_top_seq/u_gs_solver_seq/x_re_reg[0][21]_i_4641/CO[3]
                         net (fo=1, unplaced)         0.000    17.217    u_mimo_detector_top_seq/u_gs_solver_seq/x_re_reg[0][21]_i_4641_n_0
                         CARRY4 (Prop_carry4_CI_CO[3])
                                                      0.117    17.334 r  u_mimo_detector_top_seq/u_gs_solver_seq/x_re_reg[0][21]_i_4636/CO[3]
                         net (fo=1, unplaced)         0.000    17.334    u_mimo_detector_top_seq/u_gs_solver_seq/x_re_reg[0][21]_i_4636_n_0
                         CARRY4 (Prop_carry4_CI_CO[3])
                                                      0.117    17.451 r  u_mimo_detector_top_seq/u_gs_solver_seq/x_re_reg[0][21]_i_4631/CO[3]
                         net (fo=1, unplaced)         0.000    17.451    u_mimo_detector_top_seq/u_gs_solver_seq/x_re_reg[0][21]_i_4631_n_0
                         CARRY4 (Prop_carry4_CI_CO[3])
                                                      0.117    17.568 r  u_mimo_detector_top_seq/u_gs_solver_seq/x_re_reg[0][21]_i_4626/CO[3]
                         net (fo=1, unplaced)         0.000    17.568    u_mimo_detector_top_seq/u_gs_solver_seq/x_re_reg[0][21]_i_4626_n_0
                         CARRY4 (Prop_carry4_CI_CO[3])
                                                      0.117    17.685 r  u_mimo_detector_top_seq/u_gs_solver_seq/x_re_reg[0][21]_i_4621/CO[3]
                         net (fo=1, unplaced)         0.000    17.685    u_mimo_detector_top_seq/u_gs_solver_seq/x_re_reg[0][21]_i_4621_n_0
                         CARRY4 (Prop_carry4_CI_CO[3])
                                                      0.117    17.802 r  u_mimo_detector_top_seq/u_gs_solver_seq/x_re_reg[0][21]_i_4616/CO[3]
                         net (fo=1, unplaced)         0.000    17.802    u_mimo_detector_top_seq/u_gs_solver_seq/x_re_reg[0][21]_i_4616_n_0
                         CARRY4 (Prop_carry4_CI_CO[3])
                                                      0.117    17.919 r  u_mimo_detector_top_seq/u_gs_solver_seq/x_re_reg[0][21]_i_4611/CO[3]
                         net (fo=1, unplaced)         0.000    17.919    u_mimo_detector_top_seq/u_gs_solver_seq/x_re_reg[0][21]_i_4611_n_0
                         CARRY4 (Prop_carry4_CI_CO[3])
                                                      0.117    18.036 r  u_mimo_detector_top_seq/u_gs_solver_seq/x_re_reg[0][21]_i_4606/CO[3]
                         net (fo=1, unplaced)         0.000    18.036    u_mimo_detector_top_seq/u_gs_solver_seq/x_re_reg[0][21]_i_4606_n_0
                         CARRY4 (Prop_carry4_CI_CO[3])
                                                      0.117    18.153 r  u_mimo_detector_top_seq/u_gs_solver_seq/x_re_reg[0][21]_i_4601/CO[3]
                         net (fo=1, unplaced)         0.000    18.153    u_mimo_detector_top_seq/u_gs_solver_seq/x_re_reg[0][21]_i_4601_n_0
                         CARRY4 (Prop_carry4_CI_CO[3])
                                                      0.117    18.270 r  u_mimo_detector_top_seq/u_gs_solver_seq/x_re_reg[0][21]_i_4596/CO[3]
                         net (fo=1, unplaced)         0.000    18.270    u_mimo_detector_top_seq/u_gs_solver_seq/x_re_reg[0][21]_i_4596_n_0
                         CARRY4 (Prop_carry4_CI_CO[3])
                                                      0.117    18.387 r  u_mimo_detector_top_seq/u_gs_solver_seq/x_re_reg[0][21]_i_4593/CO[3]
                         net (fo=1, unplaced)         0.000    18.387    u_mimo_detector_top_seq/u_gs_solver_seq/x_re_reg[0][21]_i_4593_n_0
                         CARRY4 (Prop_carry4_CI_CO[1])
                                                      0.179    18.566 r  u_mimo_detector_top_seq/u_gs_solver_seq/x_re_reg[0][21]_i_4592/CO[1]
                         net (fo=59, unplaced)        0.611    19.177    u_mimo_detector_top_seq/u_gs_solver_seq/x_re[0][21]_i_4741[1]
                         CARRY4 (Prop_carry4_CYINIT_CO[3])
                                                      0.803    19.980 r  u_mimo_detector_top_seq/u_gs_solver_seq/x_re_reg[0][21]_i_4510/CO[3]
                         net (fo=1, unplaced)         0.009    19.989    u_mimo_detector_top_seq/u_gs_solver_seq/x_re_reg[0][21]_i_4510_n_0
                         CARRY4 (Prop_carry4_CI_CO[3])
                                                      0.117    20.106 r  u_mimo_detector_top_seq/u_gs_solver_seq/x_re_reg[0][21]_i_4505/CO[3]
                         net (fo=1, unplaced)         0.000    20.106    u_mimo_detector_top_seq/u_gs_solver_seq/x_re_reg[0][21]_i_4505_n_0
                         CARRY4 (Prop_carry4_CI_CO[3])
                                                      0.117    20.223 r  u_mimo_detector_top_seq/u_gs_solver_seq/x_re_reg[0][21]_i_4500/CO[3]
                         net (fo=1, unplaced)         0.000    20.223    u_mimo_detector_top_seq/u_gs_solver_seq/x_re_reg[0][21]_i_4500_n_0
                         CARRY4 (Prop_carry4_CI_CO[3])
                                                      0.117    20.340 r  u_mimo_detector_top_seq/u_gs_solver_seq/x_re_reg[0][21]_i_4495/CO[3]
                         net (fo=1, unplaced)         0.000    20.340    u_mimo_detector_top_seq/u_gs_solver_seq/x_re_reg[0][21]_i_4495_n_0
                         CARRY4 (Prop_carry4_CI_CO[3])
                                                      0.117    20.457 r  u_mimo_detector_top_seq/u_gs_solver_seq/x_re_reg[0][21]_i_4490/CO[3]
                         net (fo=1, unplaced)         0.000    20.457    u_mimo_detector_top_seq/u_gs_solver_seq/x_re_reg[0][21]_i_4490_n_0
                         CARRY4 (Prop_carry4_CI_CO[3])
                                                      0.117    20.574 r  u_mimo_detector_top_seq/u_gs_solver_seq/x_re_reg[0][21]_i_4485/CO[3]
                         net (fo=1, unplaced)         0.000    20.574    u_mimo_detector_top_seq/u_gs_solver_seq/x_re_reg[0][21]_i_4485_n_0
                         CARRY4 (Prop_carry4_CI_CO[3])
                                                      0.117    20.691 r  u_mimo_detector_top_seq/u_gs_solver_seq/x_re_reg[0][21]_i_4480/CO[3]
                         net (fo=1, unplaced)         0.000    20.691    u_mimo_detector_top_seq/u_gs_solver_seq/x_re_reg[0][21]_i_4480_n_0
                         CARRY4 (Prop_carry4_CI_CO[3])
                                                      0.117    20.808 r  u_mimo_detector_top_seq/u_gs_solver_seq/x_re_reg[0][21]_i_4475/CO[3]
                         net (fo=1, unplaced)         0.000    20.808    u_mimo_detector_top_seq/u_gs_solver_seq/x_re_reg[0][21]_i_4475_n_0
                         CARRY4 (Prop_carry4_CI_CO[3])
                                                      0.117    20.925 r  u_mimo_detector_top_seq/u_gs_solver_seq/x_re_reg[0][21]_i_4470/CO[3]
                         net (fo=1, unplaced)         0.000    20.925    u_mimo_detector_top_seq/u_gs_solver_seq/x_re_reg[0][21]_i_4470_n_0
                         CARRY4 (Prop_carry4_CI_CO[3])
                                                      0.117    21.042 r  u_mimo_detector_top_seq/u_gs_solver_seq/x_re_reg[0][21]_i_4465/CO[3]
                         net (fo=1, unplaced)         0.000    21.042    u_mimo_detector_top_seq/u_gs_solver_seq/x_re_reg[0][21]_i_4465_n_0
                         CARRY4 (Prop_carry4_CI_CO[3])
                                                      0.117    21.159 r  u_mimo_detector_top_seq/u_gs_solver_seq/x_re_reg[0][21]_i_4460/CO[3]
                         net (fo=1, unplaced)         0.000    21.159    u_mimo_detector_top_seq/u_gs_solver_seq/x_re_reg[0][21]_i_4460_n_0
                         CARRY4 (Prop_carry4_CI_CO[3])
                                                      0.117    21.276 r  u_mimo_detector_top_seq/u_gs_solver_seq/x_re_reg[0][21]_i_4455/CO[3]
                         net (fo=1, unplaced)         0.000    21.276    u_mimo_detector_top_seq/u_gs_solver_seq/x_re_reg[0][21]_i_4455_n_0
                         CARRY4 (Prop_carry4_CI_CO[3])
                                                      0.117    21.393 r  u_mimo_detector_top_seq/u_gs_solver_seq/x_re_reg[0][21]_i_4450/CO[3]
                         net (fo=1, unplaced)         0.000    21.393    u_mimo_detector_top_seq/u_gs_solver_seq/x_re_reg[0][21]_i_4450_n_0
                         CARRY4 (Prop_carry4_CI_CO[3])
                                                      0.117    21.510 r  u_mimo_detector_top_seq/u_gs_solver_seq/x_re_reg[0][21]_i_4447/CO[3]
                         net (fo=1, unplaced)         0.000    21.510    u_mimo_detector_top_seq/u_gs_solver_seq/x_re_reg[0][21]_i_4447_n_0
                         CARRY4 (Prop_carry4_CI_CO[1])
                                                      0.179    21.689 r  u_mimo_detector_top_seq/u_gs_solver_seq/x_re_reg[0][21]_i_4446/CO[1]
                         net (fo=59, unplaced)        0.611    22.300    u_mimo_detector_top_seq/u_gs_solver_seq/x_re[0][21]_i_4595[1]
                         CARRY4 (Prop_carry4_CYINIT_CO[3])
                                                      0.803    23.103 r  u_mimo_detector_top_seq/u_gs_solver_seq/x_re_reg[0][21]_i_4364/CO[3]
                         net (fo=1, unplaced)         0.009    23.112    u_mimo_detector_top_seq/u_gs_solver_seq/x_re_reg[0][21]_i_4364_n_0
                         CARRY4 (Prop_carry4_CI_CO[3])
                                                      0.117    23.229 r  u_mimo_detector_top_seq/u_gs_solver_seq/x_re_reg[0][21]_i_4359/CO[3]
                         net (fo=1, unplaced)         0.000    23.229    u_mimo_detector_top_seq/u_gs_solver_seq/x_re_reg[0][21]_i_4359_n_0
                         CARRY4 (Prop_carry4_CI_CO[3])
                                                      0.117    23.346 r  u_mimo_detector_top_seq/u_gs_solver_seq/x_re_reg[0][21]_i_4354/CO[3]
                         net (fo=1, unplaced)         0.000    23.346    u_mimo_detector_top_seq/u_gs_solver_seq/x_re_reg[0][21]_i_4354_n_0
                         CARRY4 (Prop_carry4_CI_CO[3])
                                                      0.117    23.463 r  u_mimo_detector_top_seq/u_gs_solver_seq/x_re_reg[0][21]_i_4349/CO[3]
                         net (fo=1, unplaced)         0.000    23.463    u_mimo_detector_top_seq/u_gs_solver_seq/x_re_reg[0][21]_i_4349_n_0
                         CARRY4 (Prop_carry4_CI_CO[3])
                                                      0.117    23.580 r  u_mimo_detector_top_seq/u_gs_solver_seq/x_re_reg[0][21]_i_4344/CO[3]
                         net (fo=1, unplaced)         0.000    23.580    u_mimo_detector_top_seq/u_gs_solver_seq/x_re_reg[0][21]_i_4344_n_0
                         CARRY4 (Prop_carry4_CI_CO[3])
                                                      0.117    23.697 r  u_mimo_detector_top_seq/u_gs_solver_seq/x_re_reg[0][21]_i_4339/CO[3]
                         net (fo=1, unplaced)         0.000    23.697    u_mimo_detector_top_seq/u_gs_solver_seq/x_re_reg[0][21]_i_4339_n_0
                         CARRY4 (Prop_carry4_CI_CO[3])
                                                      0.117    23.814 r  u_mimo_detector_top_seq/u_gs_solver_seq/x_re_reg[0][21]_i_4334/CO[3]
                         net (fo=1, unplaced)         0.000    23.814    u_mimo_detector_top_seq/u_gs_solver_seq/x_re_reg[0][21]_i_4334_n_0
                         CARRY4 (Prop_carry4_CI_CO[3])
                                                      0.117    23.931 r  u_mimo_detector_top_seq/u_gs_solver_seq/x_re_reg[0][21]_i_4329/CO[3]
                         net (fo=1, unplaced)         0.000    23.931    u_mimo_detector_top_seq/u_gs_solver_seq/x_re_reg[0][21]_i_4329_n_0
                         CARRY4 (Prop_carry4_CI_CO[3])
                                                      0.117    24.048 r  u_mimo_detector_top_seq/u_gs_solver_seq/x_re_reg[0][21]_i_4324/CO[3]
                         net (fo=1, unplaced)         0.000    24.048    u_mimo_detector_top_seq/u_gs_solver_seq/x_re_reg[0][21]_i_4324_n_0
                         CARRY4 (Prop_carry4_CI_CO[3])
                                                      0.117    24.165 r  u_mimo_detector_top_seq/u_gs_solver_seq/x_re_reg[0][21]_i_4319/CO[3]
                         net (fo=1, unplaced)         0.000    24.165    u_mimo_detector_top_seq/u_gs_solver_seq/x_re_reg[0][21]_i_4319_n_0
                         CARRY4 (Prop_carry4_CI_CO[3])
                                                      0.117    24.282 r  u_mimo_detector_top_seq/u_gs_solver_seq/x_re_reg[0][21]_i_4314/CO[3]
                         net (fo=1, unplaced)         0.000    24.282    u_mimo_detector_top_seq/u_gs_solver_seq/x_re_reg[0][21]_i_4314_n_0
                         CARRY4 (Prop_carry4_CI_CO[3])
                                                      0.117    24.399 r  u_mimo_detector_top_seq/u_gs_solver_seq/x_re_reg[0][21]_i_4309/CO[3]
                         net (fo=1, unplaced)         0.000    24.399    u_mimo_detector_top_seq/u_gs_solver_seq/x_re_reg[0][21]_i_4309_n_0
                         CARRY4 (Prop_carry4_CI_CO[3])
                                                      0.117    24.516 r  u_mimo_detector_top_seq/u_gs_solver_seq/x_re_reg[0][21]_i_4304/CO[3]
                         net (fo=1, unplaced)         0.000    24.516    u_mimo_detector_top_seq/u_gs_solver_seq/x_re_reg[0][21]_i_4304_n_0
                         CARRY4 (Prop_carry4_CI_CO[3])
                                                      0.117    24.633 r  u_mimo_detector_top_seq/u_gs_solver_seq/x_re_reg[0][21]_i_4301/CO[3]
                         net (fo=1, unplaced)         0.000    24.633    u_mimo_detector_top_seq/u_gs_solver_seq/x_re_reg[0][21]_i_4301_n_0
                         CARRY4 (Prop_carry4_CI_CO[1])
                                                      0.179    24.812 r  u_mimo_detector_top_seq/u_gs_solver_seq/x_re_reg[0][21]_i_4300/CO[1]
                         net (fo=59, unplaced)        0.611    25.423    u_mimo_detector_top_seq/u_gs_solver_seq/x_re[0][21]_i_4449[1]
                         CARRY4 (Prop_carry4_CYINIT_CO[3])
                                                      0.803    26.226 r  u_mimo_detector_top_seq/u_gs_solver_seq/x_re_reg[0][21]_i_4218/CO[3]
                         net (fo=1, unplaced)         0.009    26.235    u_mimo_detector_top_seq/u_gs_solver_seq/x_re_reg[0][21]_i_4218_n_0
                         CARRY4 (Prop_carry4_CI_CO[3])
                                                      0.117    26.352 r  u_mimo_detector_top_seq/u_gs_solver_seq/x_re_reg[0][21]_i_4213/CO[3]
                         net (fo=1, unplaced)         0.000    26.352    u_mimo_detector_top_seq/u_gs_solver_seq/x_re_reg[0][21]_i_4213_n_0
                         CARRY4 (Prop_carry4_CI_CO[3])
                                                      0.117    26.469 r  u_mimo_detector_top_seq/u_gs_solver_seq/x_re_reg[0][21]_i_4208/CO[3]
                         net (fo=1, unplaced)         0.000    26.469    u_mimo_detector_top_seq/u_gs_solver_seq/x_re_reg[0][21]_i_4208_n_0
                         CARRY4 (Prop_carry4_CI_CO[3])
                                                      0.117    26.586 r  u_mimo_detector_top_seq/u_gs_solver_seq/x_re_reg[0][21]_i_4203/CO[3]
                         net (fo=1, unplaced)         0.000    26.586    u_mimo_detector_top_seq/u_gs_solver_seq/x_re_reg[0][21]_i_4203_n_0
                         CARRY4 (Prop_carry4_CI_CO[3])
                                                      0.117    26.703 r  u_mimo_detector_top_seq/u_gs_solver_seq/x_re_reg[0][21]_i_4198/CO[3]
                         net (fo=1, unplaced)         0.000    26.703    u_mimo_detector_top_seq/u_gs_solver_seq/x_re_reg[0][21]_i_4198_n_0
                         CARRY4 (Prop_carry4_CI_CO[3])
                                                      0.117    26.820 r  u_mimo_detector_top_seq/u_gs_solver_seq/x_re_reg[0][21]_i_4193/CO[3]
                         net (fo=1, unplaced)         0.000    26.820    u_mimo_detector_top_seq/u_gs_solver_seq/x_re_reg[0][21]_i_4193_n_0
                         CARRY4 (Prop_carry4_CI_CO[3])
                                                      0.117    26.937 r  u_mimo_detector_top_seq/u_gs_solver_seq/x_re_reg[0][21]_i_4188/CO[3]
                         net (fo=1, unplaced)         0.000    26.937    u_mimo_detector_top_seq/u_gs_solver_seq/x_re_reg[0][21]_i_4188_n_0
                         CARRY4 (Prop_carry4_CI_CO[3])
                                                      0.117    27.054 r  u_mimo_detector_top_seq/u_gs_solver_seq/x_re_reg[0][21]_i_4183/CO[3]
                         net (fo=1, unplaced)         0.000    27.054    u_mimo_detector_top_seq/u_gs_solver_seq/x_re_reg[0][21]_i_4183_n_0
                         CARRY4 (Prop_carry4_CI_CO[3])
                                                      0.117    27.171 r  u_mimo_detector_top_seq/u_gs_solver_seq/x_re_reg[0][21]_i_4178/CO[3]
                         net (fo=1, unplaced)         0.000    27.171    u_mimo_detector_top_seq/u_gs_solver_seq/x_re_reg[0][21]_i_4178_n_0
                         CARRY4 (Prop_carry4_CI_CO[3])
                                                      0.117    27.288 r  u_mimo_detector_top_seq/u_gs_solver_seq/x_re_reg[0][21]_i_4173/CO[3]
                         net (fo=1, unplaced)         0.000    27.288    u_mimo_detector_top_seq/u_gs_solver_seq/x_re_reg[0][21]_i_4173_n_0
                         CARRY4 (Prop_carry4_CI_CO[3])
                                                      0.117    27.405 r  u_mimo_detector_top_seq/u_gs_solver_seq/x_re_reg[0][21]_i_4168/CO[3]
                         net (fo=1, unplaced)         0.000    27.405    u_mimo_detector_top_seq/u_gs_solver_seq/x_re_reg[0][21]_i_4168_n_0
                         CARRY4 (Prop_carry4_CI_CO[3])
                                                      0.117    27.522 r  u_mimo_detector_top_seq/u_gs_solver_seq/x_re_reg[0][21]_i_4163/CO[3]
                         net (fo=1, unplaced)         0.000    27.522    u_mimo_detector_top_seq/u_gs_solver_seq/x_re_reg[0][21]_i_4163_n_0
                         CARRY4 (Prop_carry4_CI_CO[3])
                                                      0.117    27.639 r  u_mimo_detector_top_seq/u_gs_solver_seq/x_re_reg[0][21]_i_4158/CO[3]
                         net (fo=1, unplaced)         0.000    27.639    u_mimo_detector_top_seq/u_gs_solver_seq/x_re_reg[0][21]_i_4158_n_0
                         CARRY4 (Prop_carry4_CI_CO[3])
                                                      0.117    27.756 r  u_mimo_detector_top_seq/u_gs_solver_seq/x_re_reg[0][21]_i_4155/CO[3]
                         net (fo=1, unplaced)         0.000    27.756    u_mimo_detector_top_seq/u_gs_solver_seq/x_re_reg[0][21]_i_4155_n_0
                         CARRY4 (Prop_carry4_CI_CO[1])
                                                      0.179    27.935 r  u_mimo_detector_top_seq/u_gs_solver_seq/x_re_reg[0][21]_i_4154/CO[1]
                         net (fo=59, unplaced)        0.611    28.546    u_mimo_detector_top_seq/u_gs_solver_seq/x_re[0][21]_i_4303[1]
                         CARRY4 (Prop_carry4_CYINIT_CO[3])
                                                      0.803    29.349 r  u_mimo_detector_top_seq/u_gs_solver_seq/x_re_reg[0][21]_i_4072/CO[3]
                         net (fo=1, unplaced)         0.009    29.358    u_mimo_detector_top_seq/u_gs_solver_seq/x_re_reg[0][21]_i_4072_n_0
                         CARRY4 (Prop_carry4_CI_CO[3])
                                                      0.117    29.475 r  u_mimo_detector_top_seq/u_gs_solver_seq/x_re_reg[0][21]_i_4067/CO[3]
                         net (fo=1, unplaced)         0.000    29.475    u_mimo_detector_top_seq/u_gs_solver_seq/x_re_reg[0][21]_i_4067_n_0
                         CARRY4 (Prop_carry4_CI_CO[3])
                                                      0.117    29.592 r  u_mimo_detector_top_seq/u_gs_solver_seq/x_re_reg[0][21]_i_4062/CO[3]
                         net (fo=1, unplaced)         0.000    29.592    u_mimo_detector_top_seq/u_gs_solver_seq/x_re_reg[0][21]_i_4062_n_0
                         CARRY4 (Prop_carry4_CI_CO[3])
                                                      0.117    29.709 r  u_mimo_detector_top_seq/u_gs_solver_seq/x_re_reg[0][21]_i_4057/CO[3]
                         net (fo=1, unplaced)         0.000    29.709    u_mimo_detector_top_seq/u_gs_solver_seq/x_re_reg[0][21]_i_4057_n_0
                         CARRY4 (Prop_carry4_CI_CO[3])
                                                      0.117    29.826 r  u_mimo_detector_top_seq/u_gs_solver_seq/x_re_reg[0][21]_i_4052/CO[3]
                         net (fo=1, unplaced)         0.000    29.826    u_mimo_detector_top_seq/u_gs_solver_seq/x_re_reg[0][21]_i_4052_n_0
                         CARRY4 (Prop_carry4_CI_CO[3])
                                                      0.117    29.943 r  u_mimo_detector_top_seq/u_gs_solver_seq/x_re_reg[0][21]_i_4047/CO[3]
                         net (fo=1, unplaced)         0.000    29.943    u_mimo_detector_top_seq/u_gs_solver_seq/x_re_reg[0][21]_i_4047_n_0
                         CARRY4 (Prop_carry4_CI_CO[3])
                                                      0.117    30.060 r  u_mimo_detector_top_seq/u_gs_solver_seq/x_re_reg[0][21]_i_4042/CO[3]
                         net (fo=1, unplaced)         0.000    30.060    u_mimo_detector_top_seq/u_gs_solver_seq/x_re_reg[0][21]_i_4042_n_0
                         CARRY4 (Prop_carry4_CI_CO[3])
                                                      0.117    30.177 r  u_mimo_detector_top_seq/u_gs_solver_seq/x_re_reg[0][21]_i_4037/CO[3]
                         net (fo=1, unplaced)         0.000    30.177    u_mimo_detector_top_seq/u_gs_solver_seq/x_re_reg[0][21]_i_4037_n_0
                         CARRY4 (Prop_carry4_CI_CO[3])
                                                      0.117    30.294 r  u_mimo_detector_top_seq/u_gs_solver_seq/x_re_reg[0][21]_i_4032/CO[3]
                         net (fo=1, unplaced)         0.000    30.294    u_mimo_detector_top_seq/u_gs_solver_seq/x_re_reg[0][21]_i_4032_n_0
                         CARRY4 (Prop_carry4_CI_CO[3])
                                                      0.117    30.411 r  u_mimo_detector_top_seq/u_gs_solver_seq/x_re_reg[0][21]_i_4027/CO[3]
                         net (fo=1, unplaced)         0.000    30.411    u_mimo_detector_top_seq/u_gs_solver_seq/x_re_reg[0][21]_i_4027_n_0
                         CARRY4 (Prop_carry4_CI_CO[3])
                                                      0.117    30.528 r  u_mimo_detector_top_seq/u_gs_solver_seq/x_re_reg[0][21]_i_4022/CO[3]
                         net (fo=1, unplaced)         0.000    30.528    u_mimo_detector_top_seq/u_gs_solver_seq/x_re_reg[0][21]_i_4022_n_0
                         CARRY4 (Prop_carry4_CI_CO[3])
                                                      0.117    30.645 r  u_mimo_detector_top_seq/u_gs_solver_seq/x_re_reg[0][21]_i_4017/CO[3]
                         net (fo=1, unplaced)         0.000    30.645    u_mimo_detector_top_seq/u_gs_solver_seq/x_re_reg[0][21]_i_4017_n_0
                         CARRY4 (Prop_carry4_CI_CO[3])
                                                      0.117    30.762 r  u_mimo_detector_top_seq/u_gs_solver_seq/x_re_reg[0][21]_i_4012/CO[3]
                         net (fo=1, unplaced)         0.000    30.762    u_mimo_detector_top_seq/u_gs_solver_seq/x_re_reg[0][21]_i_4012_n_0
                         CARRY4 (Prop_carry4_CI_CO[3])
                                                      0.117    30.879 r  u_mimo_detector_top_seq/u_gs_solver_seq/x_re_reg[0][21]_i_4009/CO[3]
                         net (fo=1, unplaced)         0.000    30.879    u_mimo_detector_top_seq/u_gs_solver_seq/x_re_reg[0][21]_i_4009_n_0
                         CARRY4 (Prop_carry4_CI_CO[1])
                                                      0.179    31.058 r  u_mimo_detector_top_seq/u_gs_solver_seq/x_re_reg[0][21]_i_4008/CO[1]
                         net (fo=59, unplaced)        0.611    31.669    u_mimo_detector_top_seq/u_gs_solver_seq/x_re[0][21]_i_4157[1]
                         CARRY4 (Prop_carry4_CYINIT_CO[3])
                                                      0.803    32.472 r  u_mimo_detector_top_seq/u_gs_solver_seq/x_re_reg[0][21]_i_3926/CO[3]
                         net (fo=1, unplaced)         0.009    32.481    u_mimo_detector_top_seq/u_gs_solver_seq/x_re_reg[0][21]_i_3926_n_0
                         CARRY4 (Prop_carry4_CI_CO[3])
                                                      0.117    32.598 r  u_mimo_detector_top_seq/u_gs_solver_seq/x_re_reg[0][21]_i_3921/CO[3]
                         net (fo=1, unplaced)         0.000    32.598    u_mimo_detector_top_seq/u_gs_solver_seq/x_re_reg[0][21]_i_3921_n_0
                         CARRY4 (Prop_carry4_CI_CO[3])
                                                      0.117    32.715 r  u_mimo_detector_top_seq/u_gs_solver_seq/x_re_reg[0][21]_i_3916/CO[3]
                         net (fo=1, unplaced)         0.000    32.715    u_mimo_detector_top_seq/u_gs_solver_seq/x_re_reg[0][21]_i_3916_n_0
                         CARRY4 (Prop_carry4_CI_CO[3])
                                                      0.117    32.832 r  u_mimo_detector_top_seq/u_gs_solver_seq/x_re_reg[0][21]_i_3911/CO[3]
                         net (fo=1, unplaced)         0.000    32.832    u_mimo_detector_top_seq/u_gs_solver_seq/x_re_reg[0][21]_i_3911_n_0
                         CARRY4 (Prop_carry4_CI_CO[3])
                                                      0.117    32.949 r  u_mimo_detector_top_seq/u_gs_solver_seq/x_re_reg[0][21]_i_3906/CO[3]
                         net (fo=1, unplaced)         0.000    32.949    u_mimo_detector_top_seq/u_gs_solver_seq/x_re_reg[0][21]_i_3906_n_0
                         CARRY4 (Prop_carry4_CI_CO[3])
                                                      0.117    33.066 r  u_mimo_detector_top_seq/u_gs_solver_seq/x_re_reg[0][21]_i_3901/CO[3]
                         net (fo=1, unplaced)         0.000    33.066    u_mimo_detector_top_seq/u_gs_solver_seq/x_re_reg[0][21]_i_3901_n_0
                         CARRY4 (Prop_carry4_CI_CO[3])
                                                      0.117    33.183 r  u_mimo_detector_top_seq/u_gs_solver_seq/x_re_reg[0][21]_i_3896/CO[3]
                         net (fo=1, unplaced)         0.000    33.183    u_mimo_detector_top_seq/u_gs_solver_seq/x_re_reg[0][21]_i_3896_n_0
                         CARRY4 (Prop_carry4_CI_CO[3])
                                                      0.117    33.300 r  u_mimo_detector_top_seq/u_gs_solver_seq/x_re_reg[0][21]_i_3891/CO[3]
                         net (fo=1, unplaced)         0.000    33.300    u_mimo_detector_top_seq/u_gs_solver_seq/x_re_reg[0][21]_i_3891_n_0
                         CARRY4 (Prop_carry4_CI_CO[3])
                                                      0.117    33.417 r  u_mimo_detector_top_seq/u_gs_solver_seq/x_re_reg[0][21]_i_3886/CO[3]
                         net (fo=1, unplaced)         0.000    33.417    u_mimo_detector_top_seq/u_gs_solver_seq/x_re_reg[0][21]_i_3886_n_0
                         CARRY4 (Prop_carry4_CI_CO[3])
                                                      0.117    33.534 r  u_mimo_detector_top_seq/u_gs_solver_seq/x_re_reg[0][21]_i_3881/CO[3]
                         net (fo=1, unplaced)         0.000    33.534    u_mimo_detector_top_seq/u_gs_solver_seq/x_re_reg[0][21]_i_3881_n_0
                         CARRY4 (Prop_carry4_CI_CO[3])
                                                      0.117    33.651 r  u_mimo_detector_top_seq/u_gs_solver_seq/x_re_reg[0][21]_i_3876/CO[3]
                         net (fo=1, unplaced)         0.000    33.651    u_mimo_detector_top_seq/u_gs_solver_seq/x_re_reg[0][21]_i_3876_n_0
                         CARRY4 (Prop_carry4_CI_CO[3])
                                                      0.117    33.768 r  u_mimo_detector_top_seq/u_gs_solver_seq/x_re_reg[0][21]_i_3871/CO[3]
                         net (fo=1, unplaced)         0.000    33.768    u_mimo_detector_top_seq/u_gs_solver_seq/x_re_reg[0][21]_i_3871_n_0
                         CARRY4 (Prop_carry4_CI_CO[3])
                                                      0.117    33.885 r  u_mimo_detector_top_seq/u_gs_solver_seq/x_re_reg[0][21]_i_3866/CO[3]
                         net (fo=1, unplaced)         0.000    33.885    u_mimo_detector_top_seq/u_gs_solver_seq/x_re_reg[0][21]_i_3866_n_0
                         CARRY4 (Prop_carry4_CI_CO[3])
                                                      0.117    34.002 r  u_mimo_detector_top_seq/u_gs_solver_seq/x_re_reg[0][21]_i_3863/CO[3]
                         net (fo=1, unplaced)         0.000    34.002    u_mimo_detector_top_seq/u_gs_solver_seq/x_re_reg[0][21]_i_3863_n_0
                         CARRY4 (Prop_carry4_CI_CO[1])
                                                      0.179    34.181 r  u_mimo_detector_top_seq/u_gs_solver_seq/x_re_reg[0][21]_i_3862/CO[1]
                         net (fo=59, unplaced)        0.611    34.792    u_mimo_detector_top_seq/u_gs_solver_seq/x_re[0][21]_i_4011[1]
                         CARRY4 (Prop_carry4_CYINIT_CO[3])
                                                      0.803    35.595 r  u_mimo_detector_top_seq/u_gs_solver_seq/x_re_reg[0][21]_i_3780/CO[3]
                         net (fo=1, unplaced)         0.009    35.604    u_mimo_detector_top_seq/u_gs_solver_seq/x_re_reg[0][21]_i_3780_n_0
                         CARRY4 (Prop_carry4_CI_CO[3])
                                                      0.117    35.721 r  u_mimo_detector_top_seq/u_gs_solver_seq/x_re_reg[0][21]_i_3775/CO[3]
                         net (fo=1, unplaced)         0.000    35.721    u_mimo_detector_top_seq/u_gs_solver_seq/x_re_reg[0][21]_i_3775_n_0
                         CARRY4 (Prop_carry4_CI_CO[3])
                                                      0.117    35.838 r  u_mimo_detector_top_seq/u_gs_solver_seq/x_re_reg[0][21]_i_3770/CO[3]
                         net (fo=1, unplaced)         0.000    35.838    u_mimo_detector_top_seq/u_gs_solver_seq/x_re_reg[0][21]_i_3770_n_0
                         CARRY4 (Prop_carry4_CI_CO[3])
                                                      0.117    35.955 r  u_mimo_detector_top_seq/u_gs_solver_seq/x_re_reg[0][21]_i_3765/CO[3]
                         net (fo=1, unplaced)         0.000    35.955    u_mimo_detector_top_seq/u_gs_solver_seq/x_re_reg[0][21]_i_3765_n_0
                         CARRY4 (Prop_carry4_CI_CO[3])
                                                      0.117    36.072 r  u_mimo_detector_top_seq/u_gs_solver_seq/x_re_reg[0][21]_i_3760/CO[3]
                         net (fo=1, unplaced)         0.000    36.072    u_mimo_detector_top_seq/u_gs_solver_seq/x_re_reg[0][21]_i_3760_n_0
                         CARRY4 (Prop_carry4_CI_CO[3])
                                                      0.117    36.189 r  u_mimo_detector_top_seq/u_gs_solver_seq/x_re_reg[0][21]_i_3755/CO[3]
                         net (fo=1, unplaced)         0.000    36.189    u_mimo_detector_top_seq/u_gs_solver_seq/x_re_reg[0][21]_i_3755_n_0
                         CARRY4 (Prop_carry4_CI_CO[3])
                                                      0.117    36.306 r  u_mimo_detector_top_seq/u_gs_solver_seq/x_re_reg[0][21]_i_3750/CO[3]
                         net (fo=1, unplaced)         0.000    36.306    u_mimo_detector_top_seq/u_gs_solver_seq/x_re_reg[0][21]_i_3750_n_0
                         CARRY4 (Prop_carry4_CI_CO[3])
                                                      0.117    36.423 r  u_mimo_detector_top_seq/u_gs_solver_seq/x_re_reg[0][21]_i_3745/CO[3]
                         net (fo=1, unplaced)         0.000    36.423    u_mimo_detector_top_seq/u_gs_solver_seq/x_re_reg[0][21]_i_3745_n_0
                         CARRY4 (Prop_carry4_CI_CO[3])
                                                      0.117    36.540 r  u_mimo_detector_top_seq/u_gs_solver_seq/x_re_reg[0][21]_i_3740/CO[3]
                         net (fo=1, unplaced)         0.000    36.540    u_mimo_detector_top_seq/u_gs_solver_seq/x_re_reg[0][21]_i_3740_n_0
                         CARRY4 (Prop_carry4_CI_CO[3])
                                                      0.117    36.657 r  u_mimo_detector_top_seq/u_gs_solver_seq/x_re_reg[0][21]_i_3735/CO[3]
                         net (fo=1, unplaced)         0.000    36.657    u_mimo_detector_top_seq/u_gs_solver_seq/x_re_reg[0][21]_i_3735_n_0
                         CARRY4 (Prop_carry4_CI_CO[3])
                                                      0.117    36.774 r  u_mimo_detector_top_seq/u_gs_solver_seq/x_re_reg[0][21]_i_3730/CO[3]
                         net (fo=1, unplaced)         0.000    36.774    u_mimo_detector_top_seq/u_gs_solver_seq/x_re_reg[0][21]_i_3730_n_0
                         CARRY4 (Prop_carry4_CI_CO[3])
                                                      0.117    36.891 r  u_mimo_detector_top_seq/u_gs_solver_seq/x_re_reg[0][21]_i_3725/CO[3]
                         net (fo=1, unplaced)         0.000    36.891    u_mimo_detector_top_seq/u_gs_solver_seq/x_re_reg[0][21]_i_3725_n_0
                         CARRY4 (Prop_carry4_CI_CO[3])
                                                      0.117    37.008 r  u_mimo_detector_top_seq/u_gs_solver_seq/x_re_reg[0][21]_i_3720/CO[3]
                         net (fo=1, unplaced)         0.000    37.008    u_mimo_detector_top_seq/u_gs_solver_seq/x_re_reg[0][21]_i_3720_n_0
                         CARRY4 (Prop_carry4_CI_CO[3])
                                                      0.117    37.125 r  u_mimo_detector_top_seq/u_gs_solver_seq/x_re_reg[0][21]_i_3717/CO[3]
                         net (fo=1, unplaced)         0.000    37.125    u_mimo_detector_top_seq/u_gs_solver_seq/x_re_reg[0][21]_i_3717_n_0
                         CARRY4 (Prop_carry4_CI_CO[1])
                                                      0.179    37.304 r  u_mimo_detector_top_seq/u_gs_solver_seq/x_re_reg[0][21]_i_3716/CO[1]
                         net (fo=59, unplaced)        0.611    37.915    u_mimo_detector_top_seq/u_gs_solver_seq/x_re[0][21]_i_3865[1]
                         CARRY4 (Prop_carry4_CYINIT_CO[3])
                                                      0.803    38.718 r  u_mimo_detector_top_seq/u_gs_solver_seq/x_re_reg[0][21]_i_3634/CO[3]
                         net (fo=1, unplaced)         0.009    38.727    u_mimo_detector_top_seq/u_gs_solver_seq/x_re_reg[0][21]_i_3634_n_0
                         CARRY4 (Prop_carry4_CI_CO[3])
                                                      0.117    38.844 r  u_mimo_detector_top_seq/u_gs_solver_seq/x_re_reg[0][21]_i_3629/CO[3]
                         net (fo=1, unplaced)         0.000    38.844    u_mimo_detector_top_seq/u_gs_solver_seq/x_re_reg[0][21]_i_3629_n_0
                         CARRY4 (Prop_carry4_CI_CO[3])
                                                      0.117    38.961 r  u_mimo_detector_top_seq/u_gs_solver_seq/x_re_reg[0][21]_i_3624/CO[3]
                         net (fo=1, unplaced)         0.000    38.961    u_mimo_detector_top_seq/u_gs_solver_seq/x_re_reg[0][21]_i_3624_n_0
                         CARRY4 (Prop_carry4_CI_CO[3])
                                                      0.117    39.078 r  u_mimo_detector_top_seq/u_gs_solver_seq/x_re_reg[0][21]_i_3619/CO[3]
                         net (fo=1, unplaced)         0.000    39.078    u_mimo_detector_top_seq/u_gs_solver_seq/x_re_reg[0][21]_i_3619_n_0
                         CARRY4 (Prop_carry4_CI_CO[3])
                                                      0.117    39.195 r  u_mimo_detector_top_seq/u_gs_solver_seq/x_re_reg[0][21]_i_3614/CO[3]
                         net (fo=1, unplaced)         0.000    39.195    u_mimo_detector_top_seq/u_gs_solver_seq/x_re_reg[0][21]_i_3614_n_0
                         CARRY4 (Prop_carry4_CI_CO[3])
                                                      0.117    39.312 r  u_mimo_detector_top_seq/u_gs_solver_seq/x_re_reg[0][21]_i_3609/CO[3]
                         net (fo=1, unplaced)         0.000    39.312    u_mimo_detector_top_seq/u_gs_solver_seq/x_re_reg[0][21]_i_3609_n_0
                         CARRY4 (Prop_carry4_CI_CO[3])
                                                      0.117    39.429 r  u_mimo_detector_top_seq/u_gs_solver_seq/x_re_reg[0][21]_i_3604/CO[3]
                         net (fo=1, unplaced)         0.000    39.429    u_mimo_detector_top_seq/u_gs_solver_seq/x_re_reg[0][21]_i_3604_n_0
                         CARRY4 (Prop_carry4_CI_CO[3])
                                                      0.117    39.546 r  u_mimo_detector_top_seq/u_gs_solver_seq/x_re_reg[0][21]_i_3599/CO[3]
                         net (fo=1, unplaced)         0.000    39.546    u_mimo_detector_top_seq/u_gs_solver_seq/x_re_reg[0][21]_i_3599_n_0
                         CARRY4 (Prop_carry4_CI_CO[3])
                                                      0.117    39.663 r  u_mimo_detector_top_seq/u_gs_solver_seq/x_re_reg[0][21]_i_3594/CO[3]
                         net (fo=1, unplaced)         0.000    39.663    u_mimo_detector_top_seq/u_gs_solver_seq/x_re_reg[0][21]_i_3594_n_0
                         CARRY4 (Prop_carry4_CI_CO[3])
                                                      0.117    39.780 r  u_mimo_detector_top_seq/u_gs_solver_seq/x_re_reg[0][21]_i_3589/CO[3]
                         net (fo=1, unplaced)         0.000    39.780    u_mimo_detector_top_seq/u_gs_solver_seq/x_re_reg[0][21]_i_3589_n_0
                         CARRY4 (Prop_carry4_CI_CO[3])
                                                      0.117    39.897 r  u_mimo_detector_top_seq/u_gs_solver_seq/x_re_reg[0][21]_i_3584/CO[3]
                         net (fo=1, unplaced)         0.000    39.897    u_mimo_detector_top_seq/u_gs_solver_seq/x_re_reg[0][21]_i_3584_n_0
                         CARRY4 (Prop_carry4_CI_CO[3])
                                                      0.117    40.014 r  u_mimo_detector_top_seq/u_gs_solver_seq/x_re_reg[0][21]_i_3579/CO[3]
                         net (fo=1, unplaced)         0.000    40.014    u_mimo_detector_top_seq/u_gs_solver_seq/x_re_reg[0][21]_i_3579_n_0
                         CARRY4 (Prop_carry4_CI_CO[3])
                                                      0.117    40.131 r  u_mimo_detector_top_seq/u_gs_solver_seq/x_re_reg[0][21]_i_3574/CO[3]
                         net (fo=1, unplaced)         0.000    40.131    u_mimo_detector_top_seq/u_gs_solver_seq/x_re_reg[0][21]_i_3574_n_0
                         CARRY4 (Prop_carry4_CI_CO[3])
                                                      0.117    40.248 r  u_mimo_detector_top_seq/u_gs_solver_seq/x_re_reg[0][21]_i_3571/CO[3]
                         net (fo=1, unplaced)         0.000    40.248    u_mimo_detector_top_seq/u_gs_solver_seq/x_re_reg[0][21]_i_3571_n_0
                         CARRY4 (Prop_carry4_CI_CO[1])
                                                      0.179    40.427 r  u_mimo_detector_top_seq/u_gs_solver_seq/x_re_reg[0][21]_i_3570/CO[1]
                         net (fo=59, unplaced)        0.611    41.038    u_mimo_detector_top_seq/u_gs_solver_seq/x_re[0][21]_i_3719[1]
                         CARRY4 (Prop_carry4_CYINIT_CO[3])
                                                      0.803    41.841 r  u_mimo_detector_top_seq/u_gs_solver_seq/x_re_reg[0][21]_i_3488/CO[3]
                         net (fo=1, unplaced)         0.009    41.850    u_mimo_detector_top_seq/u_gs_solver_seq/x_re_reg[0][21]_i_3488_n_0
                         CARRY4 (Prop_carry4_CI_CO[3])
                                                      0.117    41.967 r  u_mimo_detector_top_seq/u_gs_solver_seq/x_re_reg[0][21]_i_3483/CO[3]
                         net (fo=1, unplaced)         0.000    41.967    u_mimo_detector_top_seq/u_gs_solver_seq/x_re_reg[0][21]_i_3483_n_0
                         CARRY4 (Prop_carry4_CI_CO[3])
                                                      0.117    42.084 r  u_mimo_detector_top_seq/u_gs_solver_seq/x_re_reg[0][21]_i_3478/CO[3]
                         net (fo=1, unplaced)         0.000    42.084    u_mimo_detector_top_seq/u_gs_solver_seq/x_re_reg[0][21]_i_3478_n_0
                         CARRY4 (Prop_carry4_CI_CO[3])
                                                      0.117    42.201 r  u_mimo_detector_top_seq/u_gs_solver_seq/x_re_reg[0][21]_i_3473/CO[3]
                         net (fo=1, unplaced)         0.000    42.201    u_mimo_detector_top_seq/u_gs_solver_seq/x_re_reg[0][21]_i_3473_n_0
                         CARRY4 (Prop_carry4_CI_CO[3])
                                                      0.117    42.318 r  u_mimo_detector_top_seq/u_gs_solver_seq/x_re_reg[0][21]_i_3468/CO[3]
                         net (fo=1, unplaced)         0.000    42.318    u_mimo_detector_top_seq/u_gs_solver_seq/x_re_reg[0][21]_i_3468_n_0
                         CARRY4 (Prop_carry4_CI_CO[3])
                                                      0.117    42.435 r  u_mimo_detector_top_seq/u_gs_solver_seq/x_re_reg[0][21]_i_3463/CO[3]
                         net (fo=1, unplaced)         0.000    42.435    u_mimo_detector_top_seq/u_gs_solver_seq/x_re_reg[0][21]_i_3463_n_0
                         CARRY4 (Prop_carry4_CI_CO[3])
                                                      0.117    42.552 r  u_mimo_detector_top_seq/u_gs_solver_seq/x_re_reg[0][21]_i_3458/CO[3]
                         net (fo=1, unplaced)         0.000    42.552    u_mimo_detector_top_seq/u_gs_solver_seq/x_re_reg[0][21]_i_3458_n_0
                         CARRY4 (Prop_carry4_CI_CO[3])
                                                      0.117    42.669 r  u_mimo_detector_top_seq/u_gs_solver_seq/x_re_reg[0][21]_i_3453/CO[3]
                         net (fo=1, unplaced)         0.000    42.669    u_mimo_detector_top_seq/u_gs_solver_seq/x_re_reg[0][21]_i_3453_n_0
                         CARRY4 (Prop_carry4_CI_CO[3])
                                                      0.117    42.786 r  u_mimo_detector_top_seq/u_gs_solver_seq/x_re_reg[0][21]_i_3448/CO[3]
                         net (fo=1, unplaced)         0.000    42.786    u_mimo_detector_top_seq/u_gs_solver_seq/x_re_reg[0][21]_i_3448_n_0
                         CARRY4 (Prop_carry4_CI_CO[3])
                                                      0.117    42.903 r  u_mimo_detector_top_seq/u_gs_solver_seq/x_re_reg[0][21]_i_3443/CO[3]
                         net (fo=1, unplaced)         0.000    42.903    u_mimo_detector_top_seq/u_gs_solver_seq/x_re_reg[0][21]_i_3443_n_0
                         CARRY4 (Prop_carry4_CI_CO[3])
                                                      0.117    43.020 r  u_mimo_detector_top_seq/u_gs_solver_seq/x_re_reg[0][21]_i_3438/CO[3]
                         net (fo=1, unplaced)         0.000    43.020    u_mimo_detector_top_seq/u_gs_solver_seq/x_re_reg[0][21]_i_3438_n_0
                         CARRY4 (Prop_carry4_CI_CO[3])
                                                      0.117    43.137 r  u_mimo_detector_top_seq/u_gs_solver_seq/x_re_reg[0][21]_i_3433/CO[3]
                         net (fo=1, unplaced)         0.000    43.137    u_mimo_detector_top_seq/u_gs_solver_seq/x_re_reg[0][21]_i_3433_n_0
                         CARRY4 (Prop_carry4_CI_CO[3])
                                                      0.117    43.254 r  u_mimo_detector_top_seq/u_gs_solver_seq/x_re_reg[0][21]_i_3428/CO[3]
                         net (fo=1, unplaced)         0.000    43.254    u_mimo_detector_top_seq/u_gs_solver_seq/x_re_reg[0][21]_i_3428_n_0
                         CARRY4 (Prop_carry4_CI_CO[3])
                                                      0.117    43.371 r  u_mimo_detector_top_seq/u_gs_solver_seq/x_re_reg[0][21]_i_3425/CO[3]
                         net (fo=1, unplaced)         0.000    43.371    u_mimo_detector_top_seq/u_gs_solver_seq/x_re_reg[0][21]_i_3425_n_0
                         CARRY4 (Prop_carry4_CI_CO[1])
                                                      0.179    43.550 r  u_mimo_detector_top_seq/u_gs_solver_seq/x_re_reg[0][21]_i_3424/CO[1]
                         net (fo=59, unplaced)        0.611    44.161    u_mimo_detector_top_seq/u_gs_solver_seq/x_re[0][21]_i_3573[1]
                         CARRY4 (Prop_carry4_CYINIT_CO[3])
                                                      0.803    44.964 r  u_mimo_detector_top_seq/u_gs_solver_seq/x_re_reg[0][21]_i_3342/CO[3]
                         net (fo=1, unplaced)         0.009    44.973    u_mimo_detector_top_seq/u_gs_solver_seq/x_re_reg[0][21]_i_3342_n_0
                         CARRY4 (Prop_carry4_CI_CO[3])
                                                      0.117    45.090 r  u_mimo_detector_top_seq/u_gs_solver_seq/x_re_reg[0][21]_i_3337/CO[3]
                         net (fo=1, unplaced)         0.000    45.090    u_mimo_detector_top_seq/u_gs_solver_seq/x_re_reg[0][21]_i_3337_n_0
                         CARRY4 (Prop_carry4_CI_CO[3])
                                                      0.117    45.207 r  u_mimo_detector_top_seq/u_gs_solver_seq/x_re_reg[0][21]_i_3332/CO[3]
                         net (fo=1, unplaced)         0.000    45.207    u_mimo_detector_top_seq/u_gs_solver_seq/x_re_reg[0][21]_i_3332_n_0
                         CARRY4 (Prop_carry4_CI_CO[3])
                                                      0.117    45.324 r  u_mimo_detector_top_seq/u_gs_solver_seq/x_re_reg[0][21]_i_3327/CO[3]
                         net (fo=1, unplaced)         0.000    45.324    u_mimo_detector_top_seq/u_gs_solver_seq/x_re_reg[0][21]_i_3327_n_0
                         CARRY4 (Prop_carry4_CI_CO[3])
                                                      0.117    45.441 r  u_mimo_detector_top_seq/u_gs_solver_seq/x_re_reg[0][21]_i_3322/CO[3]
                         net (fo=1, unplaced)         0.000    45.441    u_mimo_detector_top_seq/u_gs_solver_seq/x_re_reg[0][21]_i_3322_n_0
                         CARRY4 (Prop_carry4_CI_CO[3])
                                                      0.117    45.558 r  u_mimo_detector_top_seq/u_gs_solver_seq/x_re_reg[0][21]_i_3317/CO[3]
                         net (fo=1, unplaced)         0.000    45.558    u_mimo_detector_top_seq/u_gs_solver_seq/x_re_reg[0][21]_i_3317_n_0
                         CARRY4 (Prop_carry4_CI_CO[3])
                                                      0.117    45.675 r  u_mimo_detector_top_seq/u_gs_solver_seq/x_re_reg[0][21]_i_3312/CO[3]
                         net (fo=1, unplaced)         0.000    45.675    u_mimo_detector_top_seq/u_gs_solver_seq/x_re_reg[0][21]_i_3312_n_0
                         CARRY4 (Prop_carry4_CI_CO[3])
                                                      0.117    45.792 r  u_mimo_detector_top_seq/u_gs_solver_seq/x_re_reg[0][21]_i_3307/CO[3]
                         net (fo=1, unplaced)         0.000    45.792    u_mimo_detector_top_seq/u_gs_solver_seq/x_re_reg[0][21]_i_3307_n_0
                         CARRY4 (Prop_carry4_CI_CO[3])
                                                      0.117    45.909 r  u_mimo_detector_top_seq/u_gs_solver_seq/x_re_reg[0][21]_i_3302/CO[3]
                         net (fo=1, unplaced)         0.000    45.909    u_mimo_detector_top_seq/u_gs_solver_seq/x_re_reg[0][21]_i_3302_n_0
                         CARRY4 (Prop_carry4_CI_CO[3])
                                                      0.117    46.026 r  u_mimo_detector_top_seq/u_gs_solver_seq/x_re_reg[0][21]_i_3297/CO[3]
                         net (fo=1, unplaced)         0.000    46.026    u_mimo_detector_top_seq/u_gs_solver_seq/x_re_reg[0][21]_i_3297_n_0
                         CARRY4 (Prop_carry4_CI_CO[3])
                                                      0.117    46.143 r  u_mimo_detector_top_seq/u_gs_solver_seq/x_re_reg[0][21]_i_3292/CO[3]
                         net (fo=1, unplaced)         0.000    46.143    u_mimo_detector_top_seq/u_gs_solver_seq/x_re_reg[0][21]_i_3292_n_0
                         CARRY4 (Prop_carry4_CI_CO[3])
                                                      0.117    46.260 r  u_mimo_detector_top_seq/u_gs_solver_seq/x_re_reg[0][21]_i_3287/CO[3]
                         net (fo=1, unplaced)         0.000    46.260    u_mimo_detector_top_seq/u_gs_solver_seq/x_re_reg[0][21]_i_3287_n_0
                         CARRY4 (Prop_carry4_CI_CO[3])
                                                      0.117    46.377 r  u_mimo_detector_top_seq/u_gs_solver_seq/x_re_reg[0][21]_i_3282/CO[3]
                         net (fo=1, unplaced)         0.000    46.377    u_mimo_detector_top_seq/u_gs_solver_seq/x_re_reg[0][21]_i_3282_n_0
                         CARRY4 (Prop_carry4_CI_CO[3])
                                                      0.117    46.494 r  u_mimo_detector_top_seq/u_gs_solver_seq/x_re_reg[0][21]_i_3279/CO[3]
                         net (fo=1, unplaced)         0.000    46.494    u_mimo_detector_top_seq/u_gs_solver_seq/x_re_reg[0][21]_i_3279_n_0
                         CARRY4 (Prop_carry4_CI_CO[1])
                                                      0.179    46.673 r  u_mimo_detector_top_seq/u_gs_solver_seq/x_re_reg[0][21]_i_3278/CO[1]
                         net (fo=59, unplaced)        0.611    47.284    u_mimo_detector_top_seq/u_gs_solver_seq/x_re[0][21]_i_3427[1]
                         CARRY4 (Prop_carry4_CYINIT_CO[3])
                                                      0.803    48.087 r  u_mimo_detector_top_seq/u_gs_solver_seq/x_re_reg[0][21]_i_3195/CO[3]
                         net (fo=1, unplaced)         0.009    48.096    u_mimo_detector_top_seq/u_gs_solver_seq/x_re_reg[0][21]_i_3195_n_0
                         CARRY4 (Prop_carry4_CI_CO[3])
                                                      0.117    48.213 r  u_mimo_detector_top_seq/u_gs_solver_seq/x_re_reg[0][21]_i_3190/CO[3]
                         net (fo=1, unplaced)         0.000    48.213    u_mimo_detector_top_seq/u_gs_solver_seq/x_re_reg[0][21]_i_3190_n_0
                         CARRY4 (Prop_carry4_CI_CO[3])
                                                      0.117    48.330 r  u_mimo_detector_top_seq/u_gs_solver_seq/x_re_reg[0][21]_i_3185/CO[3]
                         net (fo=1, unplaced)         0.000    48.330    u_mimo_detector_top_seq/u_gs_solver_seq/x_re_reg[0][21]_i_3185_n_0
                         CARRY4 (Prop_carry4_CI_CO[3])
                                                      0.117    48.447 r  u_mimo_detector_top_seq/u_gs_solver_seq/x_re_reg[0][21]_i_3180/CO[3]
                         net (fo=1, unplaced)         0.000    48.447    u_mimo_detector_top_seq/u_gs_solver_seq/x_re_reg[0][21]_i_3180_n_0
                         CARRY4 (Prop_carry4_CI_CO[3])
                                                      0.117    48.564 r  u_mimo_detector_top_seq/u_gs_solver_seq/x_re_reg[0][21]_i_3175/CO[3]
                         net (fo=1, unplaced)         0.000    48.564    u_mimo_detector_top_seq/u_gs_solver_seq/x_re_reg[0][21]_i_3175_n_0
                         CARRY4 (Prop_carry4_CI_CO[3])
                                                      0.117    48.681 r  u_mimo_detector_top_seq/u_gs_solver_seq/x_re_reg[0][21]_i_3170/CO[3]
                         net (fo=1, unplaced)         0.000    48.681    u_mimo_detector_top_seq/u_gs_solver_seq/x_re_reg[0][21]_i_3170_n_0
                         CARRY4 (Prop_carry4_CI_CO[3])
                                                      0.117    48.798 r  u_mimo_detector_top_seq/u_gs_solver_seq/x_re_reg[0][21]_i_3165/CO[3]
                         net (fo=1, unplaced)         0.000    48.798    u_mimo_detector_top_seq/u_gs_solver_seq/x_re_reg[0][21]_i_3165_n_0
                         CARRY4 (Prop_carry4_CI_CO[3])
                                                      0.117    48.915 r  u_mimo_detector_top_seq/u_gs_solver_seq/x_re_reg[0][21]_i_3160/CO[3]
                         net (fo=1, unplaced)         0.000    48.915    u_mimo_detector_top_seq/u_gs_solver_seq/x_re_reg[0][21]_i_3160_n_0
                         CARRY4 (Prop_carry4_CI_CO[3])
                                                      0.117    49.032 r  u_mimo_detector_top_seq/u_gs_solver_seq/x_re_reg[0][21]_i_3155/CO[3]
                         net (fo=1, unplaced)         0.000    49.032    u_mimo_detector_top_seq/u_gs_solver_seq/x_re_reg[0][21]_i_3155_n_0
                         CARRY4 (Prop_carry4_CI_CO[3])
                                                      0.117    49.149 r  u_mimo_detector_top_seq/u_gs_solver_seq/x_re_reg[0][21]_i_3150/CO[3]
                         net (fo=1, unplaced)         0.000    49.149    u_mimo_detector_top_seq/u_gs_solver_seq/x_re_reg[0][21]_i_3150_n_0
                         CARRY4 (Prop_carry4_CI_CO[3])
                                                      0.117    49.266 r  u_mimo_detector_top_seq/u_gs_solver_seq/x_re_reg[0][21]_i_3145/CO[3]
                         net (fo=1, unplaced)         0.000    49.266    u_mimo_detector_top_seq/u_gs_solver_seq/x_re_reg[0][21]_i_3145_n_0
                         CARRY4 (Prop_carry4_CI_CO[3])
                                                      0.117    49.383 r  u_mimo_detector_top_seq/u_gs_solver_seq/x_re_reg[0][21]_i_3140/CO[3]
                         net (fo=1, unplaced)         0.000    49.383    u_mimo_detector_top_seq/u_gs_solver_seq/x_re_reg[0][21]_i_3140_n_0
                         CARRY4 (Prop_carry4_CI_CO[3])
                                                      0.117    49.500 r  u_mimo_detector_top_seq/u_gs_solver_seq/x_re_reg[0][21]_i_3135/CO[3]
                         net (fo=1, unplaced)         0.000    49.500    u_mimo_detector_top_seq/u_gs_solver_seq/x_re_reg[0][21]_i_3135_n_0
                         CARRY4 (Prop_carry4_CI_CO[3])
                                                      0.117    49.617 r  u_mimo_detector_top_seq/u_gs_solver_seq/x_re_reg[0][21]_i_3132/CO[3]
                         net (fo=1, unplaced)         0.000    49.617    u_mimo_detector_top_seq/u_gs_solver_seq/x_re_reg[0][21]_i_3132_n_0
                         CARRY4 (Prop_carry4_CI_CO[1])
                                                      0.179    49.796 r  u_mimo_detector_top_seq/u_gs_solver_seq/x_re_reg[0][21]_i_3131/CO[1]
                         net (fo=59, unplaced)        0.611    50.407    u_mimo_detector_top_seq/u_gs_solver_seq/x_re[0][21]_i_3281[1]
                         CARRY4 (Prop_carry4_CYINIT_CO[3])
                                                      0.803    51.210 r  u_mimo_detector_top_seq/u_gs_solver_seq/x_re_reg[0][21]_i_3048/CO[3]
                         net (fo=1, unplaced)         0.009    51.219    u_mimo_detector_top_seq/u_gs_solver_seq/x_re_reg[0][21]_i_3048_n_0
                         CARRY4 (Prop_carry4_CI_CO[3])
                                                      0.117    51.336 r  u_mimo_detector_top_seq/u_gs_solver_seq/x_re_reg[0][21]_i_3043/CO[3]
                         net (fo=1, unplaced)         0.000    51.336    u_mimo_detector_top_seq/u_gs_solver_seq/x_re_reg[0][21]_i_3043_n_0
                         CARRY4 (Prop_carry4_CI_CO[3])
                                                      0.117    51.453 r  u_mimo_detector_top_seq/u_gs_solver_seq/x_re_reg[0][21]_i_3038/CO[3]
                         net (fo=1, unplaced)         0.000    51.453    u_mimo_detector_top_seq/u_gs_solver_seq/x_re_reg[0][21]_i_3038_n_0
                         CARRY4 (Prop_carry4_CI_CO[3])
                                                      0.117    51.570 r  u_mimo_detector_top_seq/u_gs_solver_seq/x_re_reg[0][21]_i_3033/CO[3]
                         net (fo=1, unplaced)         0.000    51.570    u_mimo_detector_top_seq/u_gs_solver_seq/x_re_reg[0][21]_i_3033_n_0
                         CARRY4 (Prop_carry4_CI_CO[3])
                                                      0.117    51.687 r  u_mimo_detector_top_seq/u_gs_solver_seq/x_re_reg[0][21]_i_3028/CO[3]
                         net (fo=1, unplaced)         0.000    51.687    u_mimo_detector_top_seq/u_gs_solver_seq/x_re_reg[0][21]_i_3028_n_0
                         CARRY4 (Prop_carry4_CI_CO[3])
                                                      0.117    51.804 r  u_mimo_detector_top_seq/u_gs_solver_seq/x_re_reg[0][21]_i_3023/CO[3]
                         net (fo=1, unplaced)         0.000    51.804    u_mimo_detector_top_seq/u_gs_solver_seq/x_re_reg[0][21]_i_3023_n_0
                         CARRY4 (Prop_carry4_CI_CO[3])
                                                      0.117    51.921 r  u_mimo_detector_top_seq/u_gs_solver_seq/x_re_reg[0][21]_i_3018/CO[3]
                         net (fo=1, unplaced)         0.000    51.921    u_mimo_detector_top_seq/u_gs_solver_seq/x_re_reg[0][21]_i_3018_n_0
                         CARRY4 (Prop_carry4_CI_CO[3])
                                                      0.117    52.038 r  u_mimo_detector_top_seq/u_gs_solver_seq/x_re_reg[0][21]_i_3013/CO[3]
                         net (fo=1, unplaced)         0.000    52.038    u_mimo_detector_top_seq/u_gs_solver_seq/x_re_reg[0][21]_i_3013_n_0
                         CARRY4 (Prop_carry4_CI_CO[3])
                                                      0.117    52.155 r  u_mimo_detector_top_seq/u_gs_solver_seq/x_re_reg[0][21]_i_3008/CO[3]
                         net (fo=1, unplaced)         0.000    52.155    u_mimo_detector_top_seq/u_gs_solver_seq/x_re_reg[0][21]_i_3008_n_0
                         CARRY4 (Prop_carry4_CI_CO[3])
                                                      0.117    52.272 r  u_mimo_detector_top_seq/u_gs_solver_seq/x_re_reg[0][21]_i_3003/CO[3]
                         net (fo=1, unplaced)         0.000    52.272    u_mimo_detector_top_seq/u_gs_solver_seq/x_re_reg[0][21]_i_3003_n_0
                         CARRY4 (Prop_carry4_CI_CO[3])
                                                      0.117    52.389 r  u_mimo_detector_top_seq/u_gs_solver_seq/x_re_reg[0][21]_i_2998/CO[3]
                         net (fo=1, unplaced)         0.000    52.389    u_mimo_detector_top_seq/u_gs_solver_seq/x_re_reg[0][21]_i_2998_n_0
                         CARRY4 (Prop_carry4_CI_CO[3])
                                                      0.117    52.506 r  u_mimo_detector_top_seq/u_gs_solver_seq/x_re_reg[0][21]_i_2993/CO[3]
                         net (fo=1, unplaced)         0.000    52.506    u_mimo_detector_top_seq/u_gs_solver_seq/x_re_reg[0][21]_i_2993_n_0
                         CARRY4 (Prop_carry4_CI_CO[3])
                                                      0.117    52.623 r  u_mimo_detector_top_seq/u_gs_solver_seq/x_re_reg[0][21]_i_2988/CO[3]
                         net (fo=1, unplaced)         0.000    52.623    u_mimo_detector_top_seq/u_gs_solver_seq/x_re_reg[0][21]_i_2988_n_0
                         CARRY4 (Prop_carry4_CI_CO[3])
                                                      0.117    52.740 r  u_mimo_detector_top_seq/u_gs_solver_seq/x_re_reg[0][21]_i_2985/CO[3]
                         net (fo=1, unplaced)         0.000    52.740    u_mimo_detector_top_seq/u_gs_solver_seq/x_re_reg[0][21]_i_2985_n_0
                         CARRY4 (Prop_carry4_CI_CO[1])
                                                      0.179    52.919 r  u_mimo_detector_top_seq/u_gs_solver_seq/x_re_reg[0][21]_i_2984/CO[1]
                         net (fo=59, unplaced)        0.611    53.530    u_mimo_detector_top_seq/u_gs_solver_seq/x_re[0][21]_i_3134[1]
                         CARRY4 (Prop_carry4_CYINIT_CO[3])
                                                      0.803    54.333 r  u_mimo_detector_top_seq/u_gs_solver_seq/x_re_reg[0][21]_i_2902/CO[3]
                         net (fo=1, unplaced)         0.009    54.342    u_mimo_detector_top_seq/u_gs_solver_seq/x_re_reg[0][21]_i_2902_n_0
                         CARRY4 (Prop_carry4_CI_CO[3])
                                                      0.117    54.459 r  u_mimo_detector_top_seq/u_gs_solver_seq/x_re_reg[0][21]_i_2897/CO[3]
                         net (fo=1, unplaced)         0.000    54.459    u_mimo_detector_top_seq/u_gs_solver_seq/x_re_reg[0][21]_i_2897_n_0
                         CARRY4 (Prop_carry4_CI_CO[3])
                                                      0.117    54.576 r  u_mimo_detector_top_seq/u_gs_solver_seq/x_re_reg[0][21]_i_2892/CO[3]
                         net (fo=1, unplaced)         0.000    54.576    u_mimo_detector_top_seq/u_gs_solver_seq/x_re_reg[0][21]_i_2892_n_0
                         CARRY4 (Prop_carry4_CI_CO[3])
                                                      0.117    54.693 r  u_mimo_detector_top_seq/u_gs_solver_seq/x_re_reg[0][21]_i_2887/CO[3]
                         net (fo=1, unplaced)         0.000    54.693    u_mimo_detector_top_seq/u_gs_solver_seq/x_re_reg[0][21]_i_2887_n_0
                         CARRY4 (Prop_carry4_CI_CO[3])
                                                      0.117    54.810 r  u_mimo_detector_top_seq/u_gs_solver_seq/x_re_reg[0][21]_i_2882/CO[3]
                         net (fo=1, unplaced)         0.000    54.810    u_mimo_detector_top_seq/u_gs_solver_seq/x_re_reg[0][21]_i_2882_n_0
                         CARRY4 (Prop_carry4_CI_CO[3])
                                                      0.117    54.927 r  u_mimo_detector_top_seq/u_gs_solver_seq/x_re_reg[0][21]_i_2877/CO[3]
                         net (fo=1, unplaced)         0.000    54.927    u_mimo_detector_top_seq/u_gs_solver_seq/x_re_reg[0][21]_i_2877_n_0
                         CARRY4 (Prop_carry4_CI_CO[3])
                                                      0.117    55.044 r  u_mimo_detector_top_seq/u_gs_solver_seq/x_re_reg[0][21]_i_2872/CO[3]
                         net (fo=1, unplaced)         0.000    55.044    u_mimo_detector_top_seq/u_gs_solver_seq/x_re_reg[0][21]_i_2872_n_0
                         CARRY4 (Prop_carry4_CI_CO[3])
                                                      0.117    55.161 r  u_mimo_detector_top_seq/u_gs_solver_seq/x_re_reg[0][21]_i_2867/CO[3]
                         net (fo=1, unplaced)         0.000    55.161    u_mimo_detector_top_seq/u_gs_solver_seq/x_re_reg[0][21]_i_2867_n_0
                         CARRY4 (Prop_carry4_CI_CO[3])
                                                      0.117    55.278 r  u_mimo_detector_top_seq/u_gs_solver_seq/x_re_reg[0][21]_i_2862/CO[3]
                         net (fo=1, unplaced)         0.000    55.278    u_mimo_detector_top_seq/u_gs_solver_seq/x_re_reg[0][21]_i_2862_n_0
                         CARRY4 (Prop_carry4_CI_CO[3])
                                                      0.117    55.395 r  u_mimo_detector_top_seq/u_gs_solver_seq/x_re_reg[0][21]_i_2857/CO[3]
                         net (fo=1, unplaced)         0.000    55.395    u_mimo_detector_top_seq/u_gs_solver_seq/x_re_reg[0][21]_i_2857_n_0
                         CARRY4 (Prop_carry4_CI_CO[3])
                                                      0.117    55.512 r  u_mimo_detector_top_seq/u_gs_solver_seq/x_re_reg[0][21]_i_2852/CO[3]
                         net (fo=1, unplaced)         0.000    55.512    u_mimo_detector_top_seq/u_gs_solver_seq/x_re_reg[0][21]_i_2852_n_0
                         CARRY4 (Prop_carry4_CI_CO[3])
                                                      0.117    55.629 r  u_mimo_detector_top_seq/u_gs_solver_seq/x_re_reg[0][21]_i_2847/CO[3]
                         net (fo=1, unplaced)         0.000    55.629    u_mimo_detector_top_seq/u_gs_solver_seq/x_re_reg[0][21]_i_2847_n_0
                         CARRY4 (Prop_carry4_CI_CO[3])
                                                      0.117    55.746 r  u_mimo_detector_top_seq/u_gs_solver_seq/x_re_reg[0][21]_i_2842/CO[3]
                         net (fo=1, unplaced)         0.000    55.746    u_mimo_detector_top_seq/u_gs_solver_seq/x_re_reg[0][21]_i_2842_n_0
                         CARRY4 (Prop_carry4_CI_CO[3])
                                                      0.117    55.863 r  u_mimo_detector_top_seq/u_gs_solver_seq/x_re_reg[0][21]_i_2839/CO[3]
                         net (fo=1, unplaced)         0.000    55.863    u_mimo_detector_top_seq/u_gs_solver_seq/x_re_reg[0][21]_i_2839_n_0
                         CARRY4 (Prop_carry4_CI_CO[1])
                                                      0.179    56.042 r  u_mimo_detector_top_seq/u_gs_solver_seq/x_re_reg[0][21]_i_2838/CO[1]
                         net (fo=59, unplaced)        0.611    56.653    u_mimo_detector_top_seq/u_gs_solver_seq/x_re[0][21]_i_2987[1]
                         CARRY4 (Prop_carry4_CYINIT_CO[3])
                                                      0.803    57.456 r  u_mimo_detector_top_seq/u_gs_solver_seq/x_re_reg[0][21]_i_2756/CO[3]
                         net (fo=1, unplaced)         0.009    57.465    u_mimo_detector_top_seq/u_gs_solver_seq/x_re_reg[0][21]_i_2756_n_0
                         CARRY4 (Prop_carry4_CI_CO[3])
                                                      0.117    57.582 r  u_mimo_detector_top_seq/u_gs_solver_seq/x_re_reg[0][21]_i_2751/CO[3]
                         net (fo=1, unplaced)         0.000    57.582    u_mimo_detector_top_seq/u_gs_solver_seq/x_re_reg[0][21]_i_2751_n_0
                         CARRY4 (Prop_carry4_CI_CO[3])
                                                      0.117    57.699 r  u_mimo_detector_top_seq/u_gs_solver_seq/x_re_reg[0][21]_i_2746/CO[3]
                         net (fo=1, unplaced)         0.000    57.699    u_mimo_detector_top_seq/u_gs_solver_seq/x_re_reg[0][21]_i_2746_n_0
                         CARRY4 (Prop_carry4_CI_CO[3])
                                                      0.117    57.816 r  u_mimo_detector_top_seq/u_gs_solver_seq/x_re_reg[0][21]_i_2741/CO[3]
                         net (fo=1, unplaced)         0.000    57.816    u_mimo_detector_top_seq/u_gs_solver_seq/x_re_reg[0][21]_i_2741_n_0
                         CARRY4 (Prop_carry4_CI_CO[3])
                                                      0.117    57.933 r  u_mimo_detector_top_seq/u_gs_solver_seq/x_re_reg[0][21]_i_2736/CO[3]
                         net (fo=1, unplaced)         0.000    57.933    u_mimo_detector_top_seq/u_gs_solver_seq/x_re_reg[0][21]_i_2736_n_0
                         CARRY4 (Prop_carry4_CI_CO[3])
                                                      0.117    58.050 r  u_mimo_detector_top_seq/u_gs_solver_seq/x_re_reg[0][21]_i_2731/CO[3]
                         net (fo=1, unplaced)         0.000    58.050    u_mimo_detector_top_seq/u_gs_solver_seq/x_re_reg[0][21]_i_2731_n_0
                         CARRY4 (Prop_carry4_CI_CO[3])
                                                      0.117    58.167 r  u_mimo_detector_top_seq/u_gs_solver_seq/x_re_reg[0][21]_i_2726/CO[3]
                         net (fo=1, unplaced)         0.000    58.167    u_mimo_detector_top_seq/u_gs_solver_seq/x_re_reg[0][21]_i_2726_n_0
                         CARRY4 (Prop_carry4_CI_CO[3])
                                                      0.117    58.284 r  u_mimo_detector_top_seq/u_gs_solver_seq/x_re_reg[0][21]_i_2721/CO[3]
                         net (fo=1, unplaced)         0.000    58.284    u_mimo_detector_top_seq/u_gs_solver_seq/x_re_reg[0][21]_i_2721_n_0
                         CARRY4 (Prop_carry4_CI_CO[3])
                                                      0.117    58.401 r  u_mimo_detector_top_seq/u_gs_solver_seq/x_re_reg[0][21]_i_2716/CO[3]
                         net (fo=1, unplaced)         0.000    58.401    u_mimo_detector_top_seq/u_gs_solver_seq/x_re_reg[0][21]_i_2716_n_0
                         CARRY4 (Prop_carry4_CI_CO[3])
                                                      0.117    58.518 r  u_mimo_detector_top_seq/u_gs_solver_seq/x_re_reg[0][21]_i_2711/CO[3]
                         net (fo=1, unplaced)         0.000    58.518    u_mimo_detector_top_seq/u_gs_solver_seq/x_re_reg[0][21]_i_2711_n_0
                         CARRY4 (Prop_carry4_CI_CO[3])
                                                      0.117    58.635 r  u_mimo_detector_top_seq/u_gs_solver_seq/x_re_reg[0][21]_i_2706/CO[3]
                         net (fo=1, unplaced)         0.000    58.635    u_mimo_detector_top_seq/u_gs_solver_seq/x_re_reg[0][21]_i_2706_n_0
                         CARRY4 (Prop_carry4_CI_CO[3])
                                                      0.117    58.752 r  u_mimo_detector_top_seq/u_gs_solver_seq/x_re_reg[0][21]_i_2701/CO[3]
                         net (fo=1, unplaced)         0.000    58.752    u_mimo_detector_top_seq/u_gs_solver_seq/x_re_reg[0][21]_i_2701_n_0
                         CARRY4 (Prop_carry4_CI_CO[3])
                                                      0.117    58.869 r  u_mimo_detector_top_seq/u_gs_solver_seq/x_re_reg[0][21]_i_2696/CO[3]
                         net (fo=1, unplaced)         0.000    58.869    u_mimo_detector_top_seq/u_gs_solver_seq/x_re_reg[0][21]_i_2696_n_0
                         CARRY4 (Prop_carry4_CI_CO[3])
                                                      0.117    58.986 r  u_mimo_detector_top_seq/u_gs_solver_seq/x_re_reg[0][21]_i_2693/CO[3]
                         net (fo=1, unplaced)         0.000    58.986    u_mimo_detector_top_seq/u_gs_solver_seq/x_re_reg[0][21]_i_2693_n_0
                         CARRY4 (Prop_carry4_CI_CO[1])
                                                      0.179    59.165 r  u_mimo_detector_top_seq/u_gs_solver_seq/x_re_reg[0][21]_i_2692/CO[1]
                         net (fo=59, unplaced)        0.611    59.776    u_mimo_detector_top_seq/u_gs_solver_seq/x_re[0][21]_i_2841[1]
                         CARRY4 (Prop_carry4_CYINIT_CO[3])
                                                      0.803    60.579 r  u_mimo_detector_top_seq/u_gs_solver_seq/x_re_reg[0][21]_i_2585/CO[3]
                         net (fo=1, unplaced)         0.009    60.588    u_mimo_detector_top_seq/u_gs_solver_seq/x_re_reg[0][21]_i_2585_n_0
                         CARRY4 (Prop_carry4_CI_CO[3])
                                                      0.117    60.705 r  u_mimo_detector_top_seq/u_gs_solver_seq/x_re_reg[0][21]_i_2580/CO[3]
                         net (fo=1, unplaced)         0.000    60.705    u_mimo_detector_top_seq/u_gs_solver_seq/x_re_reg[0][21]_i_2580_n_0
                         CARRY4 (Prop_carry4_CI_CO[3])
                                                      0.117    60.822 r  u_mimo_detector_top_seq/u_gs_solver_seq/x_re_reg[0][21]_i_2575/CO[3]
                         net (fo=1, unplaced)         0.000    60.822    u_mimo_detector_top_seq/u_gs_solver_seq/x_re_reg[0][21]_i_2575_n_0
                         CARRY4 (Prop_carry4_CI_CO[3])
                                                      0.117    60.939 r  u_mimo_detector_top_seq/u_gs_solver_seq/x_re_reg[0][21]_i_2570/CO[3]
                         net (fo=1, unplaced)         0.000    60.939    u_mimo_detector_top_seq/u_gs_solver_seq/x_re_reg[0][21]_i_2570_n_0
                         CARRY4 (Prop_carry4_CI_CO[3])
                                                      0.117    61.056 r  u_mimo_detector_top_seq/u_gs_solver_seq/x_re_reg[0][21]_i_2565/CO[3]
                         net (fo=1, unplaced)         0.000    61.056    u_mimo_detector_top_seq/u_gs_solver_seq/x_re_reg[0][21]_i_2565_n_0
                         CARRY4 (Prop_carry4_CI_CO[3])
                                                      0.117    61.173 r  u_mimo_detector_top_seq/u_gs_solver_seq/x_re_reg[0][21]_i_2560/CO[3]
                         net (fo=1, unplaced)         0.000    61.173    u_mimo_detector_top_seq/u_gs_solver_seq/x_re_reg[0][21]_i_2560_n_0
                         CARRY4 (Prop_carry4_CI_CO[3])
                                                      0.117    61.290 r  u_mimo_detector_top_seq/u_gs_solver_seq/x_re_reg[0][21]_i_2555/CO[3]
                         net (fo=1, unplaced)         0.000    61.290    u_mimo_detector_top_seq/u_gs_solver_seq/x_re_reg[0][21]_i_2555_n_0
                         CARRY4 (Prop_carry4_CI_CO[3])
                                                      0.117    61.407 r  u_mimo_detector_top_seq/u_gs_solver_seq/x_re_reg[0][21]_i_2550/CO[3]
                         net (fo=1, unplaced)         0.000    61.407    u_mimo_detector_top_seq/u_gs_solver_seq/x_re_reg[0][21]_i_2550_n_0
                         CARRY4 (Prop_carry4_CI_CO[3])
                                                      0.117    61.524 r  u_mimo_detector_top_seq/u_gs_solver_seq/x_re_reg[0][21]_i_2545/CO[3]
                         net (fo=1, unplaced)         0.000    61.524    u_mimo_detector_top_seq/u_gs_solver_seq/x_re_reg[0][21]_i_2545_n_0
                         CARRY4 (Prop_carry4_CI_CO[3])
                                                      0.117    61.641 r  u_mimo_detector_top_seq/u_gs_solver_seq/x_re_reg[0][21]_i_2540/CO[3]
                         net (fo=1, unplaced)         0.000    61.641    u_mimo_detector_top_seq/u_gs_solver_seq/x_re_reg[0][21]_i_2540_n_0
                         CARRY4 (Prop_carry4_CI_CO[3])
                                                      0.117    61.758 r  u_mimo_detector_top_seq/u_gs_solver_seq/x_re_reg[0][21]_i_2535/CO[3]
                         net (fo=1, unplaced)         0.000    61.758    u_mimo_detector_top_seq/u_gs_solver_seq/x_re_reg[0][21]_i_2535_n_0
                         CARRY4 (Prop_carry4_CI_CO[3])
                                                      0.117    61.875 r  u_mimo_detector_top_seq/u_gs_solver_seq/x_re_reg[0][21]_i_2530/CO[3]
                         net (fo=1, unplaced)         0.000    61.875    u_mimo_detector_top_seq/u_gs_solver_seq/x_re_reg[0][21]_i_2530_n_0
                         CARRY4 (Prop_carry4_CI_CO[3])
                                                      0.117    61.992 r  u_mimo_detector_top_seq/u_gs_solver_seq/x_re_reg[0][21]_i_2525/CO[3]
                         net (fo=1, unplaced)         0.000    61.992    u_mimo_detector_top_seq/u_gs_solver_seq/x_re_reg[0][21]_i_2525_n_0
                         CARRY4 (Prop_carry4_CI_CO[3])
                                                      0.117    62.109 r  u_mimo_detector_top_seq/u_gs_solver_seq/x_re_reg[0][21]_i_2522/CO[3]
                         net (fo=1, unplaced)         0.000    62.109    u_mimo_detector_top_seq/u_gs_solver_seq/x_re_reg[0][21]_i_2522_n_0
                         CARRY4 (Prop_carry4_CI_CO[1])
                                                      0.179    62.288 r  u_mimo_detector_top_seq/u_gs_solver_seq/x_re_reg[0][21]_i_2521/CO[1]
                         net (fo=59, unplaced)        0.611    62.899    u_mimo_detector_top_seq/u_gs_solver_seq/x_re[0][21]_i_2695[1]
                         CARRY4 (Prop_carry4_CYINIT_CO[3])
                                                      0.803    63.702 r  u_mimo_detector_top_seq/u_gs_solver_seq/x_re_reg[0][21]_i_2416/CO[3]
                         net (fo=1, unplaced)         0.009    63.711    u_mimo_detector_top_seq/u_gs_solver_seq/x_re_reg[0][21]_i_2416_n_0
                         CARRY4 (Prop_carry4_CI_CO[3])
                                                      0.117    63.828 r  u_mimo_detector_top_seq/u_gs_solver_seq/x_re_reg[0][21]_i_2411/CO[3]
                         net (fo=1, unplaced)         0.000    63.828    u_mimo_detector_top_seq/u_gs_solver_seq/x_re_reg[0][21]_i_2411_n_0
                         CARRY4 (Prop_carry4_CI_CO[3])
                                                      0.117    63.945 r  u_mimo_detector_top_seq/u_gs_solver_seq/x_re_reg[0][21]_i_2406/CO[3]
                         net (fo=1, unplaced)         0.000    63.945    u_mimo_detector_top_seq/u_gs_solver_seq/x_re_reg[0][21]_i_2406_n_0
                         CARRY4 (Prop_carry4_CI_CO[3])
                                                      0.117    64.062 r  u_mimo_detector_top_seq/u_gs_solver_seq/x_re_reg[0][21]_i_2401/CO[3]
                         net (fo=1, unplaced)         0.000    64.062    u_mimo_detector_top_seq/u_gs_solver_seq/x_re_reg[0][21]_i_2401_n_0
                         CARRY4 (Prop_carry4_CI_CO[3])
                                                      0.117    64.179 r  u_mimo_detector_top_seq/u_gs_solver_seq/x_re_reg[0][21]_i_2396/CO[3]
                         net (fo=1, unplaced)         0.000    64.179    u_mimo_detector_top_seq/u_gs_solver_seq/x_re_reg[0][21]_i_2396_n_0
                         CARRY4 (Prop_carry4_CI_CO[3])
                                                      0.117    64.296 r  u_mimo_detector_top_seq/u_gs_solver_seq/x_re_reg[0][21]_i_2391/CO[3]
                         net (fo=1, unplaced)         0.000    64.296    u_mimo_detector_top_seq/u_gs_solver_seq/x_re_reg[0][21]_i_2391_n_0
                         CARRY4 (Prop_carry4_CI_CO[3])
                                                      0.117    64.413 r  u_mimo_detector_top_seq/u_gs_solver_seq/x_re_reg[0][21]_i_2386/CO[3]
                         net (fo=1, unplaced)         0.000    64.413    u_mimo_detector_top_seq/u_gs_solver_seq/x_re_reg[0][21]_i_2386_n_0
                         CARRY4 (Prop_carry4_CI_CO[3])
                                                      0.117    64.530 r  u_mimo_detector_top_seq/u_gs_solver_seq/x_re_reg[0][21]_i_2381/CO[3]
                         net (fo=1, unplaced)         0.000    64.530    u_mimo_detector_top_seq/u_gs_solver_seq/x_re_reg[0][21]_i_2381_n_0
                         CARRY4 (Prop_carry4_CI_CO[3])
                                                      0.117    64.647 r  u_mimo_detector_top_seq/u_gs_solver_seq/x_re_reg[0][21]_i_2376/CO[3]
                         net (fo=1, unplaced)         0.000    64.647    u_mimo_detector_top_seq/u_gs_solver_seq/x_re_reg[0][21]_i_2376_n_0
                         CARRY4 (Prop_carry4_CI_CO[3])
                                                      0.117    64.764 r  u_mimo_detector_top_seq/u_gs_solver_seq/x_re_reg[0][21]_i_2371/CO[3]
                         net (fo=1, unplaced)         0.000    64.764    u_mimo_detector_top_seq/u_gs_solver_seq/x_re_reg[0][21]_i_2371_n_0
                         CARRY4 (Prop_carry4_CI_CO[3])
                                                      0.117    64.881 r  u_mimo_detector_top_seq/u_gs_solver_seq/x_re_reg[0][21]_i_2366/CO[3]
                         net (fo=1, unplaced)         0.000    64.881    u_mimo_detector_top_seq/u_gs_solver_seq/x_re_reg[0][21]_i_2366_n_0
                         CARRY4 (Prop_carry4_CI_CO[3])
                                                      0.117    64.998 r  u_mimo_detector_top_seq/u_gs_solver_seq/x_re_reg[0][21]_i_2361/CO[3]
                         net (fo=1, unplaced)         0.000    64.998    u_mimo_detector_top_seq/u_gs_solver_seq/x_re_reg[0][21]_i_2361_n_0
                         CARRY4 (Prop_carry4_CI_CO[3])
                                                      0.117    65.115 r  u_mimo_detector_top_seq/u_gs_solver_seq/x_re_reg[0][21]_i_2356/CO[3]
                         net (fo=1, unplaced)         0.000    65.115    u_mimo_detector_top_seq/u_gs_solver_seq/x_re_reg[0][21]_i_2356_n_0
                         CARRY4 (Prop_carry4_CI_CO[3])
                                                      0.117    65.232 r  u_mimo_detector_top_seq/u_gs_solver_seq/x_re_reg[0][21]_i_2353/CO[3]
                         net (fo=1, unplaced)         0.000    65.232    u_mimo_detector_top_seq/u_gs_solver_seq/x_re_reg[0][21]_i_2353_n_0
                         CARRY4 (Prop_carry4_CI_CO[1])
                                                      0.179    65.411 r  u_mimo_detector_top_seq/u_gs_solver_seq/x_re_reg[0][21]_i_2352/CO[1]
                         net (fo=59, unplaced)        0.611    66.022    u_mimo_detector_top_seq/u_gs_solver_seq/x_re[0][21]_i_2524[1]
                         CARRY4 (Prop_carry4_CYINIT_CO[3])
                                                      0.803    66.825 r  u_mimo_detector_top_seq/u_gs_solver_seq/x_re_reg[0][21]_i_2209/CO[3]
                         net (fo=1, unplaced)         0.009    66.834    u_mimo_detector_top_seq/u_gs_solver_seq/x_re_reg[0][21]_i_2209_n_0
                         CARRY4 (Prop_carry4_CI_CO[3])
                                                      0.117    66.951 r  u_mimo_detector_top_seq/u_gs_solver_seq/x_re_reg[0][21]_i_2204/CO[3]
                         net (fo=1, unplaced)         0.000    66.951    u_mimo_detector_top_seq/u_gs_solver_seq/x_re_reg[0][21]_i_2204_n_0
                         CARRY4 (Prop_carry4_CI_CO[3])
                                                      0.117    67.068 r  u_mimo_detector_top_seq/u_gs_solver_seq/x_re_reg[0][21]_i_2199/CO[3]
                         net (fo=1, unplaced)         0.000    67.068    u_mimo_detector_top_seq/u_gs_solver_seq/x_re_reg[0][21]_i_2199_n_0
                         CARRY4 (Prop_carry4_CI_CO[3])
                                                      0.117    67.185 r  u_mimo_detector_top_seq/u_gs_solver_seq/x_re_reg[0][21]_i_2194/CO[3]
                         net (fo=1, unplaced)         0.000    67.185    u_mimo_detector_top_seq/u_gs_solver_seq/x_re_reg[0][21]_i_2194_n_0
                         CARRY4 (Prop_carry4_CI_CO[3])
                                                      0.117    67.302 r  u_mimo_detector_top_seq/u_gs_solver_seq/x_re_reg[0][21]_i_2189/CO[3]
                         net (fo=1, unplaced)         0.000    67.302    u_mimo_detector_top_seq/u_gs_solver_seq/x_re_reg[0][21]_i_2189_n_0
                         CARRY4 (Prop_carry4_CI_CO[3])
                                                      0.117    67.419 r  u_mimo_detector_top_seq/u_gs_solver_seq/x_re_reg[0][21]_i_2184/CO[3]
                         net (fo=1, unplaced)         0.000    67.419    u_mimo_detector_top_seq/u_gs_solver_seq/x_re_reg[0][21]_i_2184_n_0
                         CARRY4 (Prop_carry4_CI_CO[3])
                                                      0.117    67.536 r  u_mimo_detector_top_seq/u_gs_solver_seq/x_re_reg[0][21]_i_2179/CO[3]
                         net (fo=1, unplaced)         0.000    67.536    u_mimo_detector_top_seq/u_gs_solver_seq/x_re_reg[0][21]_i_2179_n_0
                         CARRY4 (Prop_carry4_CI_CO[3])
                                                      0.117    67.653 r  u_mimo_detector_top_seq/u_gs_solver_seq/x_re_reg[0][21]_i_2174/CO[3]
                         net (fo=1, unplaced)         0.000    67.653    u_mimo_detector_top_seq/u_gs_solver_seq/x_re_reg[0][21]_i_2174_n_0
                         CARRY4 (Prop_carry4_CI_CO[3])
                                                      0.117    67.770 r  u_mimo_detector_top_seq/u_gs_solver_seq/x_re_reg[0][21]_i_2169/CO[3]
                         net (fo=1, unplaced)         0.000    67.770    u_mimo_detector_top_seq/u_gs_solver_seq/x_re_reg[0][21]_i_2169_n_0
                         CARRY4 (Prop_carry4_CI_CO[3])
                                                      0.117    67.887 r  u_mimo_detector_top_seq/u_gs_solver_seq/x_re_reg[0][21]_i_2164/CO[3]
                         net (fo=1, unplaced)         0.000    67.887    u_mimo_detector_top_seq/u_gs_solver_seq/x_re_reg[0][21]_i_2164_n_0
                         CARRY4 (Prop_carry4_CI_CO[3])
                                                      0.117    68.004 r  u_mimo_detector_top_seq/u_gs_solver_seq/x_re_reg[0][21]_i_2159/CO[3]
                         net (fo=1, unplaced)         0.000    68.004    u_mimo_detector_top_seq/u_gs_solver_seq/x_re_reg[0][21]_i_2159_n_0
                         CARRY4 (Prop_carry4_CI_CO[3])
                                                      0.117    68.121 r  u_mimo_detector_top_seq/u_gs_solver_seq/x_re_reg[0][21]_i_2154/CO[3]
                         net (fo=1, unplaced)         0.000    68.121    u_mimo_detector_top_seq/u_gs_solver_seq/x_re_reg[0][21]_i_2154_n_0
                         CARRY4 (Prop_carry4_CI_CO[3])
                                                      0.117    68.238 r  u_mimo_detector_top_seq/u_gs_solver_seq/x_re_reg[0][21]_i_2149/CO[3]
                         net (fo=1, unplaced)         0.000    68.238    u_mimo_detector_top_seq/u_gs_solver_seq/x_re_reg[0][21]_i_2149_n_0
                         CARRY4 (Prop_carry4_CI_CO[3])
                                                      0.117    68.355 r  u_mimo_detector_top_seq/u_gs_solver_seq/x_re_reg[0][21]_i_2146/CO[3]
                         net (fo=1, unplaced)         0.000    68.355    u_mimo_detector_top_seq/u_gs_solver_seq/x_re_reg[0][21]_i_2146_n_0
                         CARRY4 (Prop_carry4_CI_CO[1])
                                                      0.179    68.534 r  u_mimo_detector_top_seq/u_gs_solver_seq/x_re_reg[0][21]_i_2145/CO[1]
                         net (fo=59, unplaced)        0.611    69.145    u_mimo_detector_top_seq/u_gs_solver_seq/x_re[0][21]_i_2355[1]
                         CARRY4 (Prop_carry4_CYINIT_CO[3])
                                                      0.803    69.948 r  u_mimo_detector_top_seq/u_gs_solver_seq/x_re_reg[0][21]_i_1949/CO[3]
                         net (fo=1, unplaced)         0.009    69.957    u_mimo_detector_top_seq/u_gs_solver_seq/x_re_reg[0][21]_i_1949_n_0
                         CARRY4 (Prop_carry4_CI_CO[3])
                                                      0.117    70.074 r  u_mimo_detector_top_seq/u_gs_solver_seq/x_re_reg[0][21]_i_1944/CO[3]
                         net (fo=1, unplaced)         0.000    70.074    u_mimo_detector_top_seq/u_gs_solver_seq/x_re_reg[0][21]_i_1944_n_0
                         CARRY4 (Prop_carry4_CI_CO[3])
                                                      0.117    70.191 r  u_mimo_detector_top_seq/u_gs_solver_seq/x_re_reg[0][21]_i_1939/CO[3]
                         net (fo=1, unplaced)         0.000    70.191    u_mimo_detector_top_seq/u_gs_solver_seq/x_re_reg[0][21]_i_1939_n_0
                         CARRY4 (Prop_carry4_CI_CO[3])
                                                      0.117    70.308 r  u_mimo_detector_top_seq/u_gs_solver_seq/x_re_reg[0][21]_i_1934/CO[3]
                         net (fo=1, unplaced)         0.000    70.308    u_mimo_detector_top_seq/u_gs_solver_seq/x_re_reg[0][21]_i_1934_n_0
                         CARRY4 (Prop_carry4_CI_CO[3])
                                                      0.117    70.425 r  u_mimo_detector_top_seq/u_gs_solver_seq/x_re_reg[0][21]_i_1929/CO[3]
                         net (fo=1, unplaced)         0.000    70.425    u_mimo_detector_top_seq/u_gs_solver_seq/x_re_reg[0][21]_i_1929_n_0
                         CARRY4 (Prop_carry4_CI_CO[3])
                                                      0.117    70.542 r  u_mimo_detector_top_seq/u_gs_solver_seq/x_re_reg[0][21]_i_1924/CO[3]
                         net (fo=1, unplaced)         0.000    70.542    u_mimo_detector_top_seq/u_gs_solver_seq/x_re_reg[0][21]_i_1924_n_0
                         CARRY4 (Prop_carry4_CI_CO[3])
                                                      0.117    70.659 r  u_mimo_detector_top_seq/u_gs_solver_seq/x_re_reg[0][21]_i_1919/CO[3]
                         net (fo=1, unplaced)         0.000    70.659    u_mimo_detector_top_seq/u_gs_solver_seq/x_re_reg[0][21]_i_1919_n_0
                         CARRY4 (Prop_carry4_CI_CO[3])
                                                      0.117    70.776 r  u_mimo_detector_top_seq/u_gs_solver_seq/x_re_reg[0][21]_i_1914/CO[3]
                         net (fo=1, unplaced)         0.000    70.776    u_mimo_detector_top_seq/u_gs_solver_seq/x_re_reg[0][21]_i_1914_n_0
                         CARRY4 (Prop_carry4_CI_CO[3])
                                                      0.117    70.893 r  u_mimo_detector_top_seq/u_gs_solver_seq/x_re_reg[0][21]_i_1909/CO[3]
                         net (fo=1, unplaced)         0.000    70.893    u_mimo_detector_top_seq/u_gs_solver_seq/x_re_reg[0][21]_i_1909_n_0
                         CARRY4 (Prop_carry4_CI_CO[3])
                                                      0.117    71.010 r  u_mimo_detector_top_seq/u_gs_solver_seq/x_re_reg[0][21]_i_1904/CO[3]
                         net (fo=1, unplaced)         0.000    71.010    u_mimo_detector_top_seq/u_gs_solver_seq/x_re_reg[0][21]_i_1904_n_0
                         CARRY4 (Prop_carry4_CI_CO[3])
                                                      0.117    71.127 r  u_mimo_detector_top_seq/u_gs_solver_seq/x_re_reg[0][21]_i_1899/CO[3]
                         net (fo=1, unplaced)         0.000    71.127    u_mimo_detector_top_seq/u_gs_solver_seq/x_re_reg[0][21]_i_1899_n_0
                         CARRY4 (Prop_carry4_CI_CO[3])
                                                      0.117    71.244 r  u_mimo_detector_top_seq/u_gs_solver_seq/x_re_reg[0][21]_i_1894/CO[3]
                         net (fo=1, unplaced)         0.000    71.244    u_mimo_detector_top_seq/u_gs_solver_seq/x_re_reg[0][21]_i_1894_n_0
                         CARRY4 (Prop_carry4_CI_CO[3])
                                                      0.117    71.361 r  u_mimo_detector_top_seq/u_gs_solver_seq/x_re_reg[0][21]_i_1889/CO[3]
                         net (fo=1, unplaced)         0.000    71.361    u_mimo_detector_top_seq/u_gs_solver_seq/x_re_reg[0][21]_i_1889_n_0
                         CARRY4 (Prop_carry4_CI_CO[3])
                                                      0.117    71.478 r  u_mimo_detector_top_seq/u_gs_solver_seq/x_re_reg[0][21]_i_1886/CO[3]
                         net (fo=1, unplaced)         0.000    71.478    u_mimo_detector_top_seq/u_gs_solver_seq/x_re_reg[0][21]_i_1886_n_0
                         CARRY4 (Prop_carry4_CI_CO[1])
                                                      0.179    71.657 r  u_mimo_detector_top_seq/u_gs_solver_seq/x_re_reg[0][21]_i_1885/CO[1]
                         net (fo=59, unplaced)        0.611    72.268    u_mimo_detector_top_seq/u_gs_solver_seq/x_re[0][21]_i_2148[1]
                         CARRY4 (Prop_carry4_CYINIT_CO[3])
                                                      0.803    73.071 r  u_mimo_detector_top_seq/u_gs_solver_seq/x_re_reg[0][21]_i_1880/CO[3]
                         net (fo=1, unplaced)         0.009    73.080    u_mimo_detector_top_seq/u_gs_solver_seq/x_re_reg[0][21]_i_1880_n_0
                         CARRY4 (Prop_carry4_CI_CO[3])
                                                      0.117    73.197 r  u_mimo_detector_top_seq/u_gs_solver_seq/x_re_reg[0][21]_i_1688/CO[3]
                         net (fo=1, unplaced)         0.000    73.197    u_mimo_detector_top_seq/u_gs_solver_seq/x_re_reg[0][21]_i_1688_n_0
                         CARRY4 (Prop_carry4_CI_CO[3])
                                                      0.117    73.314 r  u_mimo_detector_top_seq/u_gs_solver_seq/x_re_reg[0][21]_i_1683/CO[3]
                         net (fo=1, unplaced)         0.000    73.314    u_mimo_detector_top_seq/u_gs_solver_seq/x_re_reg[0][21]_i_1683_n_0
                         CARRY4 (Prop_carry4_CI_CO[3])
                                                      0.117    73.431 r  u_mimo_detector_top_seq/u_gs_solver_seq/x_re_reg[0][21]_i_1678/CO[3]
                         net (fo=1, unplaced)         0.000    73.431    u_mimo_detector_top_seq/u_gs_solver_seq/x_re_reg[0][21]_i_1678_n_0
                         CARRY4 (Prop_carry4_CI_CO[3])
                                                      0.117    73.548 r  u_mimo_detector_top_seq/u_gs_solver_seq/x_re_reg[0][21]_i_1673/CO[3]
                         net (fo=1, unplaced)         0.000    73.548    u_mimo_detector_top_seq/u_gs_solver_seq/x_re_reg[0][21]_i_1673_n_0
                         CARRY4 (Prop_carry4_CI_CO[3])
                                                      0.117    73.665 r  u_mimo_detector_top_seq/u_gs_solver_seq/x_re_reg[0][21]_i_1668/CO[3]
                         net (fo=1, unplaced)         0.000    73.665    u_mimo_detector_top_seq/u_gs_solver_seq/x_re_reg[0][21]_i_1668_n_0
                         CARRY4 (Prop_carry4_CI_CO[3])
                                                      0.117    73.782 r  u_mimo_detector_top_seq/u_gs_solver_seq/x_re_reg[0][21]_i_1663/CO[3]
                         net (fo=1, unplaced)         0.000    73.782    u_mimo_detector_top_seq/u_gs_solver_seq/x_re_reg[0][21]_i_1663_n_0
                         CARRY4 (Prop_carry4_CI_CO[3])
                                                      0.117    73.899 r  u_mimo_detector_top_seq/u_gs_solver_seq/x_re_reg[0][21]_i_1658/CO[3]
                         net (fo=1, unplaced)         0.000    73.899    u_mimo_detector_top_seq/u_gs_solver_seq/x_re_reg[0][21]_i_1658_n_0
                         CARRY4 (Prop_carry4_CI_CO[3])
                                                      0.117    74.016 r  u_mimo_detector_top_seq/u_gs_solver_seq/x_re_reg[0][21]_i_1653/CO[3]
                         net (fo=1, unplaced)         0.000    74.016    u_mimo_detector_top_seq/u_gs_solver_seq/x_re_reg[0][21]_i_1653_n_0
                         CARRY4 (Prop_carry4_CI_CO[3])
                                                      0.117    74.133 r  u_mimo_detector_top_seq/u_gs_solver_seq/x_re_reg[0][21]_i_1648/CO[3]
                         net (fo=1, unplaced)         0.000    74.133    u_mimo_detector_top_seq/u_gs_solver_seq/x_re_reg[0][21]_i_1648_n_0
                         CARRY4 (Prop_carry4_CI_CO[3])
                                                      0.117    74.250 r  u_mimo_detector_top_seq/u_gs_solver_seq/x_re_reg[0][21]_i_1643/CO[3]
                         net (fo=1, unplaced)         0.000    74.250    u_mimo_detector_top_seq/u_gs_solver_seq/x_re_reg[0][21]_i_1643_n_0
                         CARRY4 (Prop_carry4_CI_CO[3])
                                                      0.117    74.367 r  u_mimo_detector_top_seq/u_gs_solver_seq/x_re_reg[0][21]_i_1638/CO[3]
                         net (fo=1, unplaced)         0.000    74.367    u_mimo_detector_top_seq/u_gs_solver_seq/x_re_reg[0][21]_i_1638_n_0
                         CARRY4 (Prop_carry4_CI_CO[3])
                                                      0.117    74.484 r  u_mimo_detector_top_seq/u_gs_solver_seq/x_re_reg[0][21]_i_1633/CO[3]
                         net (fo=1, unplaced)         0.000    74.484    u_mimo_detector_top_seq/u_gs_solver_seq/x_re_reg[0][21]_i_1633_n_0
                         CARRY4 (Prop_carry4_CI_CO[3])
                                                      0.117    74.601 r  u_mimo_detector_top_seq/u_gs_solver_seq/x_re_reg[0][21]_i_1630/CO[3]
                         net (fo=1, unplaced)         0.000    74.601    u_mimo_detector_top_seq/u_gs_solver_seq/x_re_reg[0][21]_i_1630_n_0
                         CARRY4 (Prop_carry4_CI_CO[1])
                                                      0.179    74.780 r  u_mimo_detector_top_seq/u_gs_solver_seq/x_re_reg[0][21]_i_1629/CO[1]
                         net (fo=59, unplaced)        0.611    75.391    u_mimo_detector_top_seq/u_gs_solver_seq/x_re[0][21]_i_1888[1]
                         CARRY4 (Prop_carry4_CYINIT_CO[3])
                                                      0.803    76.194 r  u_mimo_detector_top_seq/u_gs_solver_seq/x_re_reg[0][21]_i_1875/CO[3]
                         net (fo=1, unplaced)         0.009    76.203    u_mimo_detector_top_seq/u_gs_solver_seq/x_re_reg[0][21]_i_1875_n_0
                         CARRY4 (Prop_carry4_CI_CO[3])
                                                      0.117    76.320 r  u_mimo_detector_top_seq/u_gs_solver_seq/x_re_reg[0][21]_i_1624/CO[3]
                         net (fo=1, unplaced)         0.000    76.320    u_mimo_detector_top_seq/u_gs_solver_seq/x_re_reg[0][21]_i_1624_n_0
                         CARRY4 (Prop_carry4_CI_CO[3])
                                                      0.117    76.437 r  u_mimo_detector_top_seq/u_gs_solver_seq/x_re_reg[0][21]_i_1447/CO[3]
                         net (fo=1, unplaced)         0.000    76.437    u_mimo_detector_top_seq/u_gs_solver_seq/x_re_reg[0][21]_i_1447_n_0
                         CARRY4 (Prop_carry4_CI_CO[3])
                                                      0.117    76.554 r  u_mimo_detector_top_seq/u_gs_solver_seq/x_re_reg[0][21]_i_1442/CO[3]
                         net (fo=1, unplaced)         0.000    76.554    u_mimo_detector_top_seq/u_gs_solver_seq/x_re_reg[0][21]_i_1442_n_0
                         CARRY4 (Prop_carry4_CI_CO[3])
                                                      0.117    76.671 r  u_mimo_detector_top_seq/u_gs_solver_seq/x_re_reg[0][21]_i_1437/CO[3]
                         net (fo=1, unplaced)         0.000    76.671    u_mimo_detector_top_seq/u_gs_solver_seq/x_re_reg[0][21]_i_1437_n_0
                         CARRY4 (Prop_carry4_CI_CO[3])
                                                      0.117    76.788 r  u_mimo_detector_top_seq/u_gs_solver_seq/x_re_reg[0][21]_i_1432/CO[3]
                         net (fo=1, unplaced)         0.000    76.788    u_mimo_detector_top_seq/u_gs_solver_seq/x_re_reg[0][21]_i_1432_n_0
                         CARRY4 (Prop_carry4_CI_CO[3])
                                                      0.117    76.905 r  u_mimo_detector_top_seq/u_gs_solver_seq/x_re_reg[0][21]_i_1427/CO[3]
                         net (fo=1, unplaced)         0.000    76.905    u_mimo_detector_top_seq/u_gs_solver_seq/x_re_reg[0][21]_i_1427_n_0
                         CARRY4 (Prop_carry4_CI_CO[3])
                                                      0.117    77.022 r  u_mimo_detector_top_seq/u_gs_solver_seq/x_re_reg[0][21]_i_1422/CO[3]
                         net (fo=1, unplaced)         0.000    77.022    u_mimo_detector_top_seq/u_gs_solver_seq/x_re_reg[0][21]_i_1422_n_0
                         CARRY4 (Prop_carry4_CI_CO[3])
                                                      0.117    77.139 r  u_mimo_detector_top_seq/u_gs_solver_seq/x_re_reg[0][21]_i_1417/CO[3]
                         net (fo=1, unplaced)         0.000    77.139    u_mimo_detector_top_seq/u_gs_solver_seq/x_re_reg[0][21]_i_1417_n_0
                         CARRY4 (Prop_carry4_CI_CO[3])
                                                      0.117    77.256 r  u_mimo_detector_top_seq/u_gs_solver_seq/x_re_reg[0][21]_i_1411/CO[3]
                         net (fo=1, unplaced)         0.000    77.256    u_mimo_detector_top_seq/u_gs_solver_seq/x_re_reg[0][21]_i_1411_n_0
                         CARRY4 (Prop_carry4_CI_CO[3])
                                                      0.117    77.373 r  u_mimo_detector_top_seq/u_gs_solver_seq/x_re_reg[0][21]_i_1406/CO[3]
                         net (fo=1, unplaced)         0.000    77.373    u_mimo_detector_top_seq/u_gs_solver_seq/x_re_reg[0][21]_i_1406_n_0
                         CARRY4 (Prop_carry4_CI_CO[3])
                                                      0.117    77.490 r  u_mimo_detector_top_seq/u_gs_solver_seq/x_re_reg[0][21]_i_1401/CO[3]
                         net (fo=1, unplaced)         0.000    77.490    u_mimo_detector_top_seq/u_gs_solver_seq/x_re_reg[0][21]_i_1401_n_0
                         CARRY4 (Prop_carry4_CI_CO[3])
                                                      0.117    77.607 r  u_mimo_detector_top_seq/u_gs_solver_seq/x_re_reg[0][21]_i_1396/CO[3]
                         net (fo=1, unplaced)         0.000    77.607    u_mimo_detector_top_seq/u_gs_solver_seq/x_re_reg[0][21]_i_1396_n_0
                         CARRY4 (Prop_carry4_CI_CO[3])
                                                      0.117    77.724 r  u_mimo_detector_top_seq/u_gs_solver_seq/x_re_reg[0][21]_i_1393/CO[3]
                         net (fo=1, unplaced)         0.000    77.724    u_mimo_detector_top_seq/u_gs_solver_seq/x_re_reg[0][21]_i_1393_n_0
                         CARRY4 (Prop_carry4_CI_CO[1])
                                                      0.179    77.903 r  u_mimo_detector_top_seq/u_gs_solver_seq/x_re_reg[0][21]_i_1392/CO[1]
                         net (fo=59, unplaced)        0.611    78.514    u_mimo_detector_top_seq/u_gs_solver_seq/x_re[0][21]_i_1632[1]
                         CARRY4 (Prop_carry4_CYINIT_CO[3])
                                                      0.803    79.317 r  u_mimo_detector_top_seq/u_gs_solver_seq/x_re_reg[0][21]_i_1870/CO[3]
                         net (fo=1, unplaced)         0.009    79.326    u_mimo_detector_top_seq/u_gs_solver_seq/x_re_reg[0][21]_i_1870_n_0
                         CARRY4 (Prop_carry4_CI_CO[3])
                                                      0.117    79.443 r  u_mimo_detector_top_seq/u_gs_solver_seq/x_re_reg[0][21]_i_1619/CO[3]
                         net (fo=1, unplaced)         0.000    79.443    u_mimo_detector_top_seq/u_gs_solver_seq/x_re_reg[0][21]_i_1619_n_0
                         CARRY4 (Prop_carry4_CI_CO[3])
                                                      0.117    79.560 r  u_mimo_detector_top_seq/u_gs_solver_seq/x_re_reg[0][21]_i_1387/CO[3]
                         net (fo=1, unplaced)         0.000    79.560    u_mimo_detector_top_seq/u_gs_solver_seq/x_re_reg[0][21]_i_1387_n_0
                         CARRY4 (Prop_carry4_CI_CO[3])
                                                      0.117    79.677 r  u_mimo_detector_top_seq/u_gs_solver_seq/x_re_reg[0][21]_i_1225/CO[3]
                         net (fo=1, unplaced)         0.000    79.677    u_mimo_detector_top_seq/u_gs_solver_seq/x_re_reg[0][21]_i_1225_n_0
                         CARRY4 (Prop_carry4_CI_CO[3])
                                                      0.117    79.794 r  u_mimo_detector_top_seq/u_gs_solver_seq/x_re_reg[0][21]_i_1220/CO[3]
                         net (fo=1, unplaced)         0.000    79.794    u_mimo_detector_top_seq/u_gs_solver_seq/x_re_reg[0][21]_i_1220_n_0
                         CARRY4 (Prop_carry4_CI_CO[3])
                                                      0.117    79.911 r  u_mimo_detector_top_seq/u_gs_solver_seq/x_re_reg[0][21]_i_1215/CO[3]
                         net (fo=1, unplaced)         0.000    79.911    u_mimo_detector_top_seq/u_gs_solver_seq/x_re_reg[0][21]_i_1215_n_0
                         CARRY4 (Prop_carry4_CI_CO[3])
                                                      0.117    80.028 r  u_mimo_detector_top_seq/u_gs_solver_seq/x_re_reg[0][21]_i_1210/CO[3]
                         net (fo=1, unplaced)         0.000    80.028    u_mimo_detector_top_seq/u_gs_solver_seq/x_re_reg[0][21]_i_1210_n_0
                         CARRY4 (Prop_carry4_CI_CO[3])
                                                      0.117    80.145 r  u_mimo_detector_top_seq/u_gs_solver_seq/x_re_reg[0][21]_i_1205/CO[3]
                         net (fo=1, unplaced)         0.000    80.145    u_mimo_detector_top_seq/u_gs_solver_seq/x_re_reg[0][21]_i_1205_n_0
                         CARRY4 (Prop_carry4_CI_CO[3])
                                                      0.117    80.262 r  u_mimo_detector_top_seq/u_gs_solver_seq/x_re_reg[0][21]_i_1200/CO[3]
                         net (fo=1, unplaced)         0.000    80.262    u_mimo_detector_top_seq/u_gs_solver_seq/x_re_reg[0][21]_i_1200_n_0
                         CARRY4 (Prop_carry4_CI_CO[3])
                                                      0.117    80.379 r  u_mimo_detector_top_seq/u_gs_solver_seq/x_re_reg[0][21]_i_1195/CO[3]
                         net (fo=1, unplaced)         0.000    80.379    u_mimo_detector_top_seq/u_gs_solver_seq/x_re_reg[0][21]_i_1195_n_0
                         CARRY4 (Prop_carry4_CI_CO[3])
                                                      0.117    80.496 r  u_mimo_detector_top_seq/u_gs_solver_seq/x_re_reg[0][21]_i_1190/CO[3]
                         net (fo=1, unplaced)         0.000    80.496    u_mimo_detector_top_seq/u_gs_solver_seq/x_re_reg[0][21]_i_1190_n_0
                         CARRY4 (Prop_carry4_CI_CO[3])
                                                      0.117    80.613 r  u_mimo_detector_top_seq/u_gs_solver_seq/x_re_reg[0][21]_i_1185/CO[3]
                         net (fo=1, unplaced)         0.000    80.613    u_mimo_detector_top_seq/u_gs_solver_seq/x_re_reg[0][21]_i_1185_n_0
                         CARRY4 (Prop_carry4_CI_CO[3])
                                                      0.117    80.730 r  u_mimo_detector_top_seq/u_gs_solver_seq/x_re_reg[0][21]_i_1180/CO[3]
                         net (fo=1, unplaced)         0.000    80.730    u_mimo_detector_top_seq/u_gs_solver_seq/x_re_reg[0][21]_i_1180_n_0
                         CARRY4 (Prop_carry4_CI_CO[3])
                                                      0.117    80.847 r  u_mimo_detector_top_seq/u_gs_solver_seq/x_re_reg[0][21]_i_1177/CO[3]
                         net (fo=1, unplaced)         0.000    80.847    u_mimo_detector_top_seq/u_gs_solver_seq/x_re_reg[0][21]_i_1177_n_0
                         CARRY4 (Prop_carry4_CI_CO[1])
                                                      0.179    81.026 r  u_mimo_detector_top_seq/u_gs_solver_seq/x_re_reg[0][21]_i_1176/CO[1]
                         net (fo=59, unplaced)        0.611    81.637    u_mimo_detector_top_seq/u_gs_solver_seq/x_re[0][21]_i_1395[1]
                         CARRY4 (Prop_carry4_CYINIT_CO[3])
                                                      0.803    82.440 r  u_mimo_detector_top_seq/u_gs_solver_seq/x_re_reg[0][21]_i_1865/CO[3]
                         net (fo=1, unplaced)         0.009    82.449    u_mimo_detector_top_seq/u_gs_solver_seq/x_re_reg[0][21]_i_1865_n_0
                         CARRY4 (Prop_carry4_CI_CO[3])
                                                      0.117    82.566 r  u_mimo_detector_top_seq/u_gs_solver_seq/x_re_reg[0][21]_i_1614/CO[3]
                         net (fo=1, unplaced)         0.000    82.566    u_mimo_detector_top_seq/u_gs_solver_seq/x_re_reg[0][21]_i_1614_n_0
                         CARRY4 (Prop_carry4_CI_CO[3])
                                                      0.117    82.683 r  u_mimo_detector_top_seq/u_gs_solver_seq/x_re_reg[0][21]_i_1382/CO[3]
                         net (fo=1, unplaced)         0.000    82.683    u_mimo_detector_top_seq/u_gs_solver_seq/x_re_reg[0][21]_i_1382_n_0
                         CARRY4 (Prop_carry4_CI_CO[3])
                                                      0.117    82.800 r  u_mimo_detector_top_seq/u_gs_solver_seq/x_re_reg[0][21]_i_1171/CO[3]
                         net (fo=1, unplaced)         0.000    82.800    u_mimo_detector_top_seq/u_gs_solver_seq/x_re_reg[0][21]_i_1171_n_0
                         CARRY4 (Prop_carry4_CI_CO[3])
                                                      0.117    82.917 r  u_mimo_detector_top_seq/u_gs_solver_seq/x_re_reg[0][21]_i_1025/CO[3]
                         net (fo=1, unplaced)         0.000    82.917    u_mimo_detector_top_seq/u_gs_solver_seq/x_re_reg[0][21]_i_1025_n_0
                         CARRY4 (Prop_carry4_CI_CO[3])
                                                      0.117    83.034 r  u_mimo_detector_top_seq/u_gs_solver_seq/x_re_reg[0][21]_i_1020/CO[3]
                         net (fo=1, unplaced)         0.000    83.034    u_mimo_detector_top_seq/u_gs_solver_seq/x_re_reg[0][21]_i_1020_n_0
                         CARRY4 (Prop_carry4_CI_CO[3])
                                                      0.117    83.151 r  u_mimo_detector_top_seq/u_gs_solver_seq/x_re_reg[0][21]_i_1015/CO[3]
                         net (fo=1, unplaced)         0.000    83.151    u_mimo_detector_top_seq/u_gs_solver_seq/x_re_reg[0][21]_i_1015_n_0
                         CARRY4 (Prop_carry4_CI_CO[3])
                                                      0.117    83.268 r  u_mimo_detector_top_seq/u_gs_solver_seq/x_re_reg[0][21]_i_1010/CO[3]
                         net (fo=1, unplaced)         0.000    83.268    u_mimo_detector_top_seq/u_gs_solver_seq/x_re_reg[0][21]_i_1010_n_0
                         CARRY4 (Prop_carry4_CI_CO[3])
                                                      0.117    83.385 r  u_mimo_detector_top_seq/u_gs_solver_seq/x_re_reg[0][21]_i_1005/CO[3]
                         net (fo=1, unplaced)         0.000    83.385    u_mimo_detector_top_seq/u_gs_solver_seq/x_re_reg[0][21]_i_1005_n_0
                         CARRY4 (Prop_carry4_CI_CO[3])
                                                      0.117    83.502 r  u_mimo_detector_top_seq/u_gs_solver_seq/x_re_reg[0][21]_i_1000/CO[3]
                         net (fo=1, unplaced)         0.000    83.502    u_mimo_detector_top_seq/u_gs_solver_seq/x_re_reg[0][21]_i_1000_n_0
                         CARRY4 (Prop_carry4_CI_CO[3])
                                                      0.117    83.619 r  u_mimo_detector_top_seq/u_gs_solver_seq/x_re_reg[0][21]_i_995/CO[3]
                         net (fo=1, unplaced)         0.000    83.619    u_mimo_detector_top_seq/u_gs_solver_seq/x_re_reg[0][21]_i_995_n_0
                         CARRY4 (Prop_carry4_CI_CO[3])
                                                      0.117    83.736 r  u_mimo_detector_top_seq/u_gs_solver_seq/x_re_reg[0][21]_i_990/CO[3]
                         net (fo=1, unplaced)         0.000    83.736    u_mimo_detector_top_seq/u_gs_solver_seq/x_re_reg[0][21]_i_990_n_0
                         CARRY4 (Prop_carry4_CI_CO[3])
                                                      0.117    83.853 r  u_mimo_detector_top_seq/u_gs_solver_seq/x_re_reg[0][21]_i_985/CO[3]
                         net (fo=1, unplaced)         0.000    83.853    u_mimo_detector_top_seq/u_gs_solver_seq/x_re_reg[0][21]_i_985_n_0
                         CARRY4 (Prop_carry4_CI_CO[3])
                                                      0.117    83.970 r  u_mimo_detector_top_seq/u_gs_solver_seq/x_re_reg[0][21]_i_982/CO[3]
                         net (fo=1, unplaced)         0.000    83.970    u_mimo_detector_top_seq/u_gs_solver_seq/x_re_reg[0][21]_i_982_n_0
                         CARRY4 (Prop_carry4_CI_CO[1])
                                                      0.179    84.149 r  u_mimo_detector_top_seq/u_gs_solver_seq/x_re_reg[0][21]_i_981/CO[1]
                         net (fo=59, unplaced)        0.611    84.760    u_mimo_detector_top_seq/u_gs_solver_seq/x_re[0][21]_i_1179[1]
                         CARRY4 (Prop_carry4_CYINIT_CO[3])
                                                      0.803    85.563 r  u_mimo_detector_top_seq/u_gs_solver_seq/x_re_reg[0][21]_i_1860/CO[3]
                         net (fo=1, unplaced)         0.009    85.572    u_mimo_detector_top_seq/u_gs_solver_seq/x_re_reg[0][21]_i_1860_n_0
                         CARRY4 (Prop_carry4_CI_CO[3])
                                                      0.117    85.689 r  u_mimo_detector_top_seq/u_gs_solver_seq/x_re_reg[0][21]_i_1609/CO[3]
                         net (fo=1, unplaced)         0.000    85.689    u_mimo_detector_top_seq/u_gs_solver_seq/x_re_reg[0][21]_i_1609_n_0
                         CARRY4 (Prop_carry4_CI_CO[3])
                                                      0.117    85.806 r  u_mimo_detector_top_seq/u_gs_solver_seq/x_re_reg[0][21]_i_1377/CO[3]
                         net (fo=1, unplaced)         0.000    85.806    u_mimo_detector_top_seq/u_gs_solver_seq/x_re_reg[0][21]_i_1377_n_0
                         CARRY4 (Prop_carry4_CI_CO[3])
                                                      0.117    85.923 r  u_mimo_detector_top_seq/u_gs_solver_seq/x_re_reg[0][21]_i_1166/CO[3]
                         net (fo=1, unplaced)         0.000    85.923    u_mimo_detector_top_seq/u_gs_solver_seq/x_re_reg[0][21]_i_1166_n_0
                         CARRY4 (Prop_carry4_CI_CO[3])
                                                      0.117    86.040 r  u_mimo_detector_top_seq/u_gs_solver_seq/x_re_reg[0][21]_i_976/CO[3]
                         net (fo=1, unplaced)         0.000    86.040    u_mimo_detector_top_seq/u_gs_solver_seq/x_re_reg[0][21]_i_976_n_0
                         CARRY4 (Prop_carry4_CI_CO[3])
                                                      0.117    86.157 r  u_mimo_detector_top_seq/u_gs_solver_seq/x_re_reg[0][21]_i_845/CO[3]
                         net (fo=1, unplaced)         0.000    86.157    u_mimo_detector_top_seq/u_gs_solver_seq/x_re_reg[0][21]_i_845_n_0
                         CARRY4 (Prop_carry4_CI_CO[3])
                                                      0.117    86.274 r  u_mimo_detector_top_seq/u_gs_solver_seq/x_re_reg[0][21]_i_840/CO[3]
                         net (fo=1, unplaced)         0.000    86.274    u_mimo_detector_top_seq/u_gs_solver_seq/x_re_reg[0][21]_i_840_n_0
                         CARRY4 (Prop_carry4_CI_CO[3])
                                                      0.117    86.391 r  u_mimo_detector_top_seq/u_gs_solver_seq/x_re_reg[0][21]_i_835/CO[3]
                         net (fo=1, unplaced)         0.000    86.391    u_mimo_detector_top_seq/u_gs_solver_seq/x_re_reg[0][21]_i_835_n_0
                         CARRY4 (Prop_carry4_CI_CO[3])
                                                      0.117    86.508 r  u_mimo_detector_top_seq/u_gs_solver_seq/x_re_reg[0][21]_i_830/CO[3]
                         net (fo=1, unplaced)         0.000    86.508    u_mimo_detector_top_seq/u_gs_solver_seq/x_re_reg[0][21]_i_830_n_0
                         CARRY4 (Prop_carry4_CI_CO[3])
                                                      0.117    86.625 r  u_mimo_detector_top_seq/u_gs_solver_seq/x_re_reg[0][21]_i_825/CO[3]
                         net (fo=1, unplaced)         0.000    86.625    u_mimo_detector_top_seq/u_gs_solver_seq/x_re_reg[0][21]_i_825_n_0
                         CARRY4 (Prop_carry4_CI_CO[3])
                                                      0.117    86.742 r  u_mimo_detector_top_seq/u_gs_solver_seq/x_re_reg[0][21]_i_820/CO[3]
                         net (fo=1, unplaced)         0.000    86.742    u_mimo_detector_top_seq/u_gs_solver_seq/x_re_reg[0][21]_i_820_n_0
                         CARRY4 (Prop_carry4_CI_CO[3])
                                                      0.117    86.859 r  u_mimo_detector_top_seq/u_gs_solver_seq/x_re_reg[0][21]_i_815/CO[3]
                         net (fo=1, unplaced)         0.000    86.859    u_mimo_detector_top_seq/u_gs_solver_seq/x_re_reg[0][21]_i_815_n_0
                         CARRY4 (Prop_carry4_CI_CO[3])
                                                      0.117    86.976 r  u_mimo_detector_top_seq/u_gs_solver_seq/x_re_reg[0][21]_i_810/CO[3]
                         net (fo=1, unplaced)         0.000    86.976    u_mimo_detector_top_seq/u_gs_solver_seq/x_re_reg[0][21]_i_810_n_0
                         CARRY4 (Prop_carry4_CI_CO[3])
                                                      0.117    87.093 r  u_mimo_detector_top_seq/u_gs_solver_seq/x_re_reg[0][21]_i_807/CO[3]
                         net (fo=1, unplaced)         0.000    87.093    u_mimo_detector_top_seq/u_gs_solver_seq/x_re_reg[0][21]_i_807_n_0
                         CARRY4 (Prop_carry4_CI_CO[1])
                                                      0.179    87.272 r  u_mimo_detector_top_seq/u_gs_solver_seq/x_re_reg[0][21]_i_806/CO[1]
                         net (fo=59, unplaced)        0.611    87.883    u_mimo_detector_top_seq/u_gs_solver_seq/x_re[0][21]_i_984[1]
                         CARRY4 (Prop_carry4_CYINIT_CO[3])
                                                      0.803    88.686 r  u_mimo_detector_top_seq/u_gs_solver_seq/x_re_reg[0][21]_i_1855/CO[3]
                         net (fo=1, unplaced)         0.009    88.695    u_mimo_detector_top_seq/u_gs_solver_seq/x_re_reg[0][21]_i_1855_n_0
                         CARRY4 (Prop_carry4_CI_CO[3])
                                                      0.117    88.812 r  u_mimo_detector_top_seq/u_gs_solver_seq/x_re_reg[0][21]_i_1604/CO[3]
                         net (fo=1, unplaced)         0.000    88.812    u_mimo_detector_top_seq/u_gs_solver_seq/x_re_reg[0][21]_i_1604_n_0
                         CARRY4 (Prop_carry4_CI_CO[3])
                                                      0.117    88.929 r  u_mimo_detector_top_seq/u_gs_solver_seq/x_re_reg[0][21]_i_1372/CO[3]
                         net (fo=1, unplaced)         0.000    88.929    u_mimo_detector_top_seq/u_gs_solver_seq/x_re_reg[0][21]_i_1372_n_0
                         CARRY4 (Prop_carry4_CI_CO[3])
                                                      0.117    89.046 r  u_mimo_detector_top_seq/u_gs_solver_seq/x_re_reg[0][21]_i_1161/CO[3]
                         net (fo=1, unplaced)         0.000    89.046    u_mimo_detector_top_seq/u_gs_solver_seq/x_re_reg[0][21]_i_1161_n_0
                         CARRY4 (Prop_carry4_CI_CO[3])
                                                      0.117    89.163 r  u_mimo_detector_top_seq/u_gs_solver_seq/x_re_reg[0][21]_i_971/CO[3]
                         net (fo=1, unplaced)         0.000    89.163    u_mimo_detector_top_seq/u_gs_solver_seq/x_re_reg[0][21]_i_971_n_0
                         CARRY4 (Prop_carry4_CI_CO[3])
                                                      0.117    89.280 r  u_mimo_detector_top_seq/u_gs_solver_seq/x_re_reg[0][21]_i_801/CO[3]
                         net (fo=1, unplaced)         0.000    89.280    u_mimo_detector_top_seq/u_gs_solver_seq/x_re_reg[0][21]_i_801_n_0
                         CARRY4 (Prop_carry4_CI_CO[3])
                                                      0.117    89.397 r  u_mimo_detector_top_seq/u_gs_solver_seq/x_re_reg[0][21]_i_679/CO[3]
                         net (fo=1, unplaced)         0.000    89.397    u_mimo_detector_top_seq/u_gs_solver_seq/x_re_reg[0][21]_i_679_n_0
                         CARRY4 (Prop_carry4_CI_CO[3])
                                                      0.117    89.514 r  u_mimo_detector_top_seq/u_gs_solver_seq/x_re_reg[0][21]_i_674/CO[3]
                         net (fo=1, unplaced)         0.000    89.514    u_mimo_detector_top_seq/u_gs_solver_seq/x_re_reg[0][21]_i_674_n_0
                         CARRY4 (Prop_carry4_CI_CO[3])
                                                      0.117    89.631 r  u_mimo_detector_top_seq/u_gs_solver_seq/x_re_reg[0][21]_i_669/CO[3]
                         net (fo=1, unplaced)         0.000    89.631    u_mimo_detector_top_seq/u_gs_solver_seq/x_re_reg[0][21]_i_669_n_0
                         CARRY4 (Prop_carry4_CI_CO[3])
                                                      0.117    89.748 r  u_mimo_detector_top_seq/u_gs_solver_seq/x_re_reg[0][21]_i_664/CO[3]
                         net (fo=1, unplaced)         0.000    89.748    u_mimo_detector_top_seq/u_gs_solver_seq/x_re_reg[0][21]_i_664_n_0
                         CARRY4 (Prop_carry4_CI_CO[3])
                                                      0.117    89.865 r  u_mimo_detector_top_seq/u_gs_solver_seq/x_re_reg[0][21]_i_659/CO[3]
                         net (fo=1, unplaced)         0.000    89.865    u_mimo_detector_top_seq/u_gs_solver_seq/x_re_reg[0][21]_i_659_n_0
                         CARRY4 (Prop_carry4_CI_CO[3])
                                                      0.117    89.982 r  u_mimo_detector_top_seq/u_gs_solver_seq/x_re_reg[0][21]_i_654/CO[3]
                         net (fo=1, unplaced)         0.000    89.982    u_mimo_detector_top_seq/u_gs_solver_seq/x_re_reg[0][21]_i_654_n_0
                         CARRY4 (Prop_carry4_CI_CO[3])
                                                      0.117    90.099 r  u_mimo_detector_top_seq/u_gs_solver_seq/x_re_reg[0][21]_i_649/CO[3]
                         net (fo=1, unplaced)         0.000    90.099    u_mimo_detector_top_seq/u_gs_solver_seq/x_re_reg[0][21]_i_649_n_0
                         CARRY4 (Prop_carry4_CI_CO[3])
                                                      0.117    90.216 r  u_mimo_detector_top_seq/u_gs_solver_seq/x_re_reg[0][21]_i_646/CO[3]
                         net (fo=1, unplaced)         0.000    90.216    u_mimo_detector_top_seq/u_gs_solver_seq/x_re_reg[0][21]_i_646_n_0
                         CARRY4 (Prop_carry4_CI_CO[1])
                                                      0.179    90.395 r  u_mimo_detector_top_seq/u_gs_solver_seq/x_re_reg[0][21]_i_645/CO[1]
                         net (fo=59, unplaced)        0.611    91.006    u_mimo_detector_top_seq/u_gs_solver_seq/x_re[0][21]_i_809[1]
                         CARRY4 (Prop_carry4_CYINIT_CO[3])
                                                      0.803    91.809 r  u_mimo_detector_top_seq/u_gs_solver_seq/x_re_reg[0][21]_i_1850/CO[3]
                         net (fo=1, unplaced)         0.009    91.818    u_mimo_detector_top_seq/u_gs_solver_seq/x_re_reg[0][21]_i_1850_n_0
                         CARRY4 (Prop_carry4_CI_CO[3])
                                                      0.117    91.935 r  u_mimo_detector_top_seq/u_gs_solver_seq/x_re_reg[0][21]_i_1599/CO[3]
                         net (fo=1, unplaced)         0.000    91.935    u_mimo_detector_top_seq/u_gs_solver_seq/x_re_reg[0][21]_i_1599_n_0
                         CARRY4 (Prop_carry4_CI_CO[3])
                                                      0.117    92.052 r  u_mimo_detector_top_seq/u_gs_solver_seq/x_re_reg[0][21]_i_1367/CO[3]
                         net (fo=1, unplaced)         0.000    92.052    u_mimo_detector_top_seq/u_gs_solver_seq/x_re_reg[0][21]_i_1367_n_0
                         CARRY4 (Prop_carry4_CI_CO[3])
                                                      0.117    92.169 r  u_mimo_detector_top_seq/u_gs_solver_seq/x_re_reg[0][21]_i_1156/CO[3]
                         net (fo=1, unplaced)         0.000    92.169    u_mimo_detector_top_seq/u_gs_solver_seq/x_re_reg[0][21]_i_1156_n_0
                         CARRY4 (Prop_carry4_CI_CO[3])
                                                      0.117    92.286 r  u_mimo_detector_top_seq/u_gs_solver_seq/x_re_reg[0][21]_i_966/CO[3]
                         net (fo=1, unplaced)         0.000    92.286    u_mimo_detector_top_seq/u_gs_solver_seq/x_re_reg[0][21]_i_966_n_0
                         CARRY4 (Prop_carry4_CI_CO[3])
                                                      0.117    92.403 r  u_mimo_detector_top_seq/u_gs_solver_seq/x_re_reg[0][21]_i_796/CO[3]
                         net (fo=1, unplaced)         0.000    92.403    u_mimo_detector_top_seq/u_gs_solver_seq/x_re_reg[0][21]_i_796_n_0
                         CARRY4 (Prop_carry4_CI_CO[3])
                                                      0.117    92.520 r  u_mimo_detector_top_seq/u_gs_solver_seq/x_re_reg[0][21]_i_640/CO[3]
                         net (fo=1, unplaced)         0.000    92.520    u_mimo_detector_top_seq/u_gs_solver_seq/x_re_reg[0][21]_i_640_n_0
                         CARRY4 (Prop_carry4_CI_CO[3])
                                                      0.117    92.637 r  u_mimo_detector_top_seq/u_gs_solver_seq/x_re_reg[0][21]_i_525/CO[3]
                         net (fo=1, unplaced)         0.000    92.637    u_mimo_detector_top_seq/u_gs_solver_seq/x_re_reg[0][21]_i_525_n_0
                         CARRY4 (Prop_carry4_CI_CO[3])
                                                      0.117    92.754 r  u_mimo_detector_top_seq/u_gs_solver_seq/x_re_reg[0][21]_i_520/CO[3]
                         net (fo=1, unplaced)         0.000    92.754    u_mimo_detector_top_seq/u_gs_solver_seq/x_re_reg[0][21]_i_520_n_0
                         CARRY4 (Prop_carry4_CI_CO[3])
                                                      0.117    92.871 r  u_mimo_detector_top_seq/u_gs_solver_seq/x_re_reg[0][21]_i_515/CO[3]
                         net (fo=1, unplaced)         0.000    92.871    u_mimo_detector_top_seq/u_gs_solver_seq/x_re_reg[0][21]_i_515_n_0
                         CARRY4 (Prop_carry4_CI_CO[3])
                                                      0.117    92.988 r  u_mimo_detector_top_seq/u_gs_solver_seq/x_re_reg[0][21]_i_510/CO[3]
                         net (fo=1, unplaced)         0.000    92.988    u_mimo_detector_top_seq/u_gs_solver_seq/x_re_reg[0][21]_i_510_n_0
                         CARRY4 (Prop_carry4_CI_CO[3])
                                                      0.117    93.105 r  u_mimo_detector_top_seq/u_gs_solver_seq/x_re_reg[0][21]_i_505/CO[3]
                         net (fo=1, unplaced)         0.000    93.105    u_mimo_detector_top_seq/u_gs_solver_seq/x_re_reg[0][21]_i_505_n_0
                         CARRY4 (Prop_carry4_CI_CO[3])
                                                      0.117    93.222 r  u_mimo_detector_top_seq/u_gs_solver_seq/x_re_reg[0][21]_i_500/CO[3]
                         net (fo=1, unplaced)         0.000    93.222    u_mimo_detector_top_seq/u_gs_solver_seq/x_re_reg[0][21]_i_500_n_0
                         CARRY4 (Prop_carry4_CI_CO[3])
                                                      0.117    93.339 r  u_mimo_detector_top_seq/u_gs_solver_seq/x_re_reg[0][21]_i_497/CO[3]
                         net (fo=1, unplaced)         0.000    93.339    u_mimo_detector_top_seq/u_gs_solver_seq/x_re_reg[0][21]_i_497_n_0
                         CARRY4 (Prop_carry4_CI_CO[1])
                                                      0.179    93.518 r  u_mimo_detector_top_seq/u_gs_solver_seq/x_re_reg[0][21]_i_496/CO[1]
                         net (fo=59, unplaced)        0.611    94.129    u_mimo_detector_top_seq/u_gs_solver_seq/x_re[0][21]_i_648[1]
                         CARRY4 (Prop_carry4_CYINIT_CO[3])
                                                      0.803    94.932 r  u_mimo_detector_top_seq/u_gs_solver_seq/x_re_reg[0][21]_i_1845/CO[3]
                         net (fo=1, unplaced)         0.009    94.941    u_mimo_detector_top_seq/u_gs_solver_seq/x_re_reg[0][21]_i_1845_n_0
                         CARRY4 (Prop_carry4_CI_CO[3])
                                                      0.117    95.058 r  u_mimo_detector_top_seq/u_gs_solver_seq/x_re_reg[0][21]_i_1594/CO[3]
                         net (fo=1, unplaced)         0.000    95.058    u_mimo_detector_top_seq/u_gs_solver_seq/x_re_reg[0][21]_i_1594_n_0
                         CARRY4 (Prop_carry4_CI_CO[3])
                                                      0.117    95.175 r  u_mimo_detector_top_seq/u_gs_solver_seq/x_re_reg[0][21]_i_1362/CO[3]
                         net (fo=1, unplaced)         0.000    95.175    u_mimo_detector_top_seq/u_gs_solver_seq/x_re_reg[0][21]_i_1362_n_0
                         CARRY4 (Prop_carry4_CI_CO[3])
                                                      0.117    95.292 r  u_mimo_detector_top_seq/u_gs_solver_seq/x_re_reg[0][21]_i_1151/CO[3]
                         net (fo=1, unplaced)         0.000    95.292    u_mimo_detector_top_seq/u_gs_solver_seq/x_re_reg[0][21]_i_1151_n_0
                         CARRY4 (Prop_carry4_CI_CO[3])
                                                      0.117    95.409 r  u_mimo_detector_top_seq/u_gs_solver_seq/x_re_reg[0][21]_i_961/CO[3]
                         net (fo=1, unplaced)         0.000    95.409    u_mimo_detector_top_seq/u_gs_solver_seq/x_re_reg[0][21]_i_961_n_0
                         CARRY4 (Prop_carry4_CI_CO[3])
                                                      0.117    95.526 r  u_mimo_detector_top_seq/u_gs_solver_seq/x_re_reg[0][21]_i_791/CO[3]
                         net (fo=1, unplaced)         0.000    95.526    u_mimo_detector_top_seq/u_gs_solver_seq/x_re_reg[0][21]_i_791_n_0
                         CARRY4 (Prop_carry4_CI_CO[3])
                                                      0.117    95.643 r  u_mimo_detector_top_seq/u_gs_solver_seq/x_re_reg[0][21]_i_635/CO[3]
                         net (fo=1, unplaced)         0.000    95.643    u_mimo_detector_top_seq/u_gs_solver_seq/x_re_reg[0][21]_i_635_n_0
                         CARRY4 (Prop_carry4_CI_CO[3])
                                                      0.117    95.760 r  u_mimo_detector_top_seq/u_gs_solver_seq/x_re_reg[0][21]_i_491/CO[3]
                         net (fo=1, unplaced)         0.000    95.760    u_mimo_detector_top_seq/u_gs_solver_seq/x_re_reg[0][21]_i_491_n_0
                         CARRY4 (Prop_carry4_CI_CO[3])
                                                      0.117    95.877 r  u_mimo_detector_top_seq/u_gs_solver_seq/x_re_reg[0][21]_i_391/CO[3]
                         net (fo=1, unplaced)         0.000    95.877    u_mimo_detector_top_seq/u_gs_solver_seq/x_re_reg[0][21]_i_391_n_0
                         CARRY4 (Prop_carry4_CI_CO[3])
                                                      0.117    95.994 r  u_mimo_detector_top_seq/u_gs_solver_seq/x_re_reg[0][21]_i_386/CO[3]
                         net (fo=1, unplaced)         0.000    95.994    u_mimo_detector_top_seq/u_gs_solver_seq/x_re_reg[0][21]_i_386_n_0
                         CARRY4 (Prop_carry4_CI_CO[3])
                                                      0.117    96.111 r  u_mimo_detector_top_seq/u_gs_solver_seq/x_re_reg[0][21]_i_381/CO[3]
                         net (fo=1, unplaced)         0.000    96.111    u_mimo_detector_top_seq/u_gs_solver_seq/x_re_reg[0][21]_i_381_n_0
                         CARRY4 (Prop_carry4_CI_CO[3])
                                                      0.117    96.228 r  u_mimo_detector_top_seq/u_gs_solver_seq/x_re_reg[0][21]_i_376/CO[3]
                         net (fo=1, unplaced)         0.000    96.228    u_mimo_detector_top_seq/u_gs_solver_seq/x_re_reg[0][21]_i_376_n_0
                         CARRY4 (Prop_carry4_CI_CO[3])
                                                      0.117    96.345 r  u_mimo_detector_top_seq/u_gs_solver_seq/x_re_reg[0][21]_i_371/CO[3]
                         net (fo=1, unplaced)         0.000    96.345    u_mimo_detector_top_seq/u_gs_solver_seq/x_re_reg[0][21]_i_371_n_0
                         CARRY4 (Prop_carry4_CI_CO[3])
                                                      0.117    96.462 r  u_mimo_detector_top_seq/u_gs_solver_seq/x_re_reg[0][21]_i_368/CO[3]
                         net (fo=1, unplaced)         0.000    96.462    u_mimo_detector_top_seq/u_gs_solver_seq/x_re_reg[0][21]_i_368_n_0
                         CARRY4 (Prop_carry4_CI_CO[1])
                                                      0.179    96.641 r  u_mimo_detector_top_seq/u_gs_solver_seq/x_re_reg[0][21]_i_367/CO[1]
                         net (fo=59, unplaced)        0.611    97.252    u_mimo_detector_top_seq/u_gs_solver_seq/x_re[0][21]_i_499[1]
                         CARRY4 (Prop_carry4_CYINIT_CO[3])
                                                      0.803    98.055 r  u_mimo_detector_top_seq/u_gs_solver_seq/x_re_reg[0][21]_i_1840/CO[3]
                         net (fo=1, unplaced)         0.009    98.064    u_mimo_detector_top_seq/u_gs_solver_seq/x_re_reg[0][21]_i_1840_n_0
                         CARRY4 (Prop_carry4_CI_CO[3])
                                                      0.117    98.181 r  u_mimo_detector_top_seq/u_gs_solver_seq/x_re_reg[0][21]_i_1589/CO[3]
                         net (fo=1, unplaced)         0.000    98.181    u_mimo_detector_top_seq/u_gs_solver_seq/x_re_reg[0][21]_i_1589_n_0
                         CARRY4 (Prop_carry4_CI_CO[3])
                                                      0.117    98.298 r  u_mimo_detector_top_seq/u_gs_solver_seq/x_re_reg[0][21]_i_1357/CO[3]
                         net (fo=1, unplaced)         0.000    98.298    u_mimo_detector_top_seq/u_gs_solver_seq/x_re_reg[0][21]_i_1357_n_0
                         CARRY4 (Prop_carry4_CI_CO[3])
                                                      0.117    98.415 r  u_mimo_detector_top_seq/u_gs_solver_seq/x_re_reg[0][21]_i_1146/CO[3]
                         net (fo=1, unplaced)         0.000    98.415    u_mimo_detector_top_seq/u_gs_solver_seq/x_re_reg[0][21]_i_1146_n_0
                         CARRY4 (Prop_carry4_CI_CO[3])
                                                      0.117    98.532 r  u_mimo_detector_top_seq/u_gs_solver_seq/x_re_reg[0][21]_i_956/CO[3]
                         net (fo=1, unplaced)         0.000    98.532    u_mimo_detector_top_seq/u_gs_solver_seq/x_re_reg[0][21]_i_956_n_0
                         CARRY4 (Prop_carry4_CI_CO[3])
                                                      0.117    98.649 r  u_mimo_detector_top_seq/u_gs_solver_seq/x_re_reg[0][21]_i_786/CO[3]
                         net (fo=1, unplaced)         0.000    98.649    u_mimo_detector_top_seq/u_gs_solver_seq/x_re_reg[0][21]_i_786_n_0
                         CARRY4 (Prop_carry4_CI_CO[3])
                                                      0.117    98.766 r  u_mimo_detector_top_seq/u_gs_solver_seq/x_re_reg[0][21]_i_630/CO[3]
                         net (fo=1, unplaced)         0.000    98.766    u_mimo_detector_top_seq/u_gs_solver_seq/x_re_reg[0][21]_i_630_n_0
                         CARRY4 (Prop_carry4_CI_CO[3])
                                                      0.117    98.883 r  u_mimo_detector_top_seq/u_gs_solver_seq/x_re_reg[0][21]_i_486/CO[3]
                         net (fo=1, unplaced)         0.000    98.883    u_mimo_detector_top_seq/u_gs_solver_seq/x_re_reg[0][21]_i_486_n_0
                         CARRY4 (Prop_carry4_CI_CO[3])
                                                      0.117    99.000 r  u_mimo_detector_top_seq/u_gs_solver_seq/x_re_reg[0][21]_i_362/CO[3]
                         net (fo=1, unplaced)         0.000    99.000    u_mimo_detector_top_seq/u_gs_solver_seq/x_re_reg[0][21]_i_362_n_0
                         CARRY4 (Prop_carry4_CI_CO[3])
                                                      0.117    99.117 r  u_mimo_detector_top_seq/u_gs_solver_seq/x_re_reg[0][21]_i_277/CO[3]
                         net (fo=1, unplaced)         0.000    99.117    u_mimo_detector_top_seq/u_gs_solver_seq/x_re_reg[0][21]_i_277_n_0
                         CARRY4 (Prop_carry4_CI_CO[3])
                                                      0.117    99.234 r  u_mimo_detector_top_seq/u_gs_solver_seq/x_re_reg[0][21]_i_272/CO[3]
                         net (fo=1, unplaced)         0.000    99.234    u_mimo_detector_top_seq/u_gs_solver_seq/x_re_reg[0][21]_i_272_n_0
                         CARRY4 (Prop_carry4_CI_CO[3])
                                                      0.117    99.351 r  u_mimo_detector_top_seq/u_gs_solver_seq/x_re_reg[0][21]_i_267/CO[3]
                         net (fo=1, unplaced)         0.000    99.351    u_mimo_detector_top_seq/u_gs_solver_seq/x_re_reg[0][21]_i_267_n_0
                         CARRY4 (Prop_carry4_CI_CO[3])
                                                      0.117    99.468 r  u_mimo_detector_top_seq/u_gs_solver_seq/x_re_reg[0][21]_i_262/CO[3]
                         net (fo=1, unplaced)         0.000    99.468    u_mimo_detector_top_seq/u_gs_solver_seq/x_re_reg[0][21]_i_262_n_0
                         CARRY4 (Prop_carry4_CI_CO[3])
                                                      0.117    99.585 r  u_mimo_detector_top_seq/u_gs_solver_seq/x_re_reg[0][21]_i_259/CO[3]
                         net (fo=1, unplaced)         0.000    99.585    u_mimo_detector_top_seq/u_gs_solver_seq/x_re_reg[0][21]_i_259_n_0
                         CARRY4 (Prop_carry4_CI_CO[1])
                                                      0.179    99.764 r  u_mimo_detector_top_seq/u_gs_solver_seq/x_re_reg[0][21]_i_258/CO[1]
                         net (fo=59, unplaced)        0.611   100.375    u_mimo_detector_top_seq/u_gs_solver_seq/x_re[0][21]_i_370[1]
                         CARRY4 (Prop_carry4_CYINIT_CO[3])
                                                      0.803   101.178 r  u_mimo_detector_top_seq/u_gs_solver_seq/x_re_reg[0][21]_i_1835/CO[3]
                         net (fo=1, unplaced)         0.009   101.187    u_mimo_detector_top_seq/u_gs_solver_seq/x_re_reg[0][21]_i_1835_n_0
                         CARRY4 (Prop_carry4_CI_CO[3])
                                                      0.117   101.304 r  u_mimo_detector_top_seq/u_gs_solver_seq/x_re_reg[0][21]_i_1584/CO[3]
                         net (fo=1, unplaced)         0.000   101.304    u_mimo_detector_top_seq/u_gs_solver_seq/x_re_reg[0][21]_i_1584_n_0
                         CARRY4 (Prop_carry4_CI_CO[3])
                                                      0.117   101.421 r  u_mimo_detector_top_seq/u_gs_solver_seq/x_re_reg[0][21]_i_1352/CO[3]
                         net (fo=1, unplaced)         0.000   101.421    u_mimo_detector_top_seq/u_gs_solver_seq/x_re_reg[0][21]_i_1352_n_0
                         CARRY4 (Prop_carry4_CI_CO[3])
                                                      0.117   101.538 r  u_mimo_detector_top_seq/u_gs_solver_seq/x_re_reg[0][21]_i_1141/CO[3]
                         net (fo=1, unplaced)         0.000   101.538    u_mimo_detector_top_seq/u_gs_solver_seq/x_re_reg[0][21]_i_1141_n_0
                         CARRY4 (Prop_carry4_CI_CO[3])
                                                      0.117   101.655 r  u_mimo_detector_top_seq/u_gs_solver_seq/x_re_reg[0][21]_i_951/CO[3]
                         net (fo=1, unplaced)         0.000   101.655    u_mimo_detector_top_seq/u_gs_solver_seq/x_re_reg[0][21]_i_951_n_0
                         CARRY4 (Prop_carry4_CI_CO[3])
                                                      0.117   101.772 r  u_mimo_detector_top_seq/u_gs_solver_seq/x_re_reg[0][21]_i_781/CO[3]
                         net (fo=1, unplaced)         0.000   101.772    u_mimo_detector_top_seq/u_gs_solver_seq/x_re_reg[0][21]_i_781_n_0
                         CARRY4 (Prop_carry4_CI_CO[3])
                                                      0.117   101.889 r  u_mimo_detector_top_seq/u_gs_solver_seq/x_re_reg[0][21]_i_625/CO[3]
                         net (fo=1, unplaced)         0.000   101.889    u_mimo_detector_top_seq/u_gs_solver_seq/x_re_reg[0][21]_i_625_n_0
                         CARRY4 (Prop_carry4_CI_CO[3])
                                                      0.117   102.006 r  u_mimo_detector_top_seq/u_gs_solver_seq/x_re_reg[0][21]_i_481/CO[3]
                         net (fo=1, unplaced)         0.000   102.006    u_mimo_detector_top_seq/u_gs_solver_seq/x_re_reg[0][21]_i_481_n_0
                         CARRY4 (Prop_carry4_CI_CO[3])
                                                      0.117   102.123 r  u_mimo_detector_top_seq/u_gs_solver_seq/x_re_reg[0][21]_i_357/CO[3]
                         net (fo=1, unplaced)         0.000   102.123    u_mimo_detector_top_seq/u_gs_solver_seq/x_re_reg[0][21]_i_357_n_0
                         CARRY4 (Prop_carry4_CI_CO[3])
                                                      0.117   102.240 r  u_mimo_detector_top_seq/u_gs_solver_seq/x_re_reg[0][21]_i_253/CO[3]
                         net (fo=1, unplaced)         0.000   102.240    u_mimo_detector_top_seq/u_gs_solver_seq/x_re_reg[0][21]_i_253_n_0
                         CARRY4 (Prop_carry4_CI_CO[3])
                                                      0.117   102.357 r  u_mimo_detector_top_seq/u_gs_solver_seq/x_re_reg[0][21]_i_182/CO[3]
                         net (fo=1, unplaced)         0.000   102.357    u_mimo_detector_top_seq/u_gs_solver_seq/x_re_reg[0][21]_i_182_n_0
                         CARRY4 (Prop_carry4_CI_CO[3])
                                                      0.117   102.474 r  u_mimo_detector_top_seq/u_gs_solver_seq/x_re_reg[0][21]_i_177/CO[3]
                         net (fo=1, unplaced)         0.000   102.474    u_mimo_detector_top_seq/u_gs_solver_seq/x_re_reg[0][21]_i_177_n_0
                         CARRY4 (Prop_carry4_CI_CO[3])
                                                      0.117   102.591 r  u_mimo_detector_top_seq/u_gs_solver_seq/x_re_reg[0][21]_i_172/CO[3]
                         net (fo=1, unplaced)         0.000   102.591    u_mimo_detector_top_seq/u_gs_solver_seq/x_re_reg[0][21]_i_172_n_0
                         CARRY4 (Prop_carry4_CI_CO[3])
                                                      0.117   102.708 r  u_mimo_detector_top_seq/u_gs_solver_seq/x_re_reg[0][21]_i_169/CO[3]
                         net (fo=1, unplaced)         0.000   102.708    u_mimo_detector_top_seq/u_gs_solver_seq/x_re_reg[0][21]_i_169_n_0
                         CARRY4 (Prop_carry4_CI_CO[1])
                                                      0.179   102.887 r  u_mimo_detector_top_seq/u_gs_solver_seq/x_re_reg[0][21]_i_168/CO[1]
                         net (fo=59, unplaced)        0.611   103.498    u_mimo_detector_top_seq/u_gs_solver_seq/x_re[0][21]_i_261[1]
                         CARRY4 (Prop_carry4_CYINIT_CO[3])
                                                      0.803   104.301 r  u_mimo_detector_top_seq/u_gs_solver_seq/x_re_reg[0][21]_i_1830/CO[3]
                         net (fo=1, unplaced)         0.009   104.310    u_mimo_detector_top_seq/u_gs_solver_seq/x_re_reg[0][21]_i_1830_n_0
                         CARRY4 (Prop_carry4_CI_CO[3])
                                                      0.117   104.427 r  u_mimo_detector_top_seq/u_gs_solver_seq/x_re_reg[0][21]_i_1579/CO[3]
                         net (fo=1, unplaced)         0.000   104.427    u_mimo_detector_top_seq/u_gs_solver_seq/x_re_reg[0][21]_i_1579_n_0
                         CARRY4 (Prop_carry4_CI_CO[3])
                                                      0.117   104.544 r  u_mimo_detector_top_seq/u_gs_solver_seq/x_re_reg[0][21]_i_1347/CO[3]
                         net (fo=1, unplaced)         0.000   104.544    u_mimo_detector_top_seq/u_gs_solver_seq/x_re_reg[0][21]_i_1347_n_0
                         CARRY4 (Prop_carry4_CI_CO[3])
                                                      0.117   104.661 r  u_mimo_detector_top_seq/u_gs_solver_seq/x_re_reg[0][21]_i_1136/CO[3]
                         net (fo=1, unplaced)         0.000   104.661    u_mimo_detector_top_seq/u_gs_solver_seq/x_re_reg[0][21]_i_1136_n_0
                         CARRY4 (Prop_carry4_CI_CO[3])
                                                      0.117   104.778 r  u_mimo_detector_top_seq/u_gs_solver_seq/x_re_reg[0][21]_i_946/CO[3]
                         net (fo=1, unplaced)         0.000   104.778    u_mimo_detector_top_seq/u_gs_solver_seq/x_re_reg[0][21]_i_946_n_0
                         CARRY4 (Prop_carry4_CI_CO[3])
                                                      0.117   104.895 r  u_mimo_detector_top_seq/u_gs_solver_seq/x_re_reg[0][21]_i_776/CO[3]
                         net (fo=1, unplaced)         0.000   104.895    u_mimo_detector_top_seq/u_gs_solver_seq/x_re_reg[0][21]_i_776_n_0
                         CARRY4 (Prop_carry4_CI_CO[3])
                                                      0.117   105.012 r  u_mimo_detector_top_seq/u_gs_solver_seq/x_re_reg[0][21]_i_620/CO[3]
                         net (fo=1, unplaced)         0.000   105.012    u_mimo_detector_top_seq/u_gs_solver_seq/x_re_reg[0][21]_i_620_n_0
                         CARRY4 (Prop_carry4_CI_CO[3])
                                                      0.117   105.129 r  u_mimo_detector_top_seq/u_gs_solver_seq/x_re_reg[0][21]_i_476/CO[3]
                         net (fo=1, unplaced)         0.000   105.129    u_mimo_detector_top_seq/u_gs_solver_seq/x_re_reg[0][21]_i_476_n_0
                         CARRY4 (Prop_carry4_CI_CO[3])
                                                      0.117   105.246 r  u_mimo_detector_top_seq/u_gs_solver_seq/x_re_reg[0][21]_i_352/CO[3]
                         net (fo=1, unplaced)         0.000   105.246    u_mimo_detector_top_seq/u_gs_solver_seq/x_re_reg[0][21]_i_352_n_0
                         CARRY4 (Prop_carry4_CI_CO[3])
                                                      0.117   105.363 r  u_mimo_detector_top_seq/u_gs_solver_seq/x_re_reg[0][21]_i_248/CO[3]
                         net (fo=1, unplaced)         0.000   105.363    u_mimo_detector_top_seq/u_gs_solver_seq/x_re_reg[0][21]_i_248_n_0
                         CARRY4 (Prop_carry4_CI_CO[3])
                                                      0.117   105.480 r  u_mimo_detector_top_seq/u_gs_solver_seq/x_re_reg[0][21]_i_163/CO[3]
                         net (fo=1, unplaced)         0.000   105.480    u_mimo_detector_top_seq/u_gs_solver_seq/x_re_reg[0][21]_i_163_n_0
                         CARRY4 (Prop_carry4_CI_CO[3])
                                                      0.117   105.597 r  u_mimo_detector_top_seq/u_gs_solver_seq/x_re_reg[0][21]_i_111/CO[3]
                         net (fo=1, unplaced)         0.000   105.597    u_mimo_detector_top_seq/u_gs_solver_seq/x_re_reg[0][21]_i_111_n_0
                         CARRY4 (Prop_carry4_CI_CO[3])
                                                      0.117   105.714 r  u_mimo_detector_top_seq/u_gs_solver_seq/x_re_reg[0][21]_i_106/CO[3]
                         net (fo=1, unplaced)         0.000   105.714    u_mimo_detector_top_seq/u_gs_solver_seq/x_re_reg[0][21]_i_106_n_0
                         CARRY4 (Prop_carry4_CI_CO[3])
                                                      0.117   105.831 r  u_mimo_detector_top_seq/u_gs_solver_seq/x_re_reg[0][21]_i_103/CO[3]
                         net (fo=1, unplaced)         0.000   105.831    u_mimo_detector_top_seq/u_gs_solver_seq/x_re_reg[0][21]_i_103_n_0
                         CARRY4 (Prop_carry4_CI_CO[1])
                                                      0.179   106.010 r  u_mimo_detector_top_seq/u_gs_solver_seq/x_re_reg[0][21]_i_102/CO[1]
                         net (fo=59, unplaced)        0.611   106.621    u_mimo_detector_top_seq/u_gs_solver_seq/x_re[0][21]_i_171[1]
                         CARRY4 (Prop_carry4_CYINIT_CO[3])
                                                      0.803   107.424 r  u_mimo_detector_top_seq/u_gs_solver_seq/x_re_reg[0][21]_i_1824/CO[3]
                         net (fo=1, unplaced)         0.009   107.433    u_mimo_detector_top_seq/u_gs_solver_seq/x_re_reg[0][21]_i_1824_n_0
                         CARRY4 (Prop_carry4_CI_CO[3])
                                                      0.117   107.550 r  u_mimo_detector_top_seq/u_gs_solver_seq/x_re_reg[0][21]_i_1573/CO[3]
                         net (fo=1, unplaced)         0.000   107.550    u_mimo_detector_top_seq/u_gs_solver_seq/x_re_reg[0][21]_i_1573_n_0
                         CARRY4 (Prop_carry4_CI_CO[3])
                                                      0.117   107.667 r  u_mimo_detector_top_seq/u_gs_solver_seq/x_re_reg[0][21]_i_1341/CO[3]
                         net (fo=1, unplaced)         0.000   107.667    u_mimo_detector_top_seq/u_gs_solver_seq/x_re_reg[0][21]_i_1341_n_0
                         CARRY4 (Prop_carry4_CI_CO[3])
                                                      0.117   107.784 r  u_mimo_detector_top_seq/u_gs_solver_seq/x_re_reg[0][21]_i_1131/CO[3]
                         net (fo=1, unplaced)         0.000   107.784    u_mimo_detector_top_seq/u_gs_solver_seq/x_re_reg[0][21]_i_1131_n_0
                         CARRY4 (Prop_carry4_CI_CO[3])
                                                      0.117   107.901 r  u_mimo_detector_top_seq/u_gs_solver_seq/x_re_reg[0][21]_i_941/CO[3]
                         net (fo=1, unplaced)         0.000   107.901    u_mimo_detector_top_seq/u_gs_solver_seq/x_re_reg[0][21]_i_941_n_0
                         CARRY4 (Prop_carry4_CI_CO[3])
                                                      0.117   108.018 r  u_mimo_detector_top_seq/u_gs_solver_seq/x_re_reg[0][21]_i_771/CO[3]
                         net (fo=1, unplaced)         0.000   108.018    u_mimo_detector_top_seq/u_gs_solver_seq/x_re_reg[0][21]_i_771_n_0
                         CARRY4 (Prop_carry4_CI_CO[3])
                                                      0.117   108.135 r  u_mimo_detector_top_seq/u_gs_solver_seq/x_re_reg[0][21]_i_615/CO[3]
                         net (fo=1, unplaced)         0.000   108.135    u_mimo_detector_top_seq/u_gs_solver_seq/x_re_reg[0][21]_i_615_n_0
                         CARRY4 (Prop_carry4_CI_CO[3])
                                                      0.117   108.252 r  u_mimo_detector_top_seq/u_gs_solver_seq/x_re_reg[0][21]_i_471/CO[3]
                         net (fo=1, unplaced)         0.000   108.252    u_mimo_detector_top_seq/u_gs_solver_seq/x_re_reg[0][21]_i_471_n_0
                         CARRY4 (Prop_carry4_CI_CO[3])
                                                      0.117   108.369 r  u_mimo_detector_top_seq/u_gs_solver_seq/x_re_reg[0][21]_i_347/CO[3]
                         net (fo=1, unplaced)         0.000   108.369    u_mimo_detector_top_seq/u_gs_solver_seq/x_re_reg[0][21]_i_347_n_0
                         CARRY4 (Prop_carry4_CI_CO[3])
                                                      0.117   108.486 r  u_mimo_detector_top_seq/u_gs_solver_seq/x_re_reg[0][21]_i_243/CO[3]
                         net (fo=1, unplaced)         0.000   108.486    u_mimo_detector_top_seq/u_gs_solver_seq/x_re_reg[0][21]_i_243_n_0
                         CARRY4 (Prop_carry4_CI_CO[3])
                                                      0.117   108.603 r  u_mimo_detector_top_seq/u_gs_solver_seq/x_re_reg[0][21]_i_158/CO[3]
                         net (fo=1, unplaced)         0.000   108.603    u_mimo_detector_top_seq/u_gs_solver_seq/x_re_reg[0][21]_i_158_n_0
                         CARRY4 (Prop_carry4_CI_CO[3])
                                                      0.117   108.720 r  u_mimo_detector_top_seq/u_gs_solver_seq/x_re_reg[0][21]_i_97/CO[3]
                         net (fo=1, unplaced)         0.000   108.720    u_mimo_detector_top_seq/u_gs_solver_seq/x_re_reg[0][21]_i_97_n_0
                         CARRY4 (Prop_carry4_CI_CO[3])
                                                      0.117   108.837 r  u_mimo_detector_top_seq/u_gs_solver_seq/x_re_reg[0][21]_i_60/CO[3]
                         net (fo=1, unplaced)         0.000   108.837    u_mimo_detector_top_seq/u_gs_solver_seq/x_re_reg[0][21]_i_60_n_0
                         CARRY4 (Prop_carry4_CI_CO[3])
                                                      0.117   108.954 r  u_mimo_detector_top_seq/u_gs_solver_seq/x_re_reg[0][21]_i_57/CO[3]
                         net (fo=1, unplaced)         0.000   108.954    u_mimo_detector_top_seq/u_gs_solver_seq/x_re_reg[0][21]_i_57_n_0
                         CARRY4 (Prop_carry4_CI_CO[1])
                                                      0.179   109.133 r  u_mimo_detector_top_seq/u_gs_solver_seq/x_re_reg[0][21]_i_56/CO[1]
                         net (fo=59, unplaced)        0.611   109.744    u_mimo_detector_top_seq/u_gs_solver_seq/x_re[0][21]_i_105[1]
                         CARRY4 (Prop_carry4_CYINIT_CO[3])
                                                      0.803   110.547 r  u_mimo_detector_top_seq/u_gs_solver_seq/x_re_reg[0][21]_i_1819/CO[3]
                         net (fo=1, unplaced)         0.009   110.556    u_mimo_detector_top_seq/u_gs_solver_seq/x_re_reg[0][21]_i_1819_n_0
                         CARRY4 (Prop_carry4_CI_CO[3])
                                                      0.117   110.673 r  u_mimo_detector_top_seq/u_gs_solver_seq/x_re_reg[0][21]_i_1568/CO[3]
                         net (fo=1, unplaced)         0.000   110.673    u_mimo_detector_top_seq/u_gs_solver_seq/x_re_reg[0][21]_i_1568_n_0
                         CARRY4 (Prop_carry4_CI_CO[3])
                                                      0.117   110.790 r  u_mimo_detector_top_seq/u_gs_solver_seq/x_re_reg[0][21]_i_1336/CO[3]
                         net (fo=1, unplaced)         0.000   110.790    u_mimo_detector_top_seq/u_gs_solver_seq/x_re_reg[0][21]_i_1336_n_0
                         CARRY4 (Prop_carry4_CI_CO[3])
                                                      0.117   110.907 r  u_mimo_detector_top_seq/u_gs_solver_seq/x_re_reg[0][21]_i_1126/CO[3]
                         net (fo=1, unplaced)         0.000   110.907    u_mimo_detector_top_seq/u_gs_solver_seq/x_re_reg[0][21]_i_1126_n_0
                         CARRY4 (Prop_carry4_CI_CO[3])
                                                      0.117   111.024 r  u_mimo_detector_top_seq/u_gs_solver_seq/x_re_reg[0][21]_i_936/CO[3]
                         net (fo=1, unplaced)         0.000   111.024    u_mimo_detector_top_seq/u_gs_solver_seq/x_re_reg[0][21]_i_936_n_0
                         CARRY4 (Prop_carry4_CI_CO[3])
                                                      0.117   111.141 r  u_mimo_detector_top_seq/u_gs_solver_seq/x_re_reg[0][21]_i_766/CO[3]
                         net (fo=1, unplaced)         0.000   111.141    u_mimo_detector_top_seq/u_gs_solver_seq/x_re_reg[0][21]_i_766_n_0
                         CARRY4 (Prop_carry4_CI_CO[3])
                                                      0.117   111.258 r  u_mimo_detector_top_seq/u_gs_solver_seq/x_re_reg[0][21]_i_610/CO[3]
                         net (fo=1, unplaced)         0.000   111.258    u_mimo_detector_top_seq/u_gs_solver_seq/x_re_reg[0][21]_i_610_n_0
                         CARRY4 (Prop_carry4_CI_CO[3])
                                                      0.117   111.375 r  u_mimo_detector_top_seq/u_gs_solver_seq/x_re_reg[0][21]_i_466/CO[3]
                         net (fo=1, unplaced)         0.000   111.375    u_mimo_detector_top_seq/u_gs_solver_seq/x_re_reg[0][21]_i_466_n_0
                         CARRY4 (Prop_carry4_CI_CO[3])
                                                      0.117   111.492 r  u_mimo_detector_top_seq/u_gs_solver_seq/x_re_reg[0][21]_i_342/CO[3]
                         net (fo=1, unplaced)         0.000   111.492    u_mimo_detector_top_seq/u_gs_solver_seq/x_re_reg[0][21]_i_342_n_0
                         CARRY4 (Prop_carry4_CI_CO[3])
                                                      0.117   111.609 r  u_mimo_detector_top_seq/u_gs_solver_seq/x_re_reg[0][21]_i_238/CO[3]
                         net (fo=1, unplaced)         0.000   111.609    u_mimo_detector_top_seq/u_gs_solver_seq/x_re_reg[0][21]_i_238_n_0
                         CARRY4 (Prop_carry4_CI_CO[3])
                                                      0.117   111.726 r  u_mimo_detector_top_seq/u_gs_solver_seq/x_re_reg[0][21]_i_153/CO[3]
                         net (fo=1, unplaced)         0.000   111.726    u_mimo_detector_top_seq/u_gs_solver_seq/x_re_reg[0][21]_i_153_n_0
                         CARRY4 (Prop_carry4_CI_CO[3])
                                                      0.117   111.843 r  u_mimo_detector_top_seq/u_gs_solver_seq/x_re_reg[0][21]_i_92/CO[3]
                         net (fo=1, unplaced)         0.000   111.843    u_mimo_detector_top_seq/u_gs_solver_seq/x_re_reg[0][21]_i_92_n_0
                         CARRY4 (Prop_carry4_CI_CO[3])
                                                      0.117   111.960 r  u_mimo_detector_top_seq/u_gs_solver_seq/x_re_reg[0][21]_i_51/CO[3]
                         net (fo=1, unplaced)         0.000   111.960    u_mimo_detector_top_seq/u_gs_solver_seq/x_re_reg[0][21]_i_51_n_0
                         CARRY4 (Prop_carry4_CI_CO[3])
                                                      0.117   112.077 r  u_mimo_detector_top_seq/u_gs_solver_seq/x_re_reg[0][21]_i_21/CO[3]
                         net (fo=1, unplaced)         0.000   112.077    u_mimo_detector_top_seq/u_gs_solver_seq/x_re_reg[0][21]_i_21_n_0
                         CARRY4 (Prop_carry4_CI_CO[1])
                                                      0.179   112.256 r  u_mimo_detector_top_seq/u_gs_solver_seq/x_re_reg[0][21]_i_20/CO[1]
                         net (fo=59, unplaced)        0.611   112.867    u_mimo_detector_top_seq/u_gs_solver_seq/x_re[0][21]_i_59[1]
                         CARRY4 (Prop_carry4_CYINIT_CO[3])
                                                      0.803   113.670 r  u_mimo_detector_top_seq/u_gs_solver_seq/x_re_reg[0][21]_i_1818/CO[3]
                         net (fo=1, unplaced)         0.009   113.679    u_mimo_detector_top_seq/u_gs_solver_seq/x_re_reg[0][21]_i_1818_n_0
                         CARRY4 (Prop_carry4_CI_CO[3])
                                                      0.117   113.796 r  u_mimo_detector_top_seq/u_gs_solver_seq/x_re_reg[0][21]_i_1567/CO[3]
                         net (fo=1, unplaced)         0.000   113.796    u_mimo_detector_top_seq/u_gs_solver_seq/x_re_reg[0][21]_i_1567_n_0
                         CARRY4 (Prop_carry4_CI_CO[3])
                                                      0.117   113.913 r  u_mimo_detector_top_seq/u_gs_solver_seq/x_re_reg[0][21]_i_1335/CO[3]
                         net (fo=1, unplaced)         0.000   113.913    u_mimo_detector_top_seq/u_gs_solver_seq/x_re_reg[0][21]_i_1335_n_0
                         CARRY4 (Prop_carry4_CI_CO[3])
                                                      0.117   114.030 r  u_mimo_detector_top_seq/u_gs_solver_seq/x_re_reg[0][21]_i_1125/CO[3]
                         net (fo=1, unplaced)         0.000   114.030    u_mimo_detector_top_seq/u_gs_solver_seq/x_re_reg[0][21]_i_1125_n_0
                         CARRY4 (Prop_carry4_CI_CO[3])
                                                      0.117   114.147 r  u_mimo_detector_top_seq/u_gs_solver_seq/x_re_reg[0][21]_i_935/CO[3]
                         net (fo=1, unplaced)         0.000   114.147    u_mimo_detector_top_seq/u_gs_solver_seq/x_re_reg[0][21]_i_935_n_0
                         CARRY4 (Prop_carry4_CI_CO[3])
                                                      0.117   114.264 r  u_mimo_detector_top_seq/u_gs_solver_seq/x_re_reg[0][21]_i_765/CO[3]
                         net (fo=1, unplaced)         0.000   114.264    u_mimo_detector_top_seq/u_gs_solver_seq/x_re_reg[0][21]_i_765_n_0
                         CARRY4 (Prop_carry4_CI_CO[3])
                                                      0.117   114.381 r  u_mimo_detector_top_seq/u_gs_solver_seq/x_re_reg[0][21]_i_609/CO[3]
                         net (fo=1, unplaced)         0.000   114.381    u_mimo_detector_top_seq/u_gs_solver_seq/x_re_reg[0][21]_i_609_n_0
                         CARRY4 (Prop_carry4_CI_CO[3])
                                                      0.117   114.498 r  u_mimo_detector_top_seq/u_gs_solver_seq/x_re_reg[0][21]_i_465/CO[3]
                         net (fo=1, unplaced)         0.000   114.498    u_mimo_detector_top_seq/u_gs_solver_seq/x_re_reg[0][21]_i_465_n_0
                         CARRY4 (Prop_carry4_CI_CO[3])
                                                      0.117   114.615 r  u_mimo_detector_top_seq/u_gs_solver_seq/x_re_reg[0][21]_i_341/CO[3]
                         net (fo=1, unplaced)         0.000   114.615    u_mimo_detector_top_seq/u_gs_solver_seq/x_re_reg[0][21]_i_341_n_0
                         CARRY4 (Prop_carry4_CI_CO[3])
                                                      0.117   114.732 r  u_mimo_detector_top_seq/u_gs_solver_seq/x_re_reg[0][21]_i_237/CO[3]
                         net (fo=1, unplaced)         0.000   114.732    u_mimo_detector_top_seq/u_gs_solver_seq/x_re_reg[0][21]_i_237_n_0
                         CARRY4 (Prop_carry4_CI_CO[3])
                                                      0.117   114.849 r  u_mimo_detector_top_seq/u_gs_solver_seq/x_re_reg[0][21]_i_152/CO[3]
                         net (fo=1, unplaced)         0.000   114.849    u_mimo_detector_top_seq/u_gs_solver_seq/x_re_reg[0][21]_i_152_n_0
                         CARRY4 (Prop_carry4_CI_CO[3])
                                                      0.117   114.965 r  u_mimo_detector_top_seq/u_gs_solver_seq/x_re_reg[0][21]_i_91/CO[3]
                         net (fo=1, unplaced)         0.000   114.965    u_mimo_detector_top_seq/u_gs_solver_seq/x_re_reg[0][21]_i_91_n_0
                         CARRY4 (Prop_carry4_CI_CO[3])
                                                      0.117   115.082 r  u_mimo_detector_top_seq/u_gs_solver_seq/x_re_reg[0][21]_i_50/CO[3]
                         net (fo=1, unplaced)         0.000   115.082    u_mimo_detector_top_seq/u_gs_solver_seq/x_re_reg[0][21]_i_50_n_0
                         CARRY4 (Prop_carry4_CI_CO[3])
                                                      0.117   115.199 r  u_mimo_detector_top_seq/u_gs_solver_seq/x_re_reg[0][21]_i_19/CO[3]
                         net (fo=1, unplaced)         0.000   115.199    u_mimo_detector_top_seq/u_gs_solver_seq/x_re_reg[0][21]_i_19_n_0
                         CARRY4 (Prop_carry4_CI_CO[1])
                                                      0.179   115.378 r  u_mimo_detector_top_seq/u_gs_solver_seq/x_re_reg[0][21]_i_5/CO[1]
                         net (fo=61, unplaced)        0.612   115.990    u_mimo_detector_top_seq/u_gs_solver_seq/p_2_out[20]
                         CARRY4 (Prop_carry4_CYINIT_CO[3])
                                                      0.803   116.793 r  u_mimo_detector_top_seq/u_gs_solver_seq/x_re_reg[0][20]_i_143/CO[3]
                         net (fo=1, unplaced)         0.009   116.802    u_mimo_detector_top_seq/u_gs_solver_seq/x_re_reg[0][20]_i_143_n_0
                         CARRY4 (Prop_carry4_CI_CO[3])
                                                      0.117   116.919 r  u_mimo_detector_top_seq/u_gs_solver_seq/x_re_reg[0][20]_i_133/CO[3]
                         net (fo=1, unplaced)         0.000   116.919    u_mimo_detector_top_seq/u_gs_solver_seq/x_re_reg[0][20]_i_133_n_0
                         CARRY4 (Prop_carry4_CI_CO[3])
                                                      0.117   117.036 r  u_mimo_detector_top_seq/u_gs_solver_seq/x_re_reg[0][20]_i_123/CO[3]
                         net (fo=1, unplaced)         0.000   117.036    u_mimo_detector_top_seq/u_gs_solver_seq/x_re_reg[0][20]_i_123_n_0
                         CARRY4 (Prop_carry4_CI_CO[3])
                                                      0.117   117.153 r  u_mimo_detector_top_seq/u_gs_solver_seq/x_re_reg[0][20]_i_113/CO[3]
                         net (fo=1, unplaced)         0.000   117.153    u_mimo_detector_top_seq/u_gs_solver_seq/x_re_reg[0][20]_i_113_n_0
                         CARRY4 (Prop_carry4_CI_CO[3])
                                                      0.117   117.270 r  u_mimo_detector_top_seq/u_gs_solver_seq/x_re_reg[0][20]_i_103/CO[3]
                         net (fo=1, unplaced)         0.000   117.270    u_mimo_detector_top_seq/u_gs_solver_seq/x_re_reg[0][20]_i_103_n_0
                         CARRY4 (Prop_carry4_CI_CO[3])
                                                      0.117   117.387 r  u_mimo_detector_top_seq/u_gs_solver_seq/x_re_reg[0][20]_i_93/CO[3]
                         net (fo=1, unplaced)         0.000   117.387    u_mimo_detector_top_seq/u_gs_solver_seq/x_re_reg[0][20]_i_93_n_0
                         CARRY4 (Prop_carry4_CI_CO[3])
                                                      0.117   117.504 r  u_mimo_detector_top_seq/u_gs_solver_seq/x_re_reg[0][20]_i_83/CO[3]
                         net (fo=1, unplaced)         0.000   117.504    u_mimo_detector_top_seq/u_gs_solver_seq/x_re_reg[0][20]_i_83_n_0
                         CARRY4 (Prop_carry4_CI_CO[3])
                                                      0.117   117.621 r  u_mimo_detector_top_seq/u_gs_solver_seq/x_re_reg[0][20]_i_73/CO[3]
                         net (fo=1, unplaced)         0.000   117.621    u_mimo_detector_top_seq/u_gs_solver_seq/x_re_reg[0][20]_i_73_n_0
                         CARRY4 (Prop_carry4_CI_CO[3])
                                                      0.117   117.738 r  u_mimo_detector_top_seq/u_gs_solver_seq/x_re_reg[0][20]_i_63/CO[3]
                         net (fo=1, unplaced)         0.000   117.738    u_mimo_detector_top_seq/u_gs_solver_seq/x_re_reg[0][20]_i_63_n_0
                         CARRY4 (Prop_carry4_CI_CO[3])
                                                      0.117   117.855 r  u_mimo_detector_top_seq/u_gs_solver_seq/x_re_reg[0][20]_i_53/CO[3]
                         net (fo=1, unplaced)         0.000   117.855    u_mimo_detector_top_seq/u_gs_solver_seq/x_re_reg[0][20]_i_53_n_0
                         CARRY4 (Prop_carry4_CI_CO[3])
                                                      0.117   117.972 r  u_mimo_detector_top_seq/u_gs_solver_seq/x_re_reg[0][20]_i_43/CO[3]
                         net (fo=1, unplaced)         0.000   117.972    u_mimo_detector_top_seq/u_gs_solver_seq/x_re_reg[0][20]_i_43_n_0
                         CARRY4 (Prop_carry4_CI_CO[3])
                                                      0.117   118.089 r  u_mimo_detector_top_seq/u_gs_solver_seq/x_re_reg[0][20]_i_33/CO[3]
                         net (fo=1, unplaced)         0.000   118.089    u_mimo_detector_top_seq/u_gs_solver_seq/x_re_reg[0][20]_i_33_n_0
                         CARRY4 (Prop_carry4_CI_CO[3])
                                                      0.117   118.206 r  u_mimo_detector_top_seq/u_gs_solver_seq/x_re_reg[0][20]_i_23/CO[3]
                         net (fo=1, unplaced)         0.000   118.206    u_mimo_detector_top_seq/u_gs_solver_seq/x_re_reg[0][20]_i_23_n_0
                         CARRY4 (Prop_carry4_CI_CO[3])
                                                      0.117   118.323 r  u_mimo_detector_top_seq/u_gs_solver_seq/x_re_reg[0][20]_i_15/CO[3]
                         net (fo=1, unplaced)         0.000   118.323    u_mimo_detector_top_seq/u_gs_solver_seq/x_re_reg[0][20]_i_15_n_0
                         CARRY4 (Prop_carry4_CI_CO[1])
                                                      0.179   118.502 r  u_mimo_detector_top_seq/u_gs_solver_seq/x_re_reg[0][20]_i_7/CO[1]
                         net (fo=61, unplaced)        0.612   119.114    u_mimo_detector_top_seq/u_gs_solver_seq/p_2_out[19]
                         CARRY4 (Prop_carry4_CYINIT_CO[3])
                                                      0.803   119.917 r  u_mimo_detector_top_seq/u_gs_solver_seq/x_re_reg[0][19]_i_138/CO[3]
                         net (fo=1, unplaced)         0.009   119.926    u_mimo_detector_top_seq/u_gs_solver_seq/x_re_reg[0][19]_i_138_n_0
                         CARRY4 (Prop_carry4_CI_CO[3])
                                                      0.117   120.043 r  u_mimo_detector_top_seq/u_gs_solver_seq/x_re_reg[0][19]_i_128/CO[3]
                         net (fo=1, unplaced)         0.000   120.043    u_mimo_detector_top_seq/u_gs_solver_seq/x_re_reg[0][19]_i_128_n_0
                         CARRY4 (Prop_carry4_CI_CO[3])
                                                      0.117   120.160 r  u_mimo_detector_top_seq/u_gs_solver_seq/x_re_reg[0][19]_i_118/CO[3]
                         net (fo=1, unplaced)         0.000   120.160    u_mimo_detector_top_seq/u_gs_solver_seq/x_re_reg[0][19]_i_118_n_0
                         CARRY4 (Prop_carry4_CI_CO[3])
                                                      0.117   120.277 r  u_mimo_detector_top_seq/u_gs_solver_seq/x_re_reg[0][19]_i_108/CO[3]
                         net (fo=1, unplaced)         0.000   120.277    u_mimo_detector_top_seq/u_gs_solver_seq/x_re_reg[0][19]_i_108_n_0
                         CARRY4 (Prop_carry4_CI_CO[3])
                                                      0.117   120.394 r  u_mimo_detector_top_seq/u_gs_solver_seq/x_re_reg[0][19]_i_98/CO[3]
                         net (fo=1, unplaced)         0.000   120.394    u_mimo_detector_top_seq/u_gs_solver_seq/x_re_reg[0][19]_i_98_n_0
                         CARRY4 (Prop_carry4_CI_CO[3])
                                                      0.117   120.511 r  u_mimo_detector_top_seq/u_gs_solver_seq/x_re_reg[0][19]_i_88/CO[3]
                         net (fo=1, unplaced)         0.000   120.511    u_mimo_detector_top_seq/u_gs_solver_seq/x_re_reg[0][19]_i_88_n_0
                         CARRY4 (Prop_carry4_CI_CO[3])
                                                      0.117   120.628 r  u_mimo_detector_top_seq/u_gs_solver_seq/x_re_reg[0][19]_i_78/CO[3]
                         net (fo=1, unplaced)         0.000   120.628    u_mimo_detector_top_seq/u_gs_solver_seq/x_re_reg[0][19]_i_78_n_0
                         CARRY4 (Prop_carry4_CI_CO[3])
                                                      0.117   120.745 r  u_mimo_detector_top_seq/u_gs_solver_seq/x_re_reg[0][19]_i_68/CO[3]
                         net (fo=1, unplaced)         0.000   120.745    u_mimo_detector_top_seq/u_gs_solver_seq/x_re_reg[0][19]_i_68_n_0
                         CARRY4 (Prop_carry4_CI_CO[3])
                                                      0.117   120.862 r  u_mimo_detector_top_seq/u_gs_solver_seq/x_re_reg[0][19]_i_58/CO[3]
                         net (fo=1, unplaced)         0.000   120.862    u_mimo_detector_top_seq/u_gs_solver_seq/x_re_reg[0][19]_i_58_n_0
                         CARRY4 (Prop_carry4_CI_CO[3])
                                                      0.117   120.979 r  u_mimo_detector_top_seq/u_gs_solver_seq/x_re_reg[0][19]_i_48/CO[3]
                         net (fo=1, unplaced)         0.000   120.979    u_mimo_detector_top_seq/u_gs_solver_seq/x_re_reg[0][19]_i_48_n_0
                         CARRY4 (Prop_carry4_CI_CO[3])
                                                      0.117   121.096 r  u_mimo_detector_top_seq/u_gs_solver_seq/x_re_reg[0][19]_i_38/CO[3]
                         net (fo=1, unplaced)         0.000   121.096    u_mimo_detector_top_seq/u_gs_solver_seq/x_re_reg[0][19]_i_38_n_0
                         CARRY4 (Prop_carry4_CI_CO[3])
                                                      0.117   121.213 r  u_mimo_detector_top_seq/u_gs_solver_seq/x_re_reg[0][19]_i_28/CO[3]
                         net (fo=1, unplaced)         0.000   121.213    u_mimo_detector_top_seq/u_gs_solver_seq/x_re_reg[0][19]_i_28_n_0
                         CARRY4 (Prop_carry4_CI_CO[3])
                                                      0.117   121.330 r  u_mimo_detector_top_seq/u_gs_solver_seq/x_re_reg[0][19]_i_18/CO[3]
                         net (fo=1, unplaced)         0.000   121.330    u_mimo_detector_top_seq/u_gs_solver_seq/x_re_reg[0][19]_i_18_n_0
                         CARRY4 (Prop_carry4_CI_CO[3])
                                                      0.117   121.447 r  u_mimo_detector_top_seq/u_gs_solver_seq/x_re_reg[0][19]_i_10/CO[3]
                         net (fo=1, unplaced)         0.000   121.447    u_mimo_detector_top_seq/u_gs_solver_seq/x_re_reg[0][19]_i_10_n_0
                         CARRY4 (Prop_carry4_CI_CO[1])
                                                      0.179   121.626 r  u_mimo_detector_top_seq/u_gs_solver_seq/x_re_reg[0][19]_i_6/CO[1]
                         net (fo=61, unplaced)        0.612   122.238    u_mimo_detector_top_seq/u_gs_solver_seq/p_2_out[18]
                         CARRY4 (Prop_carry4_CYINIT_CO[3])
                                                      0.803   123.041 r  u_mimo_detector_top_seq/u_gs_solver_seq/x_re_reg[0][18]_i_138/CO[3]
                         net (fo=1, unplaced)         0.009   123.050    u_mimo_detector_top_seq/u_gs_solver_seq/x_re_reg[0][18]_i_138_n_0
                         CARRY4 (Prop_carry4_CI_CO[3])
                                                      0.117   123.167 r  u_mimo_detector_top_seq/u_gs_solver_seq/x_re_reg[0][18]_i_128/CO[3]
                         net (fo=1, unplaced)         0.000   123.167    u_mimo_detector_top_seq/u_gs_solver_seq/x_re_reg[0][18]_i_128_n_0
                         CARRY4 (Prop_carry4_CI_CO[3])
                                                      0.117   123.284 r  u_mimo_detector_top_seq/u_gs_solver_seq/x_re_reg[0][18]_i_118/CO[3]
                         net (fo=1, unplaced)         0.000   123.284    u_mimo_detector_top_seq/u_gs_solver_seq/x_re_reg[0][18]_i_118_n_0
                         CARRY4 (Prop_carry4_CI_CO[3])
                                                      0.117   123.401 r  u_mimo_detector_top_seq/u_gs_solver_seq/x_re_reg[0][18]_i_108/CO[3]
                         net (fo=1, unplaced)         0.000   123.401    u_mimo_detector_top_seq/u_gs_solver_seq/x_re_reg[0][18]_i_108_n_0
                         CARRY4 (Prop_carry4_CI_CO[3])
                                                      0.117   123.518 r  u_mimo_detector_top_seq/u_gs_solver_seq/x_re_reg[0][18]_i_98/CO[3]
                         net (fo=1, unplaced)         0.000   123.518    u_mimo_detector_top_seq/u_gs_solver_seq/x_re_reg[0][18]_i_98_n_0
                         CARRY4 (Prop_carry4_CI_CO[3])
                                                      0.117   123.635 r  u_mimo_detector_top_seq/u_gs_solver_seq/x_re_reg[0][18]_i_88/CO[3]
                         net (fo=1, unplaced)         0.000   123.635    u_mimo_detector_top_seq/u_gs_solver_seq/x_re_reg[0][18]_i_88_n_0
                         CARRY4 (Prop_carry4_CI_CO[3])
                                                      0.117   123.752 r  u_mimo_detector_top_seq/u_gs_solver_seq/x_re_reg[0][18]_i_78/CO[3]
                         net (fo=1, unplaced)         0.000   123.752    u_mimo_detector_top_seq/u_gs_solver_seq/x_re_reg[0][18]_i_78_n_0
                         CARRY4 (Prop_carry4_CI_CO[3])
                                                      0.117   123.869 r  u_mimo_detector_top_seq/u_gs_solver_seq/x_re_reg[0][18]_i_68/CO[3]
                         net (fo=1, unplaced)         0.000   123.869    u_mimo_detector_top_seq/u_gs_solver_seq/x_re_reg[0][18]_i_68_n_0
                         CARRY4 (Prop_carry4_CI_CO[3])
                                                      0.117   123.986 r  u_mimo_detector_top_seq/u_gs_solver_seq/x_re_reg[0][18]_i_58/CO[3]
                         net (fo=1, unplaced)         0.000   123.986    u_mimo_detector_top_seq/u_gs_solver_seq/x_re_reg[0][18]_i_58_n_0
                         CARRY4 (Prop_carry4_CI_CO[3])
                                                      0.117   124.103 r  u_mimo_detector_top_seq/u_gs_solver_seq/x_re_reg[0][18]_i_48/CO[3]
                         net (fo=1, unplaced)         0.000   124.103    u_mimo_detector_top_seq/u_gs_solver_seq/x_re_reg[0][18]_i_48_n_0
                         CARRY4 (Prop_carry4_CI_CO[3])
                                                      0.117   124.220 r  u_mimo_detector_top_seq/u_gs_solver_seq/x_re_reg[0][18]_i_38/CO[3]
                         net (fo=1, unplaced)         0.000   124.220    u_mimo_detector_top_seq/u_gs_solver_seq/x_re_reg[0][18]_i_38_n_0
                         CARRY4 (Prop_carry4_CI_CO[3])
                                                      0.117   124.337 r  u_mimo_detector_top_seq/u_gs_solver_seq/x_re_reg[0][18]_i_28/CO[3]
                         net (fo=1, unplaced)         0.000   124.337    u_mimo_detector_top_seq/u_gs_solver_seq/x_re_reg[0][18]_i_28_n_0
                         CARRY4 (Prop_carry4_CI_CO[3])
                                                      0.117   124.454 r  u_mimo_detector_top_seq/u_gs_solver_seq/x_re_reg[0][18]_i_18/CO[3]
                         net (fo=1, unplaced)         0.000   124.454    u_mimo_detector_top_seq/u_gs_solver_seq/x_re_reg[0][18]_i_18_n_0
                         CARRY4 (Prop_carry4_CI_CO[3])
                                                      0.117   124.571 r  u_mimo_detector_top_seq/u_gs_solver_seq/x_re_reg[0][18]_i_10/CO[3]
                         net (fo=1, unplaced)         0.000   124.571    u_mimo_detector_top_seq/u_gs_solver_seq/x_re_reg[0][18]_i_10_n_0
                         CARRY4 (Prop_carry4_CI_CO[1])
                                                      0.179   124.750 r  u_mimo_detector_top_seq/u_gs_solver_seq/x_re_reg[0][18]_i_6/CO[1]
                         net (fo=61, unplaced)        0.612   125.362    u_mimo_detector_top_seq/u_gs_solver_seq/p_2_out[17]
                         CARRY4 (Prop_carry4_CYINIT_CO[3])
                                                      0.803   126.165 r  u_mimo_detector_top_seq/u_gs_solver_seq/x_re_reg[0][17]_i_138/CO[3]
                         net (fo=1, unplaced)         0.009   126.174    u_mimo_detector_top_seq/u_gs_solver_seq/x_re_reg[0][17]_i_138_n_0
                         CARRY4 (Prop_carry4_CI_CO[3])
                                                      0.117   126.291 r  u_mimo_detector_top_seq/u_gs_solver_seq/x_re_reg[0][17]_i_128/CO[3]
                         net (fo=1, unplaced)         0.000   126.291    u_mimo_detector_top_seq/u_gs_solver_seq/x_re_reg[0][17]_i_128_n_0
                         CARRY4 (Prop_carry4_CI_CO[3])
                                                      0.117   126.408 r  u_mimo_detector_top_seq/u_gs_solver_seq/x_re_reg[0][17]_i_118/CO[3]
                         net (fo=1, unplaced)         0.000   126.408    u_mimo_detector_top_seq/u_gs_solver_seq/x_re_reg[0][17]_i_118_n_0
                         CARRY4 (Prop_carry4_CI_CO[3])
                                                      0.117   126.525 r  u_mimo_detector_top_seq/u_gs_solver_seq/x_re_reg[0][17]_i_108/CO[3]
                         net (fo=1, unplaced)         0.000   126.525    u_mimo_detector_top_seq/u_gs_solver_seq/x_re_reg[0][17]_i_108_n_0
                         CARRY4 (Prop_carry4_CI_CO[3])
                                                      0.117   126.642 r  u_mimo_detector_top_seq/u_gs_solver_seq/x_re_reg[0][17]_i_98/CO[3]
                         net (fo=1, unplaced)         0.000   126.642    u_mimo_detector_top_seq/u_gs_solver_seq/x_re_reg[0][17]_i_98_n_0
                         CARRY4 (Prop_carry4_CI_CO[3])
                                                      0.117   126.759 r  u_mimo_detector_top_seq/u_gs_solver_seq/x_re_reg[0][17]_i_88/CO[3]
                         net (fo=1, unplaced)         0.000   126.759    u_mimo_detector_top_seq/u_gs_solver_seq/x_re_reg[0][17]_i_88_n_0
                         CARRY4 (Prop_carry4_CI_CO[3])
                                                      0.117   126.876 r  u_mimo_detector_top_seq/u_gs_solver_seq/x_re_reg[0][17]_i_78/CO[3]
                         net (fo=1, unplaced)         0.000   126.876    u_mimo_detector_top_seq/u_gs_solver_seq/x_re_reg[0][17]_i_78_n_0
                         CARRY4 (Prop_carry4_CI_CO[3])
                                                      0.117   126.993 r  u_mimo_detector_top_seq/u_gs_solver_seq/x_re_reg[0][17]_i_68/CO[3]
                         net (fo=1, unplaced)         0.000   126.993    u_mimo_detector_top_seq/u_gs_solver_seq/x_re_reg[0][17]_i_68_n_0
                         CARRY4 (Prop_carry4_CI_CO[3])
                                                      0.117   127.110 r  u_mimo_detector_top_seq/u_gs_solver_seq/x_re_reg[0][17]_i_58/CO[3]
                         net (fo=1, unplaced)         0.000   127.110    u_mimo_detector_top_seq/u_gs_solver_seq/x_re_reg[0][17]_i_58_n_0
                         CARRY4 (Prop_carry4_CI_CO[3])
                                                      0.117   127.227 r  u_mimo_detector_top_seq/u_gs_solver_seq/x_re_reg[0][17]_i_48/CO[3]
                         net (fo=1, unplaced)         0.000   127.227    u_mimo_detector_top_seq/u_gs_solver_seq/x_re_reg[0][17]_i_48_n_0
                         CARRY4 (Prop_carry4_CI_CO[3])
                                                      0.117   127.344 r  u_mimo_detector_top_seq/u_gs_solver_seq/x_re_reg[0][17]_i_38/CO[3]
                         net (fo=1, unplaced)         0.000   127.344    u_mimo_detector_top_seq/u_gs_solver_seq/x_re_reg[0][17]_i_38_n_0
                         CARRY4 (Prop_carry4_CI_CO[3])
                                                      0.117   127.461 r  u_mimo_detector_top_seq/u_gs_solver_seq/x_re_reg[0][17]_i_28/CO[3]
                         net (fo=1, unplaced)         0.000   127.461    u_mimo_detector_top_seq/u_gs_solver_seq/x_re_reg[0][17]_i_28_n_0
                         CARRY4 (Prop_carry4_CI_CO[3])
                                                      0.117   127.578 r  u_mimo_detector_top_seq/u_gs_solver_seq/x_re_reg[0][17]_i_18/CO[3]
                         net (fo=1, unplaced)         0.000   127.578    u_mimo_detector_top_seq/u_gs_solver_seq/x_re_reg[0][17]_i_18_n_0
                         CARRY4 (Prop_carry4_CI_CO[3])
                                                      0.117   127.695 r  u_mimo_detector_top_seq/u_gs_solver_seq/x_re_reg[0][17]_i_10/CO[3]
                         net (fo=1, unplaced)         0.000   127.695    u_mimo_detector_top_seq/u_gs_solver_seq/x_re_reg[0][17]_i_10_n_0
                         CARRY4 (Prop_carry4_CI_CO[1])
                                                      0.179   127.874 r  u_mimo_detector_top_seq/u_gs_solver_seq/x_re_reg[0][17]_i_6/CO[1]
                         net (fo=61, unplaced)        0.612   128.486    u_mimo_detector_top_seq/u_gs_solver_seq/p_2_out[16]
                         CARRY4 (Prop_carry4_CYINIT_CO[3])
                                                      0.803   129.289 r  u_mimo_detector_top_seq/u_gs_solver_seq/x_re_reg[0][16]_i_148/CO[3]
                         net (fo=1, unplaced)         0.009   129.298    u_mimo_detector_top_seq/u_gs_solver_seq/x_re_reg[0][16]_i_148_n_0
                         CARRY4 (Prop_carry4_CI_CO[3])
                                                      0.117   129.415 r  u_mimo_detector_top_seq/u_gs_solver_seq/x_re_reg[0][16]_i_138/CO[3]
                         net (fo=1, unplaced)         0.000   129.415    u_mimo_detector_top_seq/u_gs_solver_seq/x_re_reg[0][16]_i_138_n_0
                         CARRY4 (Prop_carry4_CI_CO[3])
                                                      0.117   129.532 r  u_mimo_detector_top_seq/u_gs_solver_seq/x_re_reg[0][16]_i_128/CO[3]
                         net (fo=1, unplaced)         0.000   129.532    u_mimo_detector_top_seq/u_gs_solver_seq/x_re_reg[0][16]_i_128_n_0
                         CARRY4 (Prop_carry4_CI_CO[3])
                                                      0.117   129.649 r  u_mimo_detector_top_seq/u_gs_solver_seq/x_re_reg[0][16]_i_118/CO[3]
                         net (fo=1, unplaced)         0.000   129.649    u_mimo_detector_top_seq/u_gs_solver_seq/x_re_reg[0][16]_i_118_n_0
                         CARRY4 (Prop_carry4_CI_CO[3])
                                                      0.117   129.766 r  u_mimo_detector_top_seq/u_gs_solver_seq/x_re_reg[0][16]_i_108/CO[3]
                         net (fo=1, unplaced)         0.000   129.766    u_mimo_detector_top_seq/u_gs_solver_seq/x_re_reg[0][16]_i_108_n_0
                         CARRY4 (Prop_carry4_CI_CO[3])
                                                      0.117   129.883 r  u_mimo_detector_top_seq/u_gs_solver_seq/x_re_reg[0][16]_i_98/CO[3]
                         net (fo=1, unplaced)         0.000   129.883    u_mimo_detector_top_seq/u_gs_solver_seq/x_re_reg[0][16]_i_98_n_0
                         CARRY4 (Prop_carry4_CI_CO[3])
                                                      0.117   130.000 r  u_mimo_detector_top_seq/u_gs_solver_seq/x_re_reg[0][16]_i_88/CO[3]
                         net (fo=1, unplaced)         0.000   130.000    u_mimo_detector_top_seq/u_gs_solver_seq/x_re_reg[0][16]_i_88_n_0
                         CARRY4 (Prop_carry4_CI_CO[3])
                                                      0.117   130.117 r  u_mimo_detector_top_seq/u_gs_solver_seq/x_re_reg[0][16]_i_78/CO[3]
                         net (fo=1, unplaced)         0.000   130.117    u_mimo_detector_top_seq/u_gs_solver_seq/x_re_reg[0][16]_i_78_n_0
                         CARRY4 (Prop_carry4_CI_CO[3])
                                                      0.117   130.234 r  u_mimo_detector_top_seq/u_gs_solver_seq/x_re_reg[0][16]_i_68/CO[3]
                         net (fo=1, unplaced)         0.000   130.234    u_mimo_detector_top_seq/u_gs_solver_seq/x_re_reg[0][16]_i_68_n_0
                         CARRY4 (Prop_carry4_CI_CO[3])
                                                      0.117   130.351 r  u_mimo_detector_top_seq/u_gs_solver_seq/x_re_reg[0][16]_i_58/CO[3]
                         net (fo=1, unplaced)         0.000   130.351    u_mimo_detector_top_seq/u_gs_solver_seq/x_re_reg[0][16]_i_58_n_0
                         CARRY4 (Prop_carry4_CI_CO[3])
                                                      0.117   130.468 r  u_mimo_detector_top_seq/u_gs_solver_seq/x_re_reg[0][16]_i_48/CO[3]
                         net (fo=1, unplaced)         0.000   130.468    u_mimo_detector_top_seq/u_gs_solver_seq/x_re_reg[0][16]_i_48_n_0
                         CARRY4 (Prop_carry4_CI_CO[3])
                                                      0.117   130.585 r  u_mimo_detector_top_seq/u_gs_solver_seq/x_re_reg[0][16]_i_38/CO[3]
                         net (fo=1, unplaced)         0.000   130.585    u_mimo_detector_top_seq/u_gs_solver_seq/x_re_reg[0][16]_i_38_n_0
                         CARRY4 (Prop_carry4_CI_CO[3])
                                                      0.117   130.702 r  u_mimo_detector_top_seq/u_gs_solver_seq/x_re_reg[0][16]_i_28/CO[3]
                         net (fo=1, unplaced)         0.000   130.702    u_mimo_detector_top_seq/u_gs_solver_seq/x_re_reg[0][16]_i_28_n_0
                         CARRY4 (Prop_carry4_CI_CO[3])
                                                      0.117   130.819 r  u_mimo_detector_top_seq/u_gs_solver_seq/x_re_reg[0][16]_i_20/CO[3]
                         net (fo=1, unplaced)         0.000   130.819    u_mimo_detector_top_seq/u_gs_solver_seq/x_re_reg[0][16]_i_20_n_0
                         CARRY4 (Prop_carry4_CI_CO[1])
                                                      0.179   130.998 r  u_mimo_detector_top_seq/u_gs_solver_seq/x_re_reg[0][16]_i_8/CO[1]
                         net (fo=61, unplaced)        0.612   131.610    u_mimo_detector_top_seq/u_gs_solver_seq/p_2_out[15]
                         CARRY4 (Prop_carry4_CYINIT_CO[3])
                                                      0.803   132.413 r  u_mimo_detector_top_seq/u_gs_solver_seq/x_re_reg[0][15]_i_138/CO[3]
                         net (fo=1, unplaced)         0.009   132.422    u_mimo_detector_top_seq/u_gs_solver_seq/x_re_reg[0][15]_i_138_n_0
                         CARRY4 (Prop_carry4_CI_CO[3])
                                                      0.117   132.539 r  u_mimo_detector_top_seq/u_gs_solver_seq/x_re_reg[0][15]_i_128/CO[3]
                         net (fo=1, unplaced)         0.000   132.539    u_mimo_detector_top_seq/u_gs_solver_seq/x_re_reg[0][15]_i_128_n_0
                         CARRY4 (Prop_carry4_CI_CO[3])
                                                      0.117   132.656 r  u_mimo_detector_top_seq/u_gs_solver_seq/x_re_reg[0][15]_i_118/CO[3]
                         net (fo=1, unplaced)         0.000   132.656    u_mimo_detector_top_seq/u_gs_solver_seq/x_re_reg[0][15]_i_118_n_0
                         CARRY4 (Prop_carry4_CI_CO[3])
                                                      0.117   132.773 r  u_mimo_detector_top_seq/u_gs_solver_seq/x_re_reg[0][15]_i_108/CO[3]
                         net (fo=1, unplaced)         0.000   132.773    u_mimo_detector_top_seq/u_gs_solver_seq/x_re_reg[0][15]_i_108_n_0
                         CARRY4 (Prop_carry4_CI_CO[3])
                                                      0.117   132.890 r  u_mimo_detector_top_seq/u_gs_solver_seq/x_re_reg[0][15]_i_98/CO[3]
                         net (fo=1, unplaced)         0.000   132.890    u_mimo_detector_top_seq/u_gs_solver_seq/x_re_reg[0][15]_i_98_n_0
                         CARRY4 (Prop_carry4_CI_CO[3])
                                                      0.117   133.007 r  u_mimo_detector_top_seq/u_gs_solver_seq/x_re_reg[0][15]_i_88/CO[3]
                         net (fo=1, unplaced)         0.000   133.007    u_mimo_detector_top_seq/u_gs_solver_seq/x_re_reg[0][15]_i_88_n_0
                         CARRY4 (Prop_carry4_CI_CO[3])
                                                      0.117   133.124 r  u_mimo_detector_top_seq/u_gs_solver_seq/x_re_reg[0][15]_i_78/CO[3]
                         net (fo=1, unplaced)         0.000   133.124    u_mimo_detector_top_seq/u_gs_solver_seq/x_re_reg[0][15]_i_78_n_0
                         CARRY4 (Prop_carry4_CI_CO[3])
                                                      0.117   133.241 r  u_mimo_detector_top_seq/u_gs_solver_seq/x_re_reg[0][15]_i_68/CO[3]
                         net (fo=1, unplaced)         0.000   133.241    u_mimo_detector_top_seq/u_gs_solver_seq/x_re_reg[0][15]_i_68_n_0
                         CARRY4 (Prop_carry4_CI_CO[3])
                                                      0.117   133.358 r  u_mimo_detector_top_seq/u_gs_solver_seq/x_re_reg[0][15]_i_58/CO[3]
                         net (fo=1, unplaced)         0.000   133.358    u_mimo_detector_top_seq/u_gs_solver_seq/x_re_reg[0][15]_i_58_n_0
                         CARRY4 (Prop_carry4_CI_CO[3])
                                                      0.117   133.475 r  u_mimo_detector_top_seq/u_gs_solver_seq/x_re_reg[0][15]_i_48/CO[3]
                         net (fo=1, unplaced)         0.000   133.475    u_mimo_detector_top_seq/u_gs_solver_seq/x_re_reg[0][15]_i_48_n_0
                         CARRY4 (Prop_carry4_CI_CO[3])
                                                      0.117   133.592 r  u_mimo_detector_top_seq/u_gs_solver_seq/x_re_reg[0][15]_i_38/CO[3]
                         net (fo=1, unplaced)         0.000   133.592    u_mimo_detector_top_seq/u_gs_solver_seq/x_re_reg[0][15]_i_38_n_0
                         CARRY4 (Prop_carry4_CI_CO[3])
                                                      0.117   133.709 r  u_mimo_detector_top_seq/u_gs_solver_seq/x_re_reg[0][15]_i_28/CO[3]
                         net (fo=1, unplaced)         0.000   133.709    u_mimo_detector_top_seq/u_gs_solver_seq/x_re_reg[0][15]_i_28_n_0
                         CARRY4 (Prop_carry4_CI_CO[3])
                                                      0.117   133.826 r  u_mimo_detector_top_seq/u_gs_solver_seq/x_re_reg[0][15]_i_18/CO[3]
                         net (fo=1, unplaced)         0.000   133.826    u_mimo_detector_top_seq/u_gs_solver_seq/x_re_reg[0][15]_i_18_n_0
                         CARRY4 (Prop_carry4_CI_CO[3])
                                                      0.117   133.943 r  u_mimo_detector_top_seq/u_gs_solver_seq/x_re_reg[0][15]_i_10/CO[3]
                         net (fo=1, unplaced)         0.000   133.943    u_mimo_detector_top_seq/u_gs_solver_seq/x_re_reg[0][15]_i_10_n_0
                         CARRY4 (Prop_carry4_CI_CO[1])
                                                      0.179   134.122 r  u_mimo_detector_top_seq/u_gs_solver_seq/x_re_reg[0][15]_i_6/CO[1]
                         net (fo=61, unplaced)        0.612   134.734    u_mimo_detector_top_seq/u_gs_solver_seq/p_2_out[14]
                         CARRY4 (Prop_carry4_CYINIT_CO[3])
                                                      0.803   135.537 r  u_mimo_detector_top_seq/u_gs_solver_seq/x_re_reg[0][14]_i_138/CO[3]
                         net (fo=1, unplaced)         0.009   135.546    u_mimo_detector_top_seq/u_gs_solver_seq/x_re_reg[0][14]_i_138_n_0
                         CARRY4 (Prop_carry4_CI_CO[3])
                                                      0.117   135.663 r  u_mimo_detector_top_seq/u_gs_solver_seq/x_re_reg[0][14]_i_128/CO[3]
                         net (fo=1, unplaced)         0.000   135.663    u_mimo_detector_top_seq/u_gs_solver_seq/x_re_reg[0][14]_i_128_n_0
                         CARRY4 (Prop_carry4_CI_CO[3])
                                                      0.117   135.780 r  u_mimo_detector_top_seq/u_gs_solver_seq/x_re_reg[0][14]_i_118/CO[3]
                         net (fo=1, unplaced)         0.000   135.780    u_mimo_detector_top_seq/u_gs_solver_seq/x_re_reg[0][14]_i_118_n_0
                         CARRY4 (Prop_carry4_CI_CO[3])
                                                      0.117   135.897 r  u_mimo_detector_top_seq/u_gs_solver_seq/x_re_reg[0][14]_i_108/CO[3]
                         net (fo=1, unplaced)         0.000   135.897    u_mimo_detector_top_seq/u_gs_solver_seq/x_re_reg[0][14]_i_108_n_0
                         CARRY4 (Prop_carry4_CI_CO[3])
                                                      0.117   136.014 r  u_mimo_detector_top_seq/u_gs_solver_seq/x_re_reg[0][14]_i_98/CO[3]
                         net (fo=1, unplaced)         0.000   136.014    u_mimo_detector_top_seq/u_gs_solver_seq/x_re_reg[0][14]_i_98_n_0
                         CARRY4 (Prop_carry4_CI_CO[3])
                                                      0.117   136.131 r  u_mimo_detector_top_seq/u_gs_solver_seq/x_re_reg[0][14]_i_88/CO[3]
                         net (fo=1, unplaced)         0.000   136.131    u_mimo_detector_top_seq/u_gs_solver_seq/x_re_reg[0][14]_i_88_n_0
                         CARRY4 (Prop_carry4_CI_CO[3])
                                                      0.117   136.248 r  u_mimo_detector_top_seq/u_gs_solver_seq/x_re_reg[0][14]_i_78/CO[3]
                         net (fo=1, unplaced)         0.000   136.248    u_mimo_detector_top_seq/u_gs_solver_seq/x_re_reg[0][14]_i_78_n_0
                         CARRY4 (Prop_carry4_CI_CO[3])
                                                      0.117   136.365 r  u_mimo_detector_top_seq/u_gs_solver_seq/x_re_reg[0][14]_i_68/CO[3]
                         net (fo=1, unplaced)         0.000   136.365    u_mimo_detector_top_seq/u_gs_solver_seq/x_re_reg[0][14]_i_68_n_0
                         CARRY4 (Prop_carry4_CI_CO[3])
                                                      0.117   136.482 r  u_mimo_detector_top_seq/u_gs_solver_seq/x_re_reg[0][14]_i_58/CO[3]
                         net (fo=1, unplaced)         0.000   136.482    u_mimo_detector_top_seq/u_gs_solver_seq/x_re_reg[0][14]_i_58_n_0
                         CARRY4 (Prop_carry4_CI_CO[3])
                                                      0.117   136.599 r  u_mimo_detector_top_seq/u_gs_solver_seq/x_re_reg[0][14]_i_48/CO[3]
                         net (fo=1, unplaced)         0.000   136.599    u_mimo_detector_top_seq/u_gs_solver_seq/x_re_reg[0][14]_i_48_n_0
                         CARRY4 (Prop_carry4_CI_CO[3])
                                                      0.117   136.716 r  u_mimo_detector_top_seq/u_gs_solver_seq/x_re_reg[0][14]_i_38/CO[3]
                         net (fo=1, unplaced)         0.000   136.716    u_mimo_detector_top_seq/u_gs_solver_seq/x_re_reg[0][14]_i_38_n_0
                         CARRY4 (Prop_carry4_CI_CO[3])
                                                      0.117   136.833 r  u_mimo_detector_top_seq/u_gs_solver_seq/x_re_reg[0][14]_i_28/CO[3]
                         net (fo=1, unplaced)         0.000   136.833    u_mimo_detector_top_seq/u_gs_solver_seq/x_re_reg[0][14]_i_28_n_0
                         CARRY4 (Prop_carry4_CI_CO[3])
                                                      0.117   136.951 r  u_mimo_detector_top_seq/u_gs_solver_seq/x_re_reg[0][14]_i_18/CO[3]
                         net (fo=1, unplaced)         0.000   136.951    u_mimo_detector_top_seq/u_gs_solver_seq/x_re_reg[0][14]_i_18_n_0
                         CARRY4 (Prop_carry4_CI_CO[3])
                                                      0.117   137.068 r  u_mimo_detector_top_seq/u_gs_solver_seq/x_re_reg[0][14]_i_10/CO[3]
                         net (fo=1, unplaced)         0.000   137.068    u_mimo_detector_top_seq/u_gs_solver_seq/x_re_reg[0][14]_i_10_n_0
                         CARRY4 (Prop_carry4_CI_CO[1])
                                                      0.179   137.247 r  u_mimo_detector_top_seq/u_gs_solver_seq/x_re_reg[0][14]_i_6/CO[1]
                         net (fo=61, unplaced)        0.612   137.859    u_mimo_detector_top_seq/u_gs_solver_seq/p_2_out[13]
                         CARRY4 (Prop_carry4_CYINIT_CO[3])
                                                      0.803   138.661 r  u_mimo_detector_top_seq/u_gs_solver_seq/x_re_reg[0][13]_i_138/CO[3]
                         net (fo=1, unplaced)         0.009   138.671    u_mimo_detector_top_seq/u_gs_solver_seq/x_re_reg[0][13]_i_138_n_0
                         CARRY4 (Prop_carry4_CI_CO[3])
                                                      0.117   138.788 r  u_mimo_detector_top_seq/u_gs_solver_seq/x_re_reg[0][13]_i_128/CO[3]
                         net (fo=1, unplaced)         0.000   138.788    u_mimo_detector_top_seq/u_gs_solver_seq/x_re_reg[0][13]_i_128_n_0
                         CARRY4 (Prop_carry4_CI_CO[3])
                                                      0.117   138.905 r  u_mimo_detector_top_seq/u_gs_solver_seq/x_re_reg[0][13]_i_118/CO[3]
                         net (fo=1, unplaced)         0.000   138.905    u_mimo_detector_top_seq/u_gs_solver_seq/x_re_reg[0][13]_i_118_n_0
                         CARRY4 (Prop_carry4_CI_CO[3])
                                                      0.117   139.022 r  u_mimo_detector_top_seq/u_gs_solver_seq/x_re_reg[0][13]_i_108/CO[3]
                         net (fo=1, unplaced)         0.000   139.022    u_mimo_detector_top_seq/u_gs_solver_seq/x_re_reg[0][13]_i_108_n_0
                         CARRY4 (Prop_carry4_CI_CO[3])
                                                      0.117   139.139 r  u_mimo_detector_top_seq/u_gs_solver_seq/x_re_reg[0][13]_i_98/CO[3]
                         net (fo=1, unplaced)         0.000   139.139    u_mimo_detector_top_seq/u_gs_solver_seq/x_re_reg[0][13]_i_98_n_0
                         CARRY4 (Prop_carry4_CI_CO[3])
                                                      0.117   139.256 r  u_mimo_detector_top_seq/u_gs_solver_seq/x_re_reg[0][13]_i_88/CO[3]
                         net (fo=1, unplaced)         0.000   139.256    u_mimo_detector_top_seq/u_gs_solver_seq/x_re_reg[0][13]_i_88_n_0
                         CARRY4 (Prop_carry4_CI_CO[3])
                                                      0.117   139.373 r  u_mimo_detector_top_seq/u_gs_solver_seq/x_re_reg[0][13]_i_78/CO[3]
                         net (fo=1, unplaced)         0.000   139.373    u_mimo_detector_top_seq/u_gs_solver_seq/x_re_reg[0][13]_i_78_n_0
                         CARRY4 (Prop_carry4_CI_CO[3])
                                                      0.117   139.490 r  u_mimo_detector_top_seq/u_gs_solver_seq/x_re_reg[0][13]_i_68/CO[3]
                         net (fo=1, unplaced)         0.000   139.490    u_mimo_detector_top_seq/u_gs_solver_seq/x_re_reg[0][13]_i_68_n_0
                         CARRY4 (Prop_carry4_CI_CO[3])
                                                      0.117   139.607 r  u_mimo_detector_top_seq/u_gs_solver_seq/x_re_reg[0][13]_i_58/CO[3]
                         net (fo=1, unplaced)         0.000   139.607    u_mimo_detector_top_seq/u_gs_solver_seq/x_re_reg[0][13]_i_58_n_0
                         CARRY4 (Prop_carry4_CI_CO[3])
                                                      0.117   139.724 r  u_mimo_detector_top_seq/u_gs_solver_seq/x_re_reg[0][13]_i_48/CO[3]
                         net (fo=1, unplaced)         0.000   139.724    u_mimo_detector_top_seq/u_gs_solver_seq/x_re_reg[0][13]_i_48_n_0
                         CARRY4 (Prop_carry4_CI_CO[3])
                                                      0.117   139.841 r  u_mimo_detector_top_seq/u_gs_solver_seq/x_re_reg[0][13]_i_38/CO[3]
                         net (fo=1, unplaced)         0.000   139.841    u_mimo_detector_top_seq/u_gs_solver_seq/x_re_reg[0][13]_i_38_n_0
                         CARRY4 (Prop_carry4_CI_CO[3])
                                                      0.117   139.958 r  u_mimo_detector_top_seq/u_gs_solver_seq/x_re_reg[0][13]_i_28/CO[3]
                         net (fo=1, unplaced)         0.000   139.958    u_mimo_detector_top_seq/u_gs_solver_seq/x_re_reg[0][13]_i_28_n_0
                         CARRY4 (Prop_carry4_CI_CO[3])
                                                      0.117   140.075 r  u_mimo_detector_top_seq/u_gs_solver_seq/x_re_reg[0][13]_i_18/CO[3]
                         net (fo=1, unplaced)         0.000   140.075    u_mimo_detector_top_seq/u_gs_solver_seq/x_re_reg[0][13]_i_18_n_0
                         CARRY4 (Prop_carry4_CI_CO[3])
                                                      0.117   140.192 r  u_mimo_detector_top_seq/u_gs_solver_seq/x_re_reg[0][13]_i_10/CO[3]
                         net (fo=1, unplaced)         0.000   140.192    u_mimo_detector_top_seq/u_gs_solver_seq/x_re_reg[0][13]_i_10_n_0
                         CARRY4 (Prop_carry4_CI_CO[1])
                                                      0.179   140.371 r  u_mimo_detector_top_seq/u_gs_solver_seq/x_re_reg[0][13]_i_6/CO[1]
                         net (fo=61, unplaced)        0.612   140.983    u_mimo_detector_top_seq/u_gs_solver_seq/p_2_out[12]
                         CARRY4 (Prop_carry4_CYINIT_CO[3])
                                                      0.803   141.786 r  u_mimo_detector_top_seq/u_gs_solver_seq/x_re_reg[0][12]_i_148/CO[3]
                         net (fo=1, unplaced)         0.009   141.795    u_mimo_detector_top_seq/u_gs_solver_seq/x_re_reg[0][12]_i_148_n_0
                         CARRY4 (Prop_carry4_CI_CO[3])
                                                      0.117   141.912 r  u_mimo_detector_top_seq/u_gs_solver_seq/x_re_reg[0][12]_i_138/CO[3]
                         net (fo=1, unplaced)         0.000   141.912    u_mimo_detector_top_seq/u_gs_solver_seq/x_re_reg[0][12]_i_138_n_0
                         CARRY4 (Prop_carry4_CI_CO[3])
                                                      0.117   142.029 r  u_mimo_detector_top_seq/u_gs_solver_seq/x_re_reg[0][12]_i_128/CO[3]
                         net (fo=1, unplaced)         0.000   142.029    u_mimo_detector_top_seq/u_gs_solver_seq/x_re_reg[0][12]_i_128_n_0
                         CARRY4 (Prop_carry4_CI_CO[3])
                                                      0.117   142.146 r  u_mimo_detector_top_seq/u_gs_solver_seq/x_re_reg[0][12]_i_118/CO[3]
                         net (fo=1, unplaced)         0.000   142.146    u_mimo_detector_top_seq/u_gs_solver_seq/x_re_reg[0][12]_i_118_n_0
                         CARRY4 (Prop_carry4_CI_CO[3])
                                                      0.117   142.263 r  u_mimo_detector_top_seq/u_gs_solver_seq/x_re_reg[0][12]_i_108/CO[3]
                         net (fo=1, unplaced)         0.000   142.263    u_mimo_detector_top_seq/u_gs_solver_seq/x_re_reg[0][12]_i_108_n_0
                         CARRY4 (Prop_carry4_CI_CO[3])
                                                      0.117   142.380 r  u_mimo_detector_top_seq/u_gs_solver_seq/x_re_reg[0][12]_i_98/CO[3]
                         net (fo=1, unplaced)         0.000   142.380    u_mimo_detector_top_seq/u_gs_solver_seq/x_re_reg[0][12]_i_98_n_0
                         CARRY4 (Prop_carry4_CI_CO[3])
                                                      0.117   142.497 r  u_mimo_detector_top_seq/u_gs_solver_seq/x_re_reg[0][12]_i_88/CO[3]
                         net (fo=1, unplaced)         0.000   142.497    u_mimo_detector_top_seq/u_gs_solver_seq/x_re_reg[0][12]_i_88_n_0
                         CARRY4 (Prop_carry4_CI_CO[3])
                                                      0.117   142.614 r  u_mimo_detector_top_seq/u_gs_solver_seq/x_re_reg[0][12]_i_78/CO[3]
                         net (fo=1, unplaced)         0.000   142.614    u_mimo_detector_top_seq/u_gs_solver_seq/x_re_reg[0][12]_i_78_n_0
                         CARRY4 (Prop_carry4_CI_CO[3])
                                                      0.117   142.731 r  u_mimo_detector_top_seq/u_gs_solver_seq/x_re_reg[0][12]_i_68/CO[3]
                         net (fo=1, unplaced)         0.000   142.731    u_mimo_detector_top_seq/u_gs_solver_seq/x_re_reg[0][12]_i_68_n_0
                         CARRY4 (Prop_carry4_CI_CO[3])
                                                      0.117   142.848 r  u_mimo_detector_top_seq/u_gs_solver_seq/x_re_reg[0][12]_i_58/CO[3]
                         net (fo=1, unplaced)         0.000   142.848    u_mimo_detector_top_seq/u_gs_solver_seq/x_re_reg[0][12]_i_58_n_0
                         CARRY4 (Prop_carry4_CI_CO[3])
                                                      0.117   142.965 r  u_mimo_detector_top_seq/u_gs_solver_seq/x_re_reg[0][12]_i_48/CO[3]
                         net (fo=1, unplaced)         0.000   142.965    u_mimo_detector_top_seq/u_gs_solver_seq/x_re_reg[0][12]_i_48_n_0
                         CARRY4 (Prop_carry4_CI_CO[3])
                                                      0.117   143.082 r  u_mimo_detector_top_seq/u_gs_solver_seq/x_re_reg[0][12]_i_38/CO[3]
                         net (fo=1, unplaced)         0.000   143.082    u_mimo_detector_top_seq/u_gs_solver_seq/x_re_reg[0][12]_i_38_n_0
                         CARRY4 (Prop_carry4_CI_CO[3])
                                                      0.117   143.199 r  u_mimo_detector_top_seq/u_gs_solver_seq/x_re_reg[0][12]_i_28/CO[3]
                         net (fo=1, unplaced)         0.000   143.199    u_mimo_detector_top_seq/u_gs_solver_seq/x_re_reg[0][12]_i_28_n_0
                         CARRY4 (Prop_carry4_CI_CO[3])
                                                      0.117   143.316 r  u_mimo_detector_top_seq/u_gs_solver_seq/x_re_reg[0][12]_i_20/CO[3]
                         net (fo=1, unplaced)         0.000   143.316    u_mimo_detector_top_seq/u_gs_solver_seq/x_re_reg[0][12]_i_20_n_0
                         CARRY4 (Prop_carry4_CI_CO[1])
                                                      0.179   143.495 r  u_mimo_detector_top_seq/u_gs_solver_seq/x_re_reg[0][12]_i_8/CO[1]
                         net (fo=62, unplaced)        0.613   144.108    u_mimo_detector_top_seq/u_gs_solver_seq/p_2_out[11]
                         CARRY4 (Prop_carry4_CYINIT_CO[3])
                                                      0.803   144.911 r  u_mimo_detector_top_seq/u_gs_solver_seq/x_re_reg[0][11]_i_138/CO[3]
                         net (fo=1, unplaced)         0.009   144.920    u_mimo_detector_top_seq/u_gs_solver_seq/x_re_reg[0][11]_i_138_n_0
                         CARRY4 (Prop_carry4_CI_CO[3])
                                                      0.117   145.037 r  u_mimo_detector_top_seq/u_gs_solver_seq/x_re_reg[0][11]_i_128/CO[3]
                         net (fo=1, unplaced)         0.000   145.037    u_mimo_detector_top_seq/u_gs_solver_seq/x_re_reg[0][11]_i_128_n_0
                         CARRY4 (Prop_carry4_CI_CO[3])
                                                      0.117   145.154 r  u_mimo_detector_top_seq/u_gs_solver_seq/x_re_reg[0][11]_i_118/CO[3]
                         net (fo=1, unplaced)         0.000   145.154    u_mimo_detector_top_seq/u_gs_solver_seq/x_re_reg[0][11]_i_118_n_0
                         CARRY4 (Prop_carry4_CI_CO[3])
                                                      0.117   145.271 r  u_mimo_detector_top_seq/u_gs_solver_seq/x_re_reg[0][11]_i_108/CO[3]
                         net (fo=1, unplaced)         0.000   145.271    u_mimo_detector_top_seq/u_gs_solver_seq/x_re_reg[0][11]_i_108_n_0
                         CARRY4 (Prop_carry4_CI_CO[3])
                                                      0.117   145.388 r  u_mimo_detector_top_seq/u_gs_solver_seq/x_re_reg[0][11]_i_98/CO[3]
                         net (fo=1, unplaced)         0.000   145.388    u_mimo_detector_top_seq/u_gs_solver_seq/x_re_reg[0][11]_i_98_n_0
                         CARRY4 (Prop_carry4_CI_CO[3])
                                                      0.117   145.505 r  u_mimo_detector_top_seq/u_gs_solver_seq/x_re_reg[0][11]_i_88/CO[3]
                         net (fo=1, unplaced)         0.000   145.505    u_mimo_detector_top_seq/u_gs_solver_seq/x_re_reg[0][11]_i_88_n_0
                         CARRY4 (Prop_carry4_CI_CO[3])
                                                      0.117   145.622 r  u_mimo_detector_top_seq/u_gs_solver_seq/x_re_reg[0][11]_i_78/CO[3]
                         net (fo=1, unplaced)         0.000   145.622    u_mimo_detector_top_seq/u_gs_solver_seq/x_re_reg[0][11]_i_78_n_0
                         CARRY4 (Prop_carry4_CI_CO[3])
                                                      0.117   145.739 r  u_mimo_detector_top_seq/u_gs_solver_seq/x_re_reg[0][11]_i_68/CO[3]
                         net (fo=1, unplaced)         0.000   145.739    u_mimo_detector_top_seq/u_gs_solver_seq/x_re_reg[0][11]_i_68_n_0
                         CARRY4 (Prop_carry4_CI_CO[3])
                                                      0.117   145.856 r  u_mimo_detector_top_seq/u_gs_solver_seq/x_re_reg[0][11]_i_58/CO[3]
                         net (fo=1, unplaced)         0.000   145.856    u_mimo_detector_top_seq/u_gs_solver_seq/x_re_reg[0][11]_i_58_n_0
                         CARRY4 (Prop_carry4_CI_CO[3])
                                                      0.117   145.973 r  u_mimo_detector_top_seq/u_gs_solver_seq/x_re_reg[0][11]_i_48/CO[3]
                         net (fo=1, unplaced)         0.000   145.973    u_mimo_detector_top_seq/u_gs_solver_seq/x_re_reg[0][11]_i_48_n_0
                         CARRY4 (Prop_carry4_CI_CO[3])
                                                      0.117   146.090 r  u_mimo_detector_top_seq/u_gs_solver_seq/x_re_reg[0][11]_i_38/CO[3]
                         net (fo=1, unplaced)         0.000   146.090    u_mimo_detector_top_seq/u_gs_solver_seq/x_re_reg[0][11]_i_38_n_0
                         CARRY4 (Prop_carry4_CI_CO[3])
                                                      0.117   146.207 r  u_mimo_detector_top_seq/u_gs_solver_seq/x_re_reg[0][11]_i_28/CO[3]
                         net (fo=1, unplaced)         0.000   146.207    u_mimo_detector_top_seq/u_gs_solver_seq/x_re_reg[0][11]_i_28_n_0
                         CARRY4 (Prop_carry4_CI_CO[3])
                                                      0.117   146.324 r  u_mimo_detector_top_seq/u_gs_solver_seq/x_re_reg[0][11]_i_18/CO[3]
                         net (fo=1, unplaced)         0.000   146.324    u_mimo_detector_top_seq/u_gs_solver_seq/x_re_reg[0][11]_i_18_n_0
                         CARRY4 (Prop_carry4_CI_CO[3])
                                                      0.117   146.441 r  u_mimo_detector_top_seq/u_gs_solver_seq/x_re_reg[0][11]_i_10/CO[3]
                         net (fo=1, unplaced)         0.000   146.441    u_mimo_detector_top_seq/u_gs_solver_seq/x_re_reg[0][11]_i_10_n_0
                         CARRY4 (Prop_carry4_CI_CO[1])
                                                      0.179   146.620 r  u_mimo_detector_top_seq/u_gs_solver_seq/x_re_reg[0][11]_i_6/CO[1]
                         net (fo=62, unplaced)        0.613   147.233    u_mimo_detector_top_seq/u_gs_solver_seq/p_2_out[10]
                         CARRY4 (Prop_carry4_CYINIT_CO[3])
                                                      0.803   148.036 r  u_mimo_detector_top_seq/u_gs_solver_seq/x_re_reg[0][10]_i_138/CO[3]
                         net (fo=1, unplaced)         0.009   148.045    u_mimo_detector_top_seq/u_gs_solver_seq/x_re_reg[0][10]_i_138_n_0
                         CARRY4 (Prop_carry4_CI_CO[3])
                                                      0.117   148.162 r  u_mimo_detector_top_seq/u_gs_solver_seq/x_re_reg[0][10]_i_128/CO[3]
                         net (fo=1, unplaced)         0.000   148.162    u_mimo_detector_top_seq/u_gs_solver_seq/x_re_reg[0][10]_i_128_n_0
                         CARRY4 (Prop_carry4_CI_CO[3])
                                                      0.117   148.279 r  u_mimo_detector_top_seq/u_gs_solver_seq/x_re_reg[0][10]_i_118/CO[3]
                         net (fo=1, unplaced)         0.000   148.279    u_mimo_detector_top_seq/u_gs_solver_seq/x_re_reg[0][10]_i_118_n_0
                         CARRY4 (Prop_carry4_CI_CO[3])
                                                      0.117   148.396 r  u_mimo_detector_top_seq/u_gs_solver_seq/x_re_reg[0][10]_i_108/CO[3]
                         net (fo=1, unplaced)         0.000   148.396    u_mimo_detector_top_seq/u_gs_solver_seq/x_re_reg[0][10]_i_108_n_0
                         CARRY4 (Prop_carry4_CI_CO[3])
                                                      0.117   148.513 r  u_mimo_detector_top_seq/u_gs_solver_seq/x_re_reg[0][10]_i_98/CO[3]
                         net (fo=1, unplaced)         0.000   148.513    u_mimo_detector_top_seq/u_gs_solver_seq/x_re_reg[0][10]_i_98_n_0
                         CARRY4 (Prop_carry4_CI_CO[3])
                                                      0.117   148.630 r  u_mimo_detector_top_seq/u_gs_solver_seq/x_re_reg[0][10]_i_88/CO[3]
                         net (fo=1, unplaced)         0.000   148.630    u_mimo_detector_top_seq/u_gs_solver_seq/x_re_reg[0][10]_i_88_n_0
                         CARRY4 (Prop_carry4_CI_CO[3])
                                                      0.117   148.747 r  u_mimo_detector_top_seq/u_gs_solver_seq/x_re_reg[0][10]_i_78/CO[3]
                         net (fo=1, unplaced)         0.000   148.747    u_mimo_detector_top_seq/u_gs_solver_seq/x_re_reg[0][10]_i_78_n_0
                         CARRY4 (Prop_carry4_CI_CO[3])
                                                      0.117   148.864 r  u_mimo_detector_top_seq/u_gs_solver_seq/x_re_reg[0][10]_i_68/CO[3]
                         net (fo=1, unplaced)         0.000   148.864    u_mimo_detector_top_seq/u_gs_solver_seq/x_re_reg[0][10]_i_68_n_0
                         CARRY4 (Prop_carry4_CI_CO[3])
                                                      0.117   148.981 r  u_mimo_detector_top_seq/u_gs_solver_seq/x_re_reg[0][10]_i_58/CO[3]
                         net (fo=1, unplaced)         0.000   148.981    u_mimo_detector_top_seq/u_gs_solver_seq/x_re_reg[0][10]_i_58_n_0
                         CARRY4 (Prop_carry4_CI_CO[3])
                                                      0.117   149.098 r  u_mimo_detector_top_seq/u_gs_solver_seq/x_re_reg[0][10]_i_48/CO[3]
                         net (fo=1, unplaced)         0.000   149.098    u_mimo_detector_top_seq/u_gs_solver_seq/x_re_reg[0][10]_i_48_n_0
                         CARRY4 (Prop_carry4_CI_CO[3])
                                                      0.117   149.215 r  u_mimo_detector_top_seq/u_gs_solver_seq/x_re_reg[0][10]_i_38/CO[3]
                         net (fo=1, unplaced)         0.000   149.215    u_mimo_detector_top_seq/u_gs_solver_seq/x_re_reg[0][10]_i_38_n_0
                         CARRY4 (Prop_carry4_CI_CO[3])
                                                      0.117   149.332 r  u_mimo_detector_top_seq/u_gs_solver_seq/x_re_reg[0][10]_i_28/CO[3]
                         net (fo=1, unplaced)         0.000   149.332    u_mimo_detector_top_seq/u_gs_solver_seq/x_re_reg[0][10]_i_28_n_0
                         CARRY4 (Prop_carry4_CI_CO[3])
                                                      0.117   149.449 r  u_mimo_detector_top_seq/u_gs_solver_seq/x_re_reg[0][10]_i_18/CO[3]
                         net (fo=1, unplaced)         0.000   149.449    u_mimo_detector_top_seq/u_gs_solver_seq/x_re_reg[0][10]_i_18_n_0
                         CARRY4 (Prop_carry4_CI_CO[3])
                                                      0.117   149.566 r  u_mimo_detector_top_seq/u_gs_solver_seq/x_re_reg[0][10]_i_10/CO[3]
                         net (fo=1, unplaced)         0.000   149.566    u_mimo_detector_top_seq/u_gs_solver_seq/x_re_reg[0][10]_i_10_n_0
                         CARRY4 (Prop_carry4_CI_CO[1])
                                                      0.179   149.745 r  u_mimo_detector_top_seq/u_gs_solver_seq/x_re_reg[0][10]_i_6/CO[1]
                         net (fo=62, unplaced)        0.613   150.358    u_mimo_detector_top_seq/u_gs_solver_seq/p_2_out[9]
                         CARRY4 (Prop_carry4_CYINIT_CO[3])
                                                      0.803   151.161 r  u_mimo_detector_top_seq/u_gs_solver_seq/x_re_reg[0][9]_i_138/CO[3]
                         net (fo=1, unplaced)         0.009   151.170    u_mimo_detector_top_seq/u_gs_solver_seq/x_re_reg[0][9]_i_138_n_0
                         CARRY4 (Prop_carry4_CI_CO[3])
                                                      0.117   151.287 r  u_mimo_detector_top_seq/u_gs_solver_seq/x_re_reg[0][9]_i_128/CO[3]
                         net (fo=1, unplaced)         0.000   151.287    u_mimo_detector_top_seq/u_gs_solver_seq/x_re_reg[0][9]_i_128_n_0
                         CARRY4 (Prop_carry4_CI_CO[3])
                                                      0.117   151.404 r  u_mimo_detector_top_seq/u_gs_solver_seq/x_re_reg[0][9]_i_118/CO[3]
                         net (fo=1, unplaced)         0.000   151.404    u_mimo_detector_top_seq/u_gs_solver_seq/x_re_reg[0][9]_i_118_n_0
                         CARRY4 (Prop_carry4_CI_CO[3])
                                                      0.117   151.521 r  u_mimo_detector_top_seq/u_gs_solver_seq/x_re_reg[0][9]_i_108/CO[3]
                         net (fo=1, unplaced)         0.000   151.521    u_mimo_detector_top_seq/u_gs_solver_seq/x_re_reg[0][9]_i_108_n_0
                         CARRY4 (Prop_carry4_CI_CO[3])
                                                      0.117   151.638 r  u_mimo_detector_top_seq/u_gs_solver_seq/x_re_reg[0][9]_i_98/CO[3]
                         net (fo=1, unplaced)         0.000   151.638    u_mimo_detector_top_seq/u_gs_solver_seq/x_re_reg[0][9]_i_98_n_0
                         CARRY4 (Prop_carry4_CI_CO[3])
                                                      0.117   151.755 r  u_mimo_detector_top_seq/u_gs_solver_seq/x_re_reg[0][9]_i_88/CO[3]
                         net (fo=1, unplaced)         0.000   151.755    u_mimo_detector_top_seq/u_gs_solver_seq/x_re_reg[0][9]_i_88_n_0
                         CARRY4 (Prop_carry4_CI_CO[3])
                                                      0.117   151.872 r  u_mimo_detector_top_seq/u_gs_solver_seq/x_re_reg[0][9]_i_78/CO[3]
                         net (fo=1, unplaced)         0.000   151.872    u_mimo_detector_top_seq/u_gs_solver_seq/x_re_reg[0][9]_i_78_n_0
                         CARRY4 (Prop_carry4_CI_CO[3])
                                                      0.117   151.989 r  u_mimo_detector_top_seq/u_gs_solver_seq/x_re_reg[0][9]_i_68/CO[3]
                         net (fo=1, unplaced)         0.000   151.989    u_mimo_detector_top_seq/u_gs_solver_seq/x_re_reg[0][9]_i_68_n_0
                         CARRY4 (Prop_carry4_CI_CO[3])
                                                      0.117   152.106 r  u_mimo_detector_top_seq/u_gs_solver_seq/x_re_reg[0][9]_i_58/CO[3]
                         net (fo=1, unplaced)         0.000   152.106    u_mimo_detector_top_seq/u_gs_solver_seq/x_re_reg[0][9]_i_58_n_0
                         CARRY4 (Prop_carry4_CI_CO[3])
                                                      0.117   152.223 r  u_mimo_detector_top_seq/u_gs_solver_seq/x_re_reg[0][9]_i_48/CO[3]
                         net (fo=1, unplaced)         0.000   152.223    u_mimo_detector_top_seq/u_gs_solver_seq/x_re_reg[0][9]_i_48_n_0
                         CARRY4 (Prop_carry4_CI_CO[3])
                                                      0.117   152.340 r  u_mimo_detector_top_seq/u_gs_solver_seq/x_re_reg[0][9]_i_38/CO[3]
                         net (fo=1, unplaced)         0.000   152.340    u_mimo_detector_top_seq/u_gs_solver_seq/x_re_reg[0][9]_i_38_n_0
                         CARRY4 (Prop_carry4_CI_CO[3])
                                                      0.117   152.457 r  u_mimo_detector_top_seq/u_gs_solver_seq/x_re_reg[0][9]_i_28/CO[3]
                         net (fo=1, unplaced)         0.000   152.457    u_mimo_detector_top_seq/u_gs_solver_seq/x_re_reg[0][9]_i_28_n_0
                         CARRY4 (Prop_carry4_CI_CO[3])
                                                      0.117   152.574 r  u_mimo_detector_top_seq/u_gs_solver_seq/x_re_reg[0][9]_i_18/CO[3]
                         net (fo=1, unplaced)         0.000   152.574    u_mimo_detector_top_seq/u_gs_solver_seq/x_re_reg[0][9]_i_18_n_0
                         CARRY4 (Prop_carry4_CI_CO[3])
                                                      0.117   152.691 r  u_mimo_detector_top_seq/u_gs_solver_seq/x_re_reg[0][9]_i_10/CO[3]
                         net (fo=1, unplaced)         0.000   152.691    u_mimo_detector_top_seq/u_gs_solver_seq/x_re_reg[0][9]_i_10_n_0
                         CARRY4 (Prop_carry4_CI_CO[1])
                                                      0.179   152.870 r  u_mimo_detector_top_seq/u_gs_solver_seq/x_re_reg[0][9]_i_6/CO[1]
                         net (fo=62, unplaced)        0.613   153.483    u_mimo_detector_top_seq/u_gs_solver_seq/p_2_out[8]
                         CARRY4 (Prop_carry4_CYINIT_CO[3])
                                                      0.803   154.286 r  u_mimo_detector_top_seq/u_gs_solver_seq/x_re_reg[0][8]_i_148/CO[3]
                         net (fo=1, unplaced)         0.009   154.295    u_mimo_detector_top_seq/u_gs_solver_seq/x_re_reg[0][8]_i_148_n_0
                         CARRY4 (Prop_carry4_CI_CO[3])
                                                      0.117   154.412 r  u_mimo_detector_top_seq/u_gs_solver_seq/x_re_reg[0][8]_i_138/CO[3]
                         net (fo=1, unplaced)         0.000   154.412    u_mimo_detector_top_seq/u_gs_solver_seq/x_re_reg[0][8]_i_138_n_0
                         CARRY4 (Prop_carry4_CI_CO[3])
                                                      0.117   154.529 r  u_mimo_detector_top_seq/u_gs_solver_seq/x_re_reg[0][8]_i_128/CO[3]
                         net (fo=1, unplaced)         0.000   154.529    u_mimo_detector_top_seq/u_gs_solver_seq/x_re_reg[0][8]_i_128_n_0
                         CARRY4 (Prop_carry4_CI_CO[3])
                                                      0.117   154.646 r  u_mimo_detector_top_seq/u_gs_solver_seq/x_re_reg[0][8]_i_118/CO[3]
                         net (fo=1, unplaced)         0.000   154.646    u_mimo_detector_top_seq/u_gs_solver_seq/x_re_reg[0][8]_i_118_n_0
                         CARRY4 (Prop_carry4_CI_CO[3])
                                                      0.117   154.763 r  u_mimo_detector_top_seq/u_gs_solver_seq/x_re_reg[0][8]_i_108/CO[3]
                         net (fo=1, unplaced)         0.000   154.763    u_mimo_detector_top_seq/u_gs_solver_seq/x_re_reg[0][8]_i_108_n_0
                         CARRY4 (Prop_carry4_CI_CO[3])
                                                      0.117   154.880 r  u_mimo_detector_top_seq/u_gs_solver_seq/x_re_reg[0][8]_i_98/CO[3]
                         net (fo=1, unplaced)         0.000   154.880    u_mimo_detector_top_seq/u_gs_solver_seq/x_re_reg[0][8]_i_98_n_0
                         CARRY4 (Prop_carry4_CI_CO[3])
                                                      0.117   154.997 r  u_mimo_detector_top_seq/u_gs_solver_seq/x_re_reg[0][8]_i_88/CO[3]
                         net (fo=1, unplaced)         0.000   154.997    u_mimo_detector_top_seq/u_gs_solver_seq/x_re_reg[0][8]_i_88_n_0
                         CARRY4 (Prop_carry4_CI_CO[3])
                                                      0.117   155.114 r  u_mimo_detector_top_seq/u_gs_solver_seq/x_re_reg[0][8]_i_78/CO[3]
                         net (fo=1, unplaced)         0.000   155.114    u_mimo_detector_top_seq/u_gs_solver_seq/x_re_reg[0][8]_i_78_n_0
                         CARRY4 (Prop_carry4_CI_CO[3])
                                                      0.117   155.231 r  u_mimo_detector_top_seq/u_gs_solver_seq/x_re_reg[0][8]_i_68/CO[3]
                         net (fo=1, unplaced)         0.000   155.231    u_mimo_detector_top_seq/u_gs_solver_seq/x_re_reg[0][8]_i_68_n_0
                         CARRY4 (Prop_carry4_CI_CO[3])
                                                      0.117   155.348 r  u_mimo_detector_top_seq/u_gs_solver_seq/x_re_reg[0][8]_i_58/CO[3]
                         net (fo=1, unplaced)         0.000   155.348    u_mimo_detector_top_seq/u_gs_solver_seq/x_re_reg[0][8]_i_58_n_0
                         CARRY4 (Prop_carry4_CI_CO[3])
                                                      0.117   155.465 r  u_mimo_detector_top_seq/u_gs_solver_seq/x_re_reg[0][8]_i_48/CO[3]
                         net (fo=1, unplaced)         0.000   155.465    u_mimo_detector_top_seq/u_gs_solver_seq/x_re_reg[0][8]_i_48_n_0
                         CARRY4 (Prop_carry4_CI_CO[3])
                                                      0.117   155.582 r  u_mimo_detector_top_seq/u_gs_solver_seq/x_re_reg[0][8]_i_38/CO[3]
                         net (fo=1, unplaced)         0.000   155.582    u_mimo_detector_top_seq/u_gs_solver_seq/x_re_reg[0][8]_i_38_n_0
                         CARRY4 (Prop_carry4_CI_CO[3])
                                                      0.117   155.699 r  u_mimo_detector_top_seq/u_gs_solver_seq/x_re_reg[0][8]_i_28/CO[3]
                         net (fo=1, unplaced)         0.000   155.699    u_mimo_detector_top_seq/u_gs_solver_seq/x_re_reg[0][8]_i_28_n_0
                         CARRY4 (Prop_carry4_CI_CO[3])
                                                      0.117   155.816 r  u_mimo_detector_top_seq/u_gs_solver_seq/x_re_reg[0][8]_i_20/CO[3]
                         net (fo=1, unplaced)         0.000   155.816    u_mimo_detector_top_seq/u_gs_solver_seq/x_re_reg[0][8]_i_20_n_0
                         CARRY4 (Prop_carry4_CI_CO[1])
                                                      0.179   155.995 r  u_mimo_detector_top_seq/u_gs_solver_seq/x_re_reg[0][8]_i_8/CO[1]
                         net (fo=62, unplaced)        0.613   156.608    u_mimo_detector_top_seq/u_gs_solver_seq/p_2_out[7]
                         CARRY4 (Prop_carry4_CYINIT_CO[3])
                                                      0.803   157.411 r  u_mimo_detector_top_seq/u_gs_solver_seq/x_re_reg[0][7]_i_139/CO[3]
                         net (fo=1, unplaced)         0.009   157.420    u_mimo_detector_top_seq/u_gs_solver_seq/x_re_reg[0][7]_i_139_n_0
                         CARRY4 (Prop_carry4_CI_CO[3])
                                                      0.117   157.537 r  u_mimo_detector_top_seq/u_gs_solver_seq/x_re_reg[0][7]_i_129/CO[3]
                         net (fo=1, unplaced)         0.000   157.537    u_mimo_detector_top_seq/u_gs_solver_seq/x_re_reg[0][7]_i_129_n_0
                         CARRY4 (Prop_carry4_CI_CO[3])
                                                      0.117   157.654 r  u_mimo_detector_top_seq/u_gs_solver_seq/x_re_reg[0][7]_i_119/CO[3]
                         net (fo=1, unplaced)         0.000   157.654    u_mimo_detector_top_seq/u_gs_solver_seq/x_re_reg[0][7]_i_119_n_0
                         CARRY4 (Prop_carry4_CI_CO[3])
                                                      0.117   157.771 r  u_mimo_detector_top_seq/u_gs_solver_seq/x_re_reg[0][7]_i_109/CO[3]
                         net (fo=1, unplaced)         0.000   157.771    u_mimo_detector_top_seq/u_gs_solver_seq/x_re_reg[0][7]_i_109_n_0
                         CARRY4 (Prop_carry4_CI_CO[3])
                                                      0.117   157.888 r  u_mimo_detector_top_seq/u_gs_solver_seq/x_re_reg[0][7]_i_99/CO[3]
                         net (fo=1, unplaced)         0.000   157.888    u_mimo_detector_top_seq/u_gs_solver_seq/x_re_reg[0][7]_i_99_n_0
                         CARRY4 (Prop_carry4_CI_CO[3])
                                                      0.117   158.005 r  u_mimo_detector_top_seq/u_gs_solver_seq/x_re_reg[0][7]_i_89/CO[3]
                         net (fo=1, unplaced)         0.000   158.005    u_mimo_detector_top_seq/u_gs_solver_seq/x_re_reg[0][7]_i_89_n_0
                         CARRY4 (Prop_carry4_CI_CO[3])
                                                      0.117   158.122 r  u_mimo_detector_top_seq/u_gs_solver_seq/x_re_reg[0][7]_i_79/CO[3]
                         net (fo=1, unplaced)         0.000   158.122    u_mimo_detector_top_seq/u_gs_solver_seq/x_re_reg[0][7]_i_79_n_0
                         CARRY4 (Prop_carry4_CI_CO[3])
                                                      0.117   158.239 r  u_mimo_detector_top_seq/u_gs_solver_seq/x_re_reg[0][7]_i_69/CO[3]
                         net (fo=1, unplaced)         0.000   158.239    u_mimo_detector_top_seq/u_gs_solver_seq/x_re_reg[0][7]_i_69_n_0
                         CARRY4 (Prop_carry4_CI_CO[3])
                                                      0.117   158.356 r  u_mimo_detector_top_seq/u_gs_solver_seq/x_re_reg[0][7]_i_59/CO[3]
                         net (fo=1, unplaced)         0.000   158.356    u_mimo_detector_top_seq/u_gs_solver_seq/x_re_reg[0][7]_i_59_n_0
                         CARRY4 (Prop_carry4_CI_CO[3])
                                                      0.117   158.473 r  u_mimo_detector_top_seq/u_gs_solver_seq/x_re_reg[0][7]_i_49/CO[3]
                         net (fo=1, unplaced)         0.000   158.473    u_mimo_detector_top_seq/u_gs_solver_seq/x_re_reg[0][7]_i_49_n_0
                         CARRY4 (Prop_carry4_CI_CO[3])
                                                      0.117   158.590 r  u_mimo_detector_top_seq/u_gs_solver_seq/x_re_reg[0][7]_i_39/CO[3]
                         net (fo=1, unplaced)         0.000   158.590    u_mimo_detector_top_seq/u_gs_solver_seq/x_re_reg[0][7]_i_39_n_0
                         CARRY4 (Prop_carry4_CI_CO[3])
                                                      0.117   158.707 r  u_mimo_detector_top_seq/u_gs_solver_seq/x_re_reg[0][7]_i_29/CO[3]
                         net (fo=1, unplaced)         0.000   158.707    u_mimo_detector_top_seq/u_gs_solver_seq/x_re_reg[0][7]_i_29_n_0
                         CARRY4 (Prop_carry4_CI_CO[3])
                                                      0.117   158.824 r  u_mimo_detector_top_seq/u_gs_solver_seq/x_re_reg[0][7]_i_19/CO[3]
                         net (fo=1, unplaced)         0.000   158.824    u_mimo_detector_top_seq/u_gs_solver_seq/x_re_reg[0][7]_i_19_n_0
                         CARRY4 (Prop_carry4_CI_CO[3])
                                                      0.117   158.941 r  u_mimo_detector_top_seq/u_gs_solver_seq/x_re_reg[0][7]_i_10/CO[3]
                         net (fo=1, unplaced)         0.000   158.941    u_mimo_detector_top_seq/u_gs_solver_seq/x_re_reg[0][7]_i_10_n_0
                         CARRY4 (Prop_carry4_CI_CO[1])
                                                      0.179   159.120 r  u_mimo_detector_top_seq/u_gs_solver_seq/x_re_reg[0][7]_i_6/CO[1]
                         net (fo=62, unplaced)        0.613   159.733    u_mimo_detector_top_seq/u_gs_solver_seq/p_2_out[6]
                         CARRY4 (Prop_carry4_CYINIT_CO[3])
                                                      0.803   160.536 r  u_mimo_detector_top_seq/u_gs_solver_seq/x_re_reg[0][6]_i_138/CO[3]
                         net (fo=1, unplaced)         0.009   160.545    u_mimo_detector_top_seq/u_gs_solver_seq/x_re_reg[0][6]_i_138_n_0
                         CARRY4 (Prop_carry4_CI_CO[3])
                                                      0.117   160.662 r  u_mimo_detector_top_seq/u_gs_solver_seq/x_re_reg[0][6]_i_128/CO[3]
                         net (fo=1, unplaced)         0.000   160.662    u_mimo_detector_top_seq/u_gs_solver_seq/x_re_reg[0][6]_i_128_n_0
                         CARRY4 (Prop_carry4_CI_CO[3])
                                                      0.117   160.779 r  u_mimo_detector_top_seq/u_gs_solver_seq/x_re_reg[0][6]_i_118/CO[3]
                         net (fo=1, unplaced)         0.000   160.779    u_mimo_detector_top_seq/u_gs_solver_seq/x_re_reg[0][6]_i_118_n_0
                         CARRY4 (Prop_carry4_CI_CO[3])
                                                      0.117   160.896 r  u_mimo_detector_top_seq/u_gs_solver_seq/x_re_reg[0][6]_i_108/CO[3]
                         net (fo=1, unplaced)         0.000   160.896    u_mimo_detector_top_seq/u_gs_solver_seq/x_re_reg[0][6]_i_108_n_0
                         CARRY4 (Prop_carry4_CI_CO[3])
                                                      0.117   161.013 r  u_mimo_detector_top_seq/u_gs_solver_seq/x_re_reg[0][6]_i_98/CO[3]
                         net (fo=1, unplaced)         0.000   161.013    u_mimo_detector_top_seq/u_gs_solver_seq/x_re_reg[0][6]_i_98_n_0
                         CARRY4 (Prop_carry4_CI_CO[3])
                                                      0.117   161.130 r  u_mimo_detector_top_seq/u_gs_solver_seq/x_re_reg[0][6]_i_88/CO[3]
                         net (fo=1, unplaced)         0.000   161.130    u_mimo_detector_top_seq/u_gs_solver_seq/x_re_reg[0][6]_i_88_n_0
                         CARRY4 (Prop_carry4_CI_CO[3])
                                                      0.117   161.247 r  u_mimo_detector_top_seq/u_gs_solver_seq/x_re_reg[0][6]_i_78/CO[3]
                         net (fo=1, unplaced)         0.000   161.247    u_mimo_detector_top_seq/u_gs_solver_seq/x_re_reg[0][6]_i_78_n_0
                         CARRY4 (Prop_carry4_CI_CO[3])
                                                      0.117   161.364 r  u_mimo_detector_top_seq/u_gs_solver_seq/x_re_reg[0][6]_i_68/CO[3]
                         net (fo=1, unplaced)         0.000   161.364    u_mimo_detector_top_seq/u_gs_solver_seq/x_re_reg[0][6]_i_68_n_0
                         CARRY4 (Prop_carry4_CI_CO[3])
                                                      0.117   161.481 r  u_mimo_detector_top_seq/u_gs_solver_seq/x_re_reg[0][6]_i_58/CO[3]
                         net (fo=1, unplaced)         0.000   161.481    u_mimo_detector_top_seq/u_gs_solver_seq/x_re_reg[0][6]_i_58_n_0
                         CARRY4 (Prop_carry4_CI_CO[3])
                                                      0.117   161.598 r  u_mimo_detector_top_seq/u_gs_solver_seq/x_re_reg[0][6]_i_48/CO[3]
                         net (fo=1, unplaced)         0.000   161.598    u_mimo_detector_top_seq/u_gs_solver_seq/x_re_reg[0][6]_i_48_n_0
                         CARRY4 (Prop_carry4_CI_CO[3])
                                                      0.117   161.715 r  u_mimo_detector_top_seq/u_gs_solver_seq/x_re_reg[0][6]_i_38/CO[3]
                         net (fo=1, unplaced)         0.000   161.715    u_mimo_detector_top_seq/u_gs_solver_seq/x_re_reg[0][6]_i_38_n_0
                         CARRY4 (Prop_carry4_CI_CO[3])
                                                      0.117   161.832 r  u_mimo_detector_top_seq/u_gs_solver_seq/x_re_reg[0][6]_i_28/CO[3]
                         net (fo=1, unplaced)         0.000   161.832    u_mimo_detector_top_seq/u_gs_solver_seq/x_re_reg[0][6]_i_28_n_0
                         CARRY4 (Prop_carry4_CI_CO[3])
                                                      0.117   161.949 r  u_mimo_detector_top_seq/u_gs_solver_seq/x_re_reg[0][6]_i_18/CO[3]
                         net (fo=1, unplaced)         0.000   161.949    u_mimo_detector_top_seq/u_gs_solver_seq/x_re_reg[0][6]_i_18_n_0
                         CARRY4 (Prop_carry4_CI_CO[3])
                                                      0.117   162.066 r  u_mimo_detector_top_seq/u_gs_solver_seq/x_re_reg[0][6]_i_10/CO[3]
                         net (fo=1, unplaced)         0.000   162.066    u_mimo_detector_top_seq/u_gs_solver_seq/x_re_reg[0][6]_i_10_n_0
                         CARRY4 (Prop_carry4_CI_CO[1])
                                                      0.179   162.245 r  u_mimo_detector_top_seq/u_gs_solver_seq/x_re_reg[0][6]_i_6/CO[1]
                         net (fo=62, unplaced)        0.613   162.858    u_mimo_detector_top_seq/u_gs_solver_seq/p_2_out[5]
                         CARRY4 (Prop_carry4_CYINIT_CO[3])
                                                      0.803   163.661 r  u_mimo_detector_top_seq/u_gs_solver_seq/x_re_reg[0][5]_i_138/CO[3]
                         net (fo=1, unplaced)         0.009   163.670    u_mimo_detector_top_seq/u_gs_solver_seq/x_re_reg[0][5]_i_138_n_0
                         CARRY4 (Prop_carry4_CI_CO[3])
                                                      0.117   163.787 r  u_mimo_detector_top_seq/u_gs_solver_seq/x_re_reg[0][5]_i_128/CO[3]
                         net (fo=1, unplaced)         0.000   163.787    u_mimo_detector_top_seq/u_gs_solver_seq/x_re_reg[0][5]_i_128_n_0
                         CARRY4 (Prop_carry4_CI_CO[3])
                                                      0.117   163.904 r  u_mimo_detector_top_seq/u_gs_solver_seq/x_re_reg[0][5]_i_118/CO[3]
                         net (fo=1, unplaced)         0.000   163.904    u_mimo_detector_top_seq/u_gs_solver_seq/x_re_reg[0][5]_i_118_n_0
                         CARRY4 (Prop_carry4_CI_CO[3])
                                                      0.117   164.021 r  u_mimo_detector_top_seq/u_gs_solver_seq/x_re_reg[0][5]_i_108/CO[3]
                         net (fo=1, unplaced)         0.000   164.021    u_mimo_detector_top_seq/u_gs_solver_seq/x_re_reg[0][5]_i_108_n_0
                         CARRY4 (Prop_carry4_CI_CO[3])
                                                      0.117   164.138 r  u_mimo_detector_top_seq/u_gs_solver_seq/x_re_reg[0][5]_i_98/CO[3]
                         net (fo=1, unplaced)         0.000   164.138    u_mimo_detector_top_seq/u_gs_solver_seq/x_re_reg[0][5]_i_98_n_0
                         CARRY4 (Prop_carry4_CI_CO[3])
                                                      0.117   164.255 r  u_mimo_detector_top_seq/u_gs_solver_seq/x_re_reg[0][5]_i_88/CO[3]
                         net (fo=1, unplaced)         0.000   164.255    u_mimo_detector_top_seq/u_gs_solver_seq/x_re_reg[0][5]_i_88_n_0
                         CARRY4 (Prop_carry4_CI_CO[3])
                                                      0.117   164.372 r  u_mimo_detector_top_seq/u_gs_solver_seq/x_re_reg[0][5]_i_78/CO[3]
                         net (fo=1, unplaced)         0.000   164.372    u_mimo_detector_top_seq/u_gs_solver_seq/x_re_reg[0][5]_i_78_n_0
                         CARRY4 (Prop_carry4_CI_CO[3])
                                                      0.117   164.489 r  u_mimo_detector_top_seq/u_gs_solver_seq/x_re_reg[0][5]_i_68/CO[3]
                         net (fo=1, unplaced)         0.000   164.489    u_mimo_detector_top_seq/u_gs_solver_seq/x_re_reg[0][5]_i_68_n_0
                         CARRY4 (Prop_carry4_CI_CO[3])
                                                      0.117   164.606 r  u_mimo_detector_top_seq/u_gs_solver_seq/x_re_reg[0][5]_i_58/CO[3]
                         net (fo=1, unplaced)         0.000   164.606    u_mimo_detector_top_seq/u_gs_solver_seq/x_re_reg[0][5]_i_58_n_0
                         CARRY4 (Prop_carry4_CI_CO[3])
                                                      0.117   164.723 r  u_mimo_detector_top_seq/u_gs_solver_seq/x_re_reg[0][5]_i_48/CO[3]
                         net (fo=1, unplaced)         0.000   164.723    u_mimo_detector_top_seq/u_gs_solver_seq/x_re_reg[0][5]_i_48_n_0
                         CARRY4 (Prop_carry4_CI_CO[3])
                                                      0.117   164.840 r  u_mimo_detector_top_seq/u_gs_solver_seq/x_re_reg[0][5]_i_38/CO[3]
                         net (fo=1, unplaced)         0.000   164.840    u_mimo_detector_top_seq/u_gs_solver_seq/x_re_reg[0][5]_i_38_n_0
                         CARRY4 (Prop_carry4_CI_CO[3])
                                                      0.117   164.957 r  u_mimo_detector_top_seq/u_gs_solver_seq/x_re_reg[0][5]_i_28/CO[3]
                         net (fo=1, unplaced)         0.000   164.957    u_mimo_detector_top_seq/u_gs_solver_seq/x_re_reg[0][5]_i_28_n_0
                         CARRY4 (Prop_carry4_CI_CO[3])
                                                      0.117   165.074 r  u_mimo_detector_top_seq/u_gs_solver_seq/x_re_reg[0][5]_i_18/CO[3]
                         net (fo=1, unplaced)         0.000   165.074    u_mimo_detector_top_seq/u_gs_solver_seq/x_re_reg[0][5]_i_18_n_0
                         CARRY4 (Prop_carry4_CI_CO[3])
                                                      0.117   165.191 r  u_mimo_detector_top_seq/u_gs_solver_seq/x_re_reg[0][5]_i_10/CO[3]
                         net (fo=1, unplaced)         0.000   165.191    u_mimo_detector_top_seq/u_gs_solver_seq/x_re_reg[0][5]_i_10_n_0
                         CARRY4 (Prop_carry4_CI_CO[1])
                                                      0.179   165.370 r  u_mimo_detector_top_seq/u_gs_solver_seq/x_re_reg[0][5]_i_6/CO[1]
                         net (fo=62, unplaced)        0.613   165.983    u_mimo_detector_top_seq/u_gs_solver_seq/p_2_out[4]
                         CARRY4 (Prop_carry4_CYINIT_CO[3])
                                                      0.803   166.786 r  u_mimo_detector_top_seq/u_gs_solver_seq/x_re_reg[0][4]_i_151/CO[3]
                         net (fo=1, unplaced)         0.009   166.795    u_mimo_detector_top_seq/u_gs_solver_seq/x_re_reg[0][4]_i_151_n_0
                         CARRY4 (Prop_carry4_CI_CO[3])
                                                      0.117   166.912 r  u_mimo_detector_top_seq/u_gs_solver_seq/x_re_reg[0][4]_i_141/CO[3]
                         net (fo=1, unplaced)         0.000   166.912    u_mimo_detector_top_seq/u_gs_solver_seq/x_re_reg[0][4]_i_141_n_0
                         CARRY4 (Prop_carry4_CI_CO[3])
                                                      0.117   167.029 r  u_mimo_detector_top_seq/u_gs_solver_seq/x_re_reg[0][4]_i_131/CO[3]
                         net (fo=1, unplaced)         0.000   167.029    u_mimo_detector_top_seq/u_gs_solver_seq/x_re_reg[0][4]_i_131_n_0
                         CARRY4 (Prop_carry4_CI_CO[3])
                                                      0.117   167.146 r  u_mimo_detector_top_seq/u_gs_solver_seq/x_re_reg[0][4]_i_121/CO[3]
                         net (fo=1, unplaced)         0.000   167.146    u_mimo_detector_top_seq/u_gs_solver_seq/x_re_reg[0][4]_i_121_n_0
                         CARRY4 (Prop_carry4_CI_CO[3])
                                                      0.117   167.263 r  u_mimo_detector_top_seq/u_gs_solver_seq/x_re_reg[0][4]_i_111/CO[3]
                         net (fo=1, unplaced)         0.000   167.263    u_mimo_detector_top_seq/u_gs_solver_seq/x_re_reg[0][4]_i_111_n_0
                         CARRY4 (Prop_carry4_CI_CO[3])
                                                      0.117   167.380 r  u_mimo_detector_top_seq/u_gs_solver_seq/x_re_reg[0][4]_i_101/CO[3]
                         net (fo=1, unplaced)         0.000   167.380    u_mimo_detector_top_seq/u_gs_solver_seq/x_re_reg[0][4]_i_101_n_0
                         CARRY4 (Prop_carry4_CI_CO[3])
                                                      0.117   167.497 r  u_mimo_detector_top_seq/u_gs_solver_seq/x_re_reg[0][4]_i_91/CO[3]
                         net (fo=1, unplaced)         0.000   167.497    u_mimo_detector_top_seq/u_gs_solver_seq/x_re_reg[0][4]_i_91_n_0
                         CARRY4 (Prop_carry4_CI_CO[3])
                                                      0.117   167.614 r  u_mimo_detector_top_seq/u_gs_solver_seq/x_re_reg[0][4]_i_81/CO[3]
                         net (fo=1, unplaced)         0.000   167.614    u_mimo_detector_top_seq/u_gs_solver_seq/x_re_reg[0][4]_i_81_n_0
                         CARRY4 (Prop_carry4_CI_CO[3])
                                                      0.117   167.731 r  u_mimo_detector_top_seq/u_gs_solver_seq/x_re_reg[0][4]_i_71/CO[3]
                         net (fo=1, unplaced)         0.000   167.731    u_mimo_detector_top_seq/u_gs_solver_seq/x_re_reg[0][4]_i_71_n_0
                         CARRY4 (Prop_carry4_CI_CO[3])
                                                      0.117   167.848 r  u_mimo_detector_top_seq/u_gs_solver_seq/x_re_reg[0][4]_i_61/CO[3]
                         net (fo=1, unplaced)         0.000   167.848    u_mimo_detector_top_seq/u_gs_solver_seq/x_re_reg[0][4]_i_61_n_0
                         CARRY4 (Prop_carry4_CI_CO[3])
                                                      0.117   167.965 r  u_mimo_detector_top_seq/u_gs_solver_seq/x_re_reg[0][4]_i_51/CO[3]
                         net (fo=1, unplaced)         0.000   167.965    u_mimo_detector_top_seq/u_gs_solver_seq/x_re_reg[0][4]_i_51_n_0
                         CARRY4 (Prop_carry4_CI_CO[3])
                                                      0.117   168.082 r  u_mimo_detector_top_seq/u_gs_solver_seq/x_re_reg[0][4]_i_41/CO[3]
                         net (fo=1, unplaced)         0.000   168.082    u_mimo_detector_top_seq/u_gs_solver_seq/x_re_reg[0][4]_i_41_n_0
                         CARRY4 (Prop_carry4_CI_CO[3])
                                                      0.117   168.199 r  u_mimo_detector_top_seq/u_gs_solver_seq/x_re_reg[0][4]_i_30/CO[3]
                         net (fo=1, unplaced)         0.000   168.199    u_mimo_detector_top_seq/u_gs_solver_seq/x_re_reg[0][4]_i_30_n_0
                         CARRY4 (Prop_carry4_CI_CO[3])
                                                      0.117   168.316 r  u_mimo_detector_top_seq/u_gs_solver_seq/x_re_reg[0][4]_i_22/CO[3]
                         net (fo=1, unplaced)         0.000   168.316    u_mimo_detector_top_seq/u_gs_solver_seq/x_re_reg[0][4]_i_22_n_0
                         CARRY4 (Prop_carry4_CI_CO[1])
                                                      0.179   168.495 r  u_mimo_detector_top_seq/u_gs_solver_seq/x_re_reg[0][4]_i_8/CO[1]
                         net (fo=62, unplaced)        0.613   169.108    u_mimo_detector_top_seq/u_gs_solver_seq/p_2_out[3]
                         CARRY4 (Prop_carry4_CYINIT_CO[3])
                                                      0.803   169.911 r  u_mimo_detector_top_seq/u_gs_solver_seq/x_re_reg[0][3]_i_138/CO[3]
                         net (fo=1, unplaced)         0.009   169.920    u_mimo_detector_top_seq/u_gs_solver_seq/x_re_reg[0][3]_i_138_n_0
                         CARRY4 (Prop_carry4_CI_CO[3])
                                                      0.117   170.037 r  u_mimo_detector_top_seq/u_gs_solver_seq/x_re_reg[0][3]_i_128/CO[3]
                         net (fo=1, unplaced)         0.000   170.037    u_mimo_detector_top_seq/u_gs_solver_seq/x_re_reg[0][3]_i_128_n_0
                         CARRY4 (Prop_carry4_CI_CO[3])
                                                      0.117   170.154 r  u_mimo_detector_top_seq/u_gs_solver_seq/x_re_reg[0][3]_i_118/CO[3]
                         net (fo=1, unplaced)         0.000   170.154    u_mimo_detector_top_seq/u_gs_solver_seq/x_re_reg[0][3]_i_118_n_0
                         CARRY4 (Prop_carry4_CI_CO[3])
                                                      0.117   170.271 r  u_mimo_detector_top_seq/u_gs_solver_seq/x_re_reg[0][3]_i_108/CO[3]
                         net (fo=1, unplaced)         0.000   170.271    u_mimo_detector_top_seq/u_gs_solver_seq/x_re_reg[0][3]_i_108_n_0
                         CARRY4 (Prop_carry4_CI_CO[3])
                                                      0.117   170.388 r  u_mimo_detector_top_seq/u_gs_solver_seq/x_re_reg[0][3]_i_98/CO[3]
                         net (fo=1, unplaced)         0.000   170.388    u_mimo_detector_top_seq/u_gs_solver_seq/x_re_reg[0][3]_i_98_n_0
                         CARRY4 (Prop_carry4_CI_CO[3])
                                                      0.117   170.505 r  u_mimo_detector_top_seq/u_gs_solver_seq/x_re_reg[0][3]_i_88/CO[3]
                         net (fo=1, unplaced)         0.000   170.505    u_mimo_detector_top_seq/u_gs_solver_seq/x_re_reg[0][3]_i_88_n_0
                         CARRY4 (Prop_carry4_CI_CO[3])
                                                      0.117   170.622 r  u_mimo_detector_top_seq/u_gs_solver_seq/x_re_reg[0][3]_i_78/CO[3]
                         net (fo=1, unplaced)         0.000   170.622    u_mimo_detector_top_seq/u_gs_solver_seq/x_re_reg[0][3]_i_78_n_0
                         CARRY4 (Prop_carry4_CI_CO[3])
                                                      0.117   170.739 r  u_mimo_detector_top_seq/u_gs_solver_seq/x_re_reg[0][3]_i_68/CO[3]
                         net (fo=1, unplaced)         0.000   170.739    u_mimo_detector_top_seq/u_gs_solver_seq/x_re_reg[0][3]_i_68_n_0
                         CARRY4 (Prop_carry4_CI_CO[3])
                                                      0.117   170.856 r  u_mimo_detector_top_seq/u_gs_solver_seq/x_re_reg[0][3]_i_58/CO[3]
                         net (fo=1, unplaced)         0.000   170.856    u_mimo_detector_top_seq/u_gs_solver_seq/x_re_reg[0][3]_i_58_n_0
                         CARRY4 (Prop_carry4_CI_CO[3])
                                                      0.117   170.973 r  u_mimo_detector_top_seq/u_gs_solver_seq/x_re_reg[0][3]_i_48/CO[3]
                         net (fo=1, unplaced)         0.000   170.973    u_mimo_detector_top_seq/u_gs_solver_seq/x_re_reg[0][3]_i_48_n_0
                         CARRY4 (Prop_carry4_CI_CO[3])
                                                      0.117   171.090 r  u_mimo_detector_top_seq/u_gs_solver_seq/x_re_reg[0][3]_i_38/CO[3]
                         net (fo=1, unplaced)         0.000   171.090    u_mimo_detector_top_seq/u_gs_solver_seq/x_re_reg[0][3]_i_38_n_0
                         CARRY4 (Prop_carry4_CI_CO[3])
                                                      0.117   171.207 r  u_mimo_detector_top_seq/u_gs_solver_seq/x_re_reg[0][3]_i_28/CO[3]
                         net (fo=1, unplaced)         0.000   171.207    u_mimo_detector_top_seq/u_gs_solver_seq/x_re_reg[0][3]_i_28_n_0
                         CARRY4 (Prop_carry4_CI_CO[3])
                                                      0.117   171.324 r  u_mimo_detector_top_seq/u_gs_solver_seq/x_re_reg[0][3]_i_18/CO[3]
                         net (fo=1, unplaced)         0.000   171.324    u_mimo_detector_top_seq/u_gs_solver_seq/x_re_reg[0][3]_i_18_n_0
                         CARRY4 (Prop_carry4_CI_CO[3])
                                                      0.117   171.441 r  u_mimo_detector_top_seq/u_gs_solver_seq/x_re_reg[0][3]_i_10/CO[3]
                         net (fo=1, unplaced)         0.000   171.441    u_mimo_detector_top_seq/u_gs_solver_seq/x_re_reg[0][3]_i_10_n_0
                         CARRY4 (Prop_carry4_CI_CO[1])
                                                      0.179   171.620 r  u_mimo_detector_top_seq/u_gs_solver_seq/x_re_reg[0][3]_i_6/CO[1]
                         net (fo=62, unplaced)        0.613   172.233    u_mimo_detector_top_seq/u_gs_solver_seq/p_2_out[2]
                         CARRY4 (Prop_carry4_CYINIT_CO[3])
                                                      0.803   173.036 r  u_mimo_detector_top_seq/u_gs_solver_seq/x_re_reg[0][2]_i_138/CO[3]
                         net (fo=1, unplaced)         0.009   173.045    u_mimo_detector_top_seq/u_gs_solver_seq/x_re_reg[0][2]_i_138_n_0
                         CARRY4 (Prop_carry4_CI_CO[3])
                                                      0.117   173.162 r  u_mimo_detector_top_seq/u_gs_solver_seq/x_re_reg[0][2]_i_128/CO[3]
                         net (fo=1, unplaced)         0.000   173.162    u_mimo_detector_top_seq/u_gs_solver_seq/x_re_reg[0][2]_i_128_n_0
                         CARRY4 (Prop_carry4_CI_CO[3])
                                                      0.117   173.279 r  u_mimo_detector_top_seq/u_gs_solver_seq/x_re_reg[0][2]_i_118/CO[3]
                         net (fo=1, unplaced)         0.000   173.279    u_mimo_detector_top_seq/u_gs_solver_seq/x_re_reg[0][2]_i_118_n_0
                         CARRY4 (Prop_carry4_CI_CO[3])
                                                      0.117   173.396 r  u_mimo_detector_top_seq/u_gs_solver_seq/x_re_reg[0][2]_i_108/CO[3]
                         net (fo=1, unplaced)         0.000   173.396    u_mimo_detector_top_seq/u_gs_solver_seq/x_re_reg[0][2]_i_108_n_0
                         CARRY4 (Prop_carry4_CI_CO[3])
                                                      0.117   173.513 r  u_mimo_detector_top_seq/u_gs_solver_seq/x_re_reg[0][2]_i_98/CO[3]
                         net (fo=1, unplaced)         0.000   173.513    u_mimo_detector_top_seq/u_gs_solver_seq/x_re_reg[0][2]_i_98_n_0
                         CARRY4 (Prop_carry4_CI_CO[3])
                                                      0.117   173.630 r  u_mimo_detector_top_seq/u_gs_solver_seq/x_re_reg[0][2]_i_88/CO[3]
                         net (fo=1, unplaced)         0.000   173.630    u_mimo_detector_top_seq/u_gs_solver_seq/x_re_reg[0][2]_i_88_n_0
                         CARRY4 (Prop_carry4_CI_CO[3])
                                                      0.117   173.747 r  u_mimo_detector_top_seq/u_gs_solver_seq/x_re_reg[0][2]_i_78/CO[3]
                         net (fo=1, unplaced)         0.000   173.747    u_mimo_detector_top_seq/u_gs_solver_seq/x_re_reg[0][2]_i_78_n_0
                         CARRY4 (Prop_carry4_CI_CO[3])
                                                      0.117   173.864 r  u_mimo_detector_top_seq/u_gs_solver_seq/x_re_reg[0][2]_i_68/CO[3]
                         net (fo=1, unplaced)         0.000   173.864    u_mimo_detector_top_seq/u_gs_solver_seq/x_re_reg[0][2]_i_68_n_0
                         CARRY4 (Prop_carry4_CI_CO[3])
                                                      0.117   173.981 r  u_mimo_detector_top_seq/u_gs_solver_seq/x_re_reg[0][2]_i_58/CO[3]
                         net (fo=1, unplaced)         0.000   173.981    u_mimo_detector_top_seq/u_gs_solver_seq/x_re_reg[0][2]_i_58_n_0
                         CARRY4 (Prop_carry4_CI_CO[3])
                                                      0.117   174.098 r  u_mimo_detector_top_seq/u_gs_solver_seq/x_re_reg[0][2]_i_48/CO[3]
                         net (fo=1, unplaced)         0.000   174.098    u_mimo_detector_top_seq/u_gs_solver_seq/x_re_reg[0][2]_i_48_n_0
                         CARRY4 (Prop_carry4_CI_CO[3])
                                                      0.117   174.215 r  u_mimo_detector_top_seq/u_gs_solver_seq/x_re_reg[0][2]_i_38/CO[3]
                         net (fo=1, unplaced)         0.000   174.215    u_mimo_detector_top_seq/u_gs_solver_seq/x_re_reg[0][2]_i_38_n_0
                         CARRY4 (Prop_carry4_CI_CO[3])
                                                      0.117   174.332 r  u_mimo_detector_top_seq/u_gs_solver_seq/x_re_reg[0][2]_i_28/CO[3]
                         net (fo=1, unplaced)         0.000   174.332    u_mimo_detector_top_seq/u_gs_solver_seq/x_re_reg[0][2]_i_28_n_0
                         CARRY4 (Prop_carry4_CI_CO[3])
                                                      0.117   174.449 r  u_mimo_detector_top_seq/u_gs_solver_seq/x_re_reg[0][2]_i_18/CO[3]
                         net (fo=1, unplaced)         0.000   174.449    u_mimo_detector_top_seq/u_gs_solver_seq/x_re_reg[0][2]_i_18_n_0
                         CARRY4 (Prop_carry4_CI_CO[3])
                                                      0.117   174.566 r  u_mimo_detector_top_seq/u_gs_solver_seq/x_re_reg[0][2]_i_10/CO[3]
                         net (fo=1, unplaced)         0.000   174.566    u_mimo_detector_top_seq/u_gs_solver_seq/x_re_reg[0][2]_i_10_n_0
                         CARRY4 (Prop_carry4_CI_CO[1])
                                                      0.179   174.745 r  u_mimo_detector_top_seq/u_gs_solver_seq/x_re_reg[0][2]_i_6/CO[1]
                         net (fo=62, unplaced)        0.613   175.358    u_mimo_detector_top_seq/u_gs_solver_seq/p_2_out[1]
                         CARRY4 (Prop_carry4_CYINIT_CO[3])
                                                      0.803   176.161 r  u_mimo_detector_top_seq/u_gs_solver_seq/x_re_reg[0][1]_i_138/CO[3]
                         net (fo=1, unplaced)         0.009   176.170    u_mimo_detector_top_seq/u_gs_solver_seq/x_re_reg[0][1]_i_138_n_0
                         CARRY4 (Prop_carry4_CI_CO[3])
                                                      0.117   176.287 r  u_mimo_detector_top_seq/u_gs_solver_seq/x_re_reg[0][1]_i_128/CO[3]
                         net (fo=1, unplaced)         0.000   176.287    u_mimo_detector_top_seq/u_gs_solver_seq/x_re_reg[0][1]_i_128_n_0
                         CARRY4 (Prop_carry4_CI_CO[3])
                                                      0.117   176.404 r  u_mimo_detector_top_seq/u_gs_solver_seq/x_re_reg[0][1]_i_118/CO[3]
                         net (fo=1, unplaced)         0.000   176.404    u_mimo_detector_top_seq/u_gs_solver_seq/x_re_reg[0][1]_i_118_n_0
                         CARRY4 (Prop_carry4_CI_CO[3])
                                                      0.117   176.521 r  u_mimo_detector_top_seq/u_gs_solver_seq/x_re_reg[0][1]_i_108/CO[3]
                         net (fo=1, unplaced)         0.000   176.521    u_mimo_detector_top_seq/u_gs_solver_seq/x_re_reg[0][1]_i_108_n_0
                         CARRY4 (Prop_carry4_CI_CO[3])
                                                      0.117   176.638 r  u_mimo_detector_top_seq/u_gs_solver_seq/x_re_reg[0][1]_i_98/CO[3]
                         net (fo=1, unplaced)         0.000   176.638    u_mimo_detector_top_seq/u_gs_solver_seq/x_re_reg[0][1]_i_98_n_0
                         CARRY4 (Prop_carry4_CI_CO[3])
                                                      0.117   176.755 r  u_mimo_detector_top_seq/u_gs_solver_seq/x_re_reg[0][1]_i_88/CO[3]
                         net (fo=1, unplaced)         0.000   176.755    u_mimo_detector_top_seq/u_gs_solver_seq/x_re_reg[0][1]_i_88_n_0
                         CARRY4 (Prop_carry4_CI_CO[3])
                                                      0.117   176.872 r  u_mimo_detector_top_seq/u_gs_solver_seq/x_re_reg[0][1]_i_78/CO[3]
                         net (fo=1, unplaced)         0.000   176.872    u_mimo_detector_top_seq/u_gs_solver_seq/x_re_reg[0][1]_i_78_n_0
                         CARRY4 (Prop_carry4_CI_CO[3])
                                                      0.117   176.989 r  u_mimo_detector_top_seq/u_gs_solver_seq/x_re_reg[0][1]_i_68/CO[3]
                         net (fo=1, unplaced)         0.000   176.989    u_mimo_detector_top_seq/u_gs_solver_seq/x_re_reg[0][1]_i_68_n_0
                         CARRY4 (Prop_carry4_CI_CO[3])
                                                      0.117   177.106 r  u_mimo_detector_top_seq/u_gs_solver_seq/x_re_reg[0][1]_i_58/CO[3]
                         net (fo=1, unplaced)         0.000   177.106    u_mimo_detector_top_seq/u_gs_solver_seq/x_re_reg[0][1]_i_58_n_0
                         CARRY4 (Prop_carry4_CI_CO[3])
                                                      0.117   177.223 r  u_mimo_detector_top_seq/u_gs_solver_seq/x_re_reg[0][1]_i_48/CO[3]
                         net (fo=1, unplaced)         0.000   177.223    u_mimo_detector_top_seq/u_gs_solver_seq/x_re_reg[0][1]_i_48_n_0
                         CARRY4 (Prop_carry4_CI_CO[3])
                                                      0.117   177.340 r  u_mimo_detector_top_seq/u_gs_solver_seq/x_re_reg[0][1]_i_38/CO[3]
                         net (fo=1, unplaced)         0.000   177.340    u_mimo_detector_top_seq/u_gs_solver_seq/x_re_reg[0][1]_i_38_n_0
                         CARRY4 (Prop_carry4_CI_CO[3])
                                                      0.117   177.457 r  u_mimo_detector_top_seq/u_gs_solver_seq/x_re_reg[0][1]_i_28/CO[3]
                         net (fo=1, unplaced)         0.000   177.457    u_mimo_detector_top_seq/u_gs_solver_seq/x_re_reg[0][1]_i_28_n_0
                         CARRY4 (Prop_carry4_CI_CO[3])
                                                      0.117   177.574 r  u_mimo_detector_top_seq/u_gs_solver_seq/x_re_reg[0][1]_i_18/CO[3]
                         net (fo=1, unplaced)         0.000   177.574    u_mimo_detector_top_seq/u_gs_solver_seq/x_re_reg[0][1]_i_18_n_0
                         CARRY4 (Prop_carry4_CI_CO[3])
                                                      0.117   177.691 r  u_mimo_detector_top_seq/u_gs_solver_seq/x_re_reg[0][1]_i_10/CO[3]
                         net (fo=1, unplaced)         0.000   177.691    u_mimo_detector_top_seq/u_gs_solver_seq/x_re_reg[0][1]_i_10_n_0
                         CARRY4 (Prop_carry4_CI_CO[1])
                                                      0.179   177.870 r  u_mimo_detector_top_seq/u_gs_solver_seq/x_re_reg[0][1]_i_6/CO[1]
                         net (fo=62, unplaced)        0.613   178.483    u_mimo_detector_top_seq/u_gs_solver_seq/p_2_out[0]
                         CARRY4 (Prop_carry4_CYINIT_CO[3])
                                                      0.803   179.286 r  u_mimo_detector_top_seq/u_gs_solver_seq/x_re_reg[0][0]_i_134/CO[3]
                         net (fo=1, unplaced)         0.009   179.295    u_mimo_detector_top_seq/u_gs_solver_seq/x_re_reg[0][0]_i_134_n_0
                         CARRY4 (Prop_carry4_CI_CO[3])
                                                      0.117   179.412 r  u_mimo_detector_top_seq/u_gs_solver_seq/x_re_reg[0][0]_i_121/CO[3]
                         net (fo=1, unplaced)         0.000   179.412    u_mimo_detector_top_seq/u_gs_solver_seq/x_re_reg[0][0]_i_121_n_0
                         CARRY4 (Prop_carry4_CI_CO[3])
                                                      0.117   179.529 r  u_mimo_detector_top_seq/u_gs_solver_seq/x_re_reg[0][0]_i_108/CO[3]
                         net (fo=1, unplaced)         0.000   179.529    u_mimo_detector_top_seq/u_gs_solver_seq/x_re_reg[0][0]_i_108_n_0
                         CARRY4 (Prop_carry4_CI_CO[3])
                                                      0.117   179.646 r  u_mimo_detector_top_seq/u_gs_solver_seq/x_re_reg[0][0]_i_98/CO[3]
                         net (fo=1, unplaced)         0.000   179.646    u_mimo_detector_top_seq/u_gs_solver_seq/x_re_reg[0][0]_i_98_n_0
                         CARRY4 (Prop_carry4_CI_CO[3])
                                                      0.117   179.763 r  u_mimo_detector_top_seq/u_gs_solver_seq/x_re_reg[0][0]_i_88/CO[3]
                         net (fo=1, unplaced)         0.000   179.763    u_mimo_detector_top_seq/u_gs_solver_seq/x_re_reg[0][0]_i_88_n_0
                         CARRY4 (Prop_carry4_CI_CO[3])
                                                      0.117   179.880 r  u_mimo_detector_top_seq/u_gs_solver_seq/x_re_reg[0][0]_i_78/CO[3]
                         net (fo=1, unplaced)         0.000   179.880    u_mimo_detector_top_seq/u_gs_solver_seq/x_re_reg[0][0]_i_78_n_0
                         CARRY4 (Prop_carry4_CI_CO[3])
                                                      0.117   179.997 r  u_mimo_detector_top_seq/u_gs_solver_seq/x_re_reg[0][0]_i_68/CO[3]
                         net (fo=1, unplaced)         0.000   179.997    u_mimo_detector_top_seq/u_gs_solver_seq/x_re_reg[0][0]_i_68_n_0
                         CARRY4 (Prop_carry4_CI_CO[3])
                                                      0.117   180.114 r  u_mimo_detector_top_seq/u_gs_solver_seq/x_re_reg[0][0]_i_58/CO[3]
                         net (fo=1, unplaced)         0.000   180.114    u_mimo_detector_top_seq/u_gs_solver_seq/x_re_reg[0][0]_i_58_n_0
                         CARRY4 (Prop_carry4_CI_CO[3])
                                                      0.117   180.231 r  u_mimo_detector_top_seq/u_gs_solver_seq/x_re_reg[0][0]_i_48/CO[3]
                         net (fo=1, unplaced)         0.000   180.231    u_mimo_detector_top_seq/u_gs_solver_seq/x_re_reg[0][0]_i_48_n_0
                         CARRY4 (Prop_carry4_CI_CO[3])
                                                      0.117   180.348 r  u_mimo_detector_top_seq/u_gs_solver_seq/x_re_reg[0][0]_i_38/CO[3]
                         net (fo=1, unplaced)         0.000   180.348    u_mimo_detector_top_seq/u_gs_solver_seq/x_re_reg[0][0]_i_38_n_0
                         CARRY4 (Prop_carry4_CI_CO[3])
                                                      0.117   180.465 r  u_mimo_detector_top_seq/u_gs_solver_seq/x_re_reg[0][0]_i_28/CO[3]
                         net (fo=1, unplaced)         0.000   180.465    u_mimo_detector_top_seq/u_gs_solver_seq/x_re_reg[0][0]_i_28_n_0
                         CARRY4 (Prop_carry4_CI_CO[3])
                                                      0.117   180.582 r  u_mimo_detector_top_seq/u_gs_solver_seq/x_re_reg[0][0]_i_18/CO[3]
                         net (fo=1, unplaced)         0.000   180.582    u_mimo_detector_top_seq/u_gs_solver_seq/x_re_reg[0][0]_i_18_n_0
                         CARRY4 (Prop_carry4_CI_CO[3])
                                                      0.117   180.699 r  u_mimo_detector_top_seq/u_gs_solver_seq/x_re_reg[0][0]_i_8/CO[3]
                         net (fo=1, unplaced)         0.000   180.699    u_mimo_detector_top_seq/u_gs_solver_seq/x_re_reg[0][0]_i_8_n_0
                         CARRY4 (Prop_carry4_CI_CO[3])
                                                      0.117   180.816 r  u_mimo_detector_top_seq/u_gs_solver_seq/x_re_reg[0][0]_i_4/CO[3]
                         net (fo=1, unplaced)         0.000   180.816    u_mimo_detector_top_seq/u_gs_solver_seq/x_re_reg[0][0]_i_4_n_0
                         CARRY4 (Prop_carry4_CI_CO[0])
                                                      0.281   181.097 f  u_mimo_detector_top_seq/u_gs_solver_seq/x_re_reg[0][0]_i_2/CO[0]
                         net (fo=2, unplaced)         0.322   181.419    u_mimo_detector_top_seq/u_gs_solver_seq/x_re_reg[0][0]_i_2_n_3
                         LUT1 (Prop_lut1_I0_O)        0.367   181.786 r  u_mimo_detector_top_seq/u_gs_solver_seq/x_re[0][4]_i_17/O
                         net (fo=1, unplaced)         0.333   182.119    u_mimo_detector_top_seq/u_gs_solver_seq/x_re[0][4]_i_17_n_0
                         CARRY4 (Prop_carry4_CYINIT_CO[3])
                                                      0.595   182.714 r  u_mimo_detector_top_seq/u_gs_solver_seq/x_re_reg[0][4]_i_7/CO[3]
                         net (fo=1, unplaced)         0.009   182.723    u_mimo_detector_top_seq/u_gs_solver_seq/x_re_reg[0][4]_i_7_n_0
                         CARRY4 (Prop_carry4_CI_CO[3])
                                                      0.117   182.840 r  u_mimo_detector_top_seq/u_gs_solver_seq/x_re_reg[0][8]_i_7/CO[3]
                         net (fo=1, unplaced)         0.000   182.840    u_mimo_detector_top_seq/u_gs_solver_seq/x_re_reg[0][8]_i_7_n_0
                         CARRY4 (Prop_carry4_CI_CO[3])
                                                      0.117   182.957 r  u_mimo_detector_top_seq/u_gs_solver_seq/x_re_reg[0][12]_i_7/CO[3]
                         net (fo=1, unplaced)         0.000   182.957    u_mimo_detector_top_seq/u_gs_solver_seq/x_re_reg[0][12]_i_7_n_0
                         CARRY4 (Prop_carry4_CI_CO[3])
                                                      0.117   183.074 r  u_mimo_detector_top_seq/u_gs_solver_seq/x_re_reg[0][16]_i_7/CO[3]
                         net (fo=1, unplaced)         0.000   183.074    u_mimo_detector_top_seq/u_gs_solver_seq/x_re_reg[0][16]_i_7_n_0
                         CARRY4 (Prop_carry4_CI_O[3])
                                                      0.331   183.405 r  u_mimo_detector_top_seq/u_gs_solver_seq/x_re_reg[0][21]_i_25/O[3]
                         net (fo=1, unplaced)         0.618   184.023    u_mimo_detector_top_seq/u_gs_solver_seq/x_re_reg[0][21]_i_25_n_4
                         LUT3 (Prop_lut3_I2_O)        0.307   184.330 f  u_mimo_detector_top_seq/u_gs_solver_seq/x_re[0][20]_i_3/O
                         net (fo=1, unplaced)         0.449   184.779    u_mimo_detector_top_seq/u_gs_solver_seq/x_re[0][20]_i_3_n_0
                         LUT6 (Prop_lut6_I2_O)        0.124   184.903 r  u_mimo_detector_top_seq/u_gs_solver_seq/x_re[0][20]_i_1/O
                         net (fo=4, unplaced)         0.000   184.903    u_mimo_detector_top_seq/u_gs_solver_seq/p_1_in__0[20]
                         FDCE                                         r  u_mimo_detector_top_seq/u_gs_solver_seq/x_re_reg[0][20]/D
  -------------------------------------------------------------------    -------------------

                         (clock clk rise edge)       10.000    10.000 r  
                                                      0.000    10.000 r  clk (IN)
                         net (fo=2126, unset)         0.924    10.924    u_mimo_detector_top_seq/u_gs_solver_seq/clk
                         FDCE                                         r  u_mimo_detector_top_seq/u_gs_solver_seq/x_re_reg[0][20]/C
                         clock pessimism              0.000    10.924    
                         clock uncertainty           -0.035    10.889    
                         FDCE (Setup_fdce_C_D)        0.029    10.918    u_mimo_detector_top_seq/u_gs_solver_seq/x_re_reg[0][20]
  -------------------------------------------------------------------
                         required time                         10.918    
                         arrival time                        -184.902    
  -------------------------------------------------------------------
                         slack                               -173.984    





Min Delay Paths
--------------------------------------------------------------------------------------
Slack (MET) :             0.258ns  (arrival time - required time)
  Source:                 u_mimo_detector_top_seq/busy_reg/C
                            (rising edge-triggered cell FDCE clocked by clk  {rise@0.000ns fall@5.000ns period=10.000ns})
  Destination:            u_mimo_detector_top_seq/busy_reg/D
                            (rising edge-triggered cell FDCE clocked by clk  {rise@0.000ns fall@5.000ns period=10.000ns})
  Path Group:             clk
  Path Type:              Hold (Min at Fast Process Corner)
  Requirement:            0.000ns  (clk rise@0.000ns - clk rise@0.000ns)
  Data Path Delay:        0.370ns  (logic 0.239ns (64.578%)  route 0.131ns (35.422%))
  Logic Levels:           1  (LUT4=1)
  Clock Path Skew:        0.022ns (DCD - SCD - CPR)
    Destination Clock Delay (DCD):    0.432ns
    Source Clock Delay      (SCD):    0.410ns
    Clock Pessimism Removal (CPR):    -0.000ns

    Location             Delay type                Incr(ns)  Path(ns)    Netlist Resource(s)
  -------------------------------------------------------------------    -------------------
                         (clock clk rise edge)        0.000     0.000 r  
                                                      0.000     0.000 r  clk (IN)
                         net (fo=2126, unset)         0.410     0.410    u_mimo_detector_top_seq/clk
                         FDCE                                         r  u_mimo_detector_top_seq/busy_reg/C
  -------------------------------------------------------------------    -------------------
                         FDCE (Prop_fdce_C_Q)         0.141     0.551 r  u_mimo_detector_top_seq/busy_reg/Q
                         net (fo=1, unplaced)         0.131     0.682    u_mimo_detector_top_seq/busy
                         LUT4 (Prop_lut4_I3_O)        0.098     0.780 r  u_mimo_detector_top_seq/busy_i_1/O
                         net (fo=1, unplaced)         0.000     0.780    u_mimo_detector_top_seq/busy_i_1_n_0
                         FDCE                                         r  u_mimo_detector_top_seq/busy_reg/D
  -------------------------------------------------------------------    -------------------

                         (clock clk rise edge)        0.000     0.000 r  
                                                      0.000     0.000 r  clk (IN)
                         net (fo=2126, unset)         0.432     0.432    u_mimo_detector_top_seq/clk
                         FDCE                                         r  u_mimo_detector_top_seq/busy_reg/C
                         clock pessimism              0.000     0.432    
                         FDCE (Hold_fdce_C_D)         0.091     0.523    u_mimo_detector_top_seq/busy_reg
  -------------------------------------------------------------------
                         required time                         -0.523    
                         arrival time                           0.780    
  -------------------------------------------------------------------
                         slack                                  0.258    





Pulse Width Checks
--------------------------------------------------------------------------------------
Clock Name:         clk
Waveform(ns):       { 0.000 5.000 }
Period(ns):         10.000
Sources:            { clk }

Check Type        Corner  Lib Pin  Reference Pin  Required(ns)  Actual(ns)  Slack(ns)  Location  Pin
Min Period        n/a     FDPE/C   n/a            1.000         10.000      9.000                u_mimo_detector_top_seq/FSM_onehot_state_reg[0]/C
Low Pulse Width   Slow    FDPE/C   n/a            0.500         5.000       4.500                u_mimo_detector_top_seq/FSM_onehot_state_reg[0]/C
High Pulse Width  Slow    FDPE/C   n/a            0.500         5.000       4.500                u_mimo_detector_top_seq/FSM_onehot_state_reg[0]/C



